case_id,patch_id,augmentation_i,augmentation_j,topk_ratio,k,spearman_bgs,jaccard_bgs,cosine_bgs
06SR5RBREL16DQ6M8LWS,1,identity,flip_axis0,0.125,8,0.8920787545787545,0.6,0.8967443646825919
06SR5RBREL16DQ6M8LWS,1,identity,flip_axis0,0.25,16,0.8920787545787545,0.6,0.8967443646825919
06SR5RBREL16DQ6M8LWS,1,identity,flip_axis1,0.125,8,0.9140567765567765,0.7777777777777778,0.9386366670877802
06SR5RBREL16DQ6M8LWS,1,identity,flip_axis1,0.25,16,0.9140567765567765,0.7777777777777778,0.9386366670877802
06SR5RBREL16DQ6M8LWS,1,identity,rot90_axes01,0.125,8,0.7832417582417581,1.0,0.81122961426419
06SR5RBREL16DQ6M8LWS,1,identity,rot90_axes01,0.25,16,0.7832417582417581,0.6,0.81122961426419
06SR5RBREL16DQ6M8LWS,1,flip_axis0,flip_axis1,0.125,8,0.8635531135531134,0.45454545454545453,0.8704277277987933
06SR5RBREL16DQ6M8LWS,1,flip_axis0,flip_axis1,0.25,16,0.8635531135531134,0.6842105263157895,0.8704277277987933
06SR5RBREL16DQ6M8LWS,1,flip_axis0,rot90_axes01,0.125,8,0.7709706959706959,0.6,0.8020501914323263
06SR5RBREL16DQ6M8LWS,1,flip_axis0,rot90_axes01,0.25,16,0.7709706959706959,0.6,0.8020501914323263
06SR5RBREL16DQ6M8LWS,1,flip_axis1,rot90_axes01,0.125,8,0.844230769230769,0.7777777777777778,0.8747848588396432
06SR5RBREL16DQ6M8LWS,1,flip_axis1,rot90_axes01,0.25,16,0.844230769230769,0.6842105263157895,0.8747848588396432
06SR5RBREL16DQ6M8LWS,2,identity,flip_axis0,0.125,8,0.8812271062271062,0.7777777777777778,0.8812548746565072
06SR5RBREL16DQ6M8LWS,2,identity,flip_axis0,0.25,16,0.8812271062271062,0.7777777777777778,0.8812548746565072
06SR5RBREL16DQ6M8LWS,2,identity,flip_axis1,0.125,8,0.9336996336996335,0.7777777777777778,0.9520930365894201
06SR5RBREL16DQ6M8LWS,2,identity,flip_axis1,0.25,16,0.9336996336996335,0.7777777777777778,0.9520930365894201
06SR5RBREL16DQ6M8LWS,2,identity,rot90_axes01,0.125,8,0.7954670329670329,0.6,0.8184096490865808
06SR5RBREL16DQ6M8LWS,2,identity,rot90_axes01,0.25,16,0.7954670329670329,0.6,0.8184096490865808
06SR5RBREL16DQ6M8LWS,2,flip_axis0,flip_axis1,0.125,8,0.8867216117216116,0.6,0.8871955950681134
06SR5RBREL16DQ6M8LWS,2,flip_axis0,flip_axis1,0.25,16,0.8867216117216116,0.6,0.8871955950681134
06SR5RBREL16DQ6M8LWS,2,flip_axis0,rot90_axes01,0.125,8,0.853617216117216,0.45454545454545453,0.8657666079793622
06SR5RBREL16DQ6M8LWS,2,flip_axis0,rot90_axes01,0.25,16,0.853617216117216,0.6842105263157895,0.8657666079793622
06SR5RBREL16DQ6M8LWS,2,flip_axis1,rot90_axes01,0.125,8,0.8616758241758241,0.6,0.8732696525418332
06SR5RBREL16DQ6M8LWS,2,flip_axis1,rot90_axes01,0.25,16,0.8616758241758241,0.6842105263157895,0.8732696525418332
06SR5RBREL16DQ6M8LWS,3,identity,flip_axis0,0.125,8,0.8344780219780219,0.45454545454545453,0.8661349999556082
06SR5RBREL16DQ6M8LWS,3,identity,flip_axis0,0.25,16,0.8344780219780219,0.391304347826087,0.8661349999556082
06SR5RBREL16DQ6M8LWS,3,identity,flip_axis1,0.125,8,0.9530677655677654,0.6,0.9625992256201555
06SR5RBREL16DQ6M8LWS,3,identity,flip_axis1,0.25,16,0.9530677655677654,0.6842105263157895,0.9625992256201555
06SR5RBREL16DQ6M8LWS,3,identity,rot90_axes01,0.125,8,0.7452380952380951,0.3333333333333333,0.8343064225002734
06SR5RBREL16DQ6M8LWS,3,identity,rot90_axes01,0.25,16,0.7452380952380951,0.5238095238095238,0.8343064225002734
06SR5RBREL16DQ6M8LWS,3,flip_axis0,flip_axis1,0.125,8,0.8474816849816849,0.45454545454545453,0.869781203715398
06SR5RBREL16DQ6M8LWS,3,flip_axis0,flip_axis1,0.25,16,0.8474816849816849,0.5238095238095238,0.869781203715398
06SR5RBREL16DQ6M8LWS,3,flip_axis0,rot90_axes01,0.125,8,0.6864468864468863,0.45454545454545453,0.7758970089161392
06SR5RBREL16DQ6M8LWS,3,flip_axis0,rot90_axes01,0.25,16,0.6864468864468863,0.45454545454545453,0.7758970089161392
06SR5RBREL16DQ6M8LWS,3,flip_axis1,rot90_axes01,0.125,8,0.784065934065934,0.23076923076923078,0.8492388248079294
06SR5RBREL16DQ6M8LWS,3,flip_axis1,rot90_axes01,0.25,16,0.784065934065934,0.5238095238095238,0.8492388248079294
0RZDK210BSMWAA6467LU,1,identity,flip_axis0,0.125,8,0.9266483516483517,0.6,0.9727428760891352
0RZDK210BSMWAA6467LU,1,identity,flip_axis0,0.25,16,0.9266483516483517,0.7777777777777778,0.9727428760891352
0RZDK210BSMWAA6467LU,1,identity,flip_axis1,0.125,8,0.9020146520146518,0.45454545454545453,0.9399171723304376
0RZDK210BSMWAA6467LU,1,identity,flip_axis1,0.25,16,0.9020146520146518,0.6842105263157895,0.9399171723304376
0RZDK210BSMWAA6467LU,1,identity,rot90_axes01,0.125,8,0.8605311355311354,0.6,0.9231587842688954
0RZDK210BSMWAA6467LU,1,identity,rot90_axes01,0.25,16,0.8605311355311354,0.45454545454545453,0.9231587842688954
0RZDK210BSMWAA6467LU,1,flip_axis0,flip_axis1,0.125,8,0.865201465201465,0.6,0.9267881817618134
0RZDK210BSMWAA6467LU,1,flip_axis0,flip_axis1,0.25,16,0.865201465201465,0.6842105263157895,0.9267881817618134
0RZDK210BSMWAA6467LU,1,flip_axis0,rot90_axes01,0.125,8,0.8326923076923075,0.45454545454545453,0.9123030917246284
0RZDK210BSMWAA6467LU,1,flip_axis0,rot90_axes01,0.25,16,0.8326923076923075,0.45454545454545453,0.9123030917246284
0RZDK210BSMWAA6467LU,1,flip_axis1,rot90_axes01,0.125,8,0.9290750915750915,0.6,0.9557637690043173
0RZDK210BSMWAA6467LU,1,flip_axis1,rot90_axes01,0.25,16,0.9290750915750915,0.6,0.9557637690043173
0RZDK210BSMWAA6467LU,2,identity,flip_axis0,0.125,8,0.8458333333333332,0.6,0.9322211069370563
0RZDK210BSMWAA6467LU,2,identity,flip_axis0,0.25,16,0.8458333333333332,0.6,0.9322211069370563
0RZDK210BSMWAA6467LU,2,identity,flip_axis1,0.125,8,0.9454670329670328,0.45454545454545453,0.9607343433300237
0RZDK210BSMWAA6467LU,2,identity,flip_axis1,0.25,16,0.9454670329670328,0.7777777777777778,0.9607343433300237
0RZDK210BSMWAA6467LU,2,identity,rot90_axes01,0.125,8,0.8660714285714286,0.3333333333333333,0.9255201688277012
0RZDK210BSMWAA6467LU,2,identity,rot90_axes01,0.25,16,0.8660714285714286,0.6842105263157895,0.9255201688277012
0RZDK210BSMWAA6467LU,2,flip_axis0,flip_axis1,0.125,8,0.8081959706959706,0.6,0.8994738077927007
0RZDK210BSMWAA6467LU,2,flip_axis0,flip_axis1,0.25,16,0.8081959706959706,0.5238095238095238,0.8994738077927007
0RZDK210BSMWAA6467LU,2,flip_axis0,rot90_axes01,0.125,8,0.8204670329670327,0.45454545454545453,0.9191131084504457
0RZDK210BSMWAA6467LU,2,flip_axis0,rot90_axes01,0.25,16,0.8204670329670327,0.5238095238095238,0.9191131084504457
0RZDK210BSMWAA6467LU,2,flip_axis1,rot90_axes01,0.125,8,0.9089285714285714,0.6,0.9477315089775022
0RZDK210BSMWAA6467LU,2,flip_axis1,rot90_axes01,0.25,16,0.9089285714285714,0.6,0.9477315089775022
0RZDK210BSMWAA6467LU,3,identity,flip_axis0,0.125,8,0.9826923076923074,0.6,0.9913925613183973
0RZDK210BSMWAA6467LU,3,identity,flip_axis0,0.25,16,0.9826923076923074,0.8823529411764706,0.9913925613183973
0RZDK210BSMWAA6467LU,3,identity,flip_axis1,0.125,8,0.9009615384615384,0.6,0.9321996412992504
0RZDK210BSMWAA6467LU,3,identity,flip_axis1,0.25,16,0.9009615384615384,0.6,0.9321996412992504
0RZDK210BSMWAA6467LU,3,identity,rot90_axes01,0.125,8,0.8951007326007325,0.6,0.9275787995468464
0RZDK210BSMWAA6467LU,3,identity,rot90_axes01,0.25,16,0.8951007326007325,0.7777777777777778,0.9275787995468464
0RZDK210BSMWAA6467LU,3,flip_axis0,flip_axis1,0.125,8,0.8880952380952379,0.6,0.9251288470939598
0RZDK210BSMWAA6467LU,3,flip_axis0,flip_axis1,0.25,16,0.8880952380952379,0.6,0.9251288470939598
0RZDK210BSMWAA6467LU,3,flip_axis0,rot90_axes01,0.125,8,0.8777014652014651,0.45454545454545453,0.9173040442483618
0RZDK210BSMWAA6467LU,3,flip_axis0,rot90_axes01,0.25,16,0.8777014652014651,0.6842105263157895,0.9173040442483618
0RZDK210BSMWAA6467LU,3,flip_axis1,rot90_axes01,0.125,8,0.952518315018315,0.7777777777777778,0.9688720026888901
0RZDK210BSMWAA6467LU,3,flip_axis1,rot90_axes01,0.25,16,0.952518315018315,0.6842105263157895,0.9688720026888901
1D7CUD1955YZPGK8XHJX,1,identity,flip_axis0,0.125,8,0.5619047619047618,0.06666666666666667,0.7149935561424213
1D7CUD1955YZPGK8XHJX,1,identity,flip_axis0,0.25,16,0.5619047619047618,0.23076923076923078,0.7149935561424213
1D7CUD1955YZPGK8XHJX,1,identity,flip_axis1,0.125,8,0.698168498168498,0.45454545454545453,0.8181457753718053
1D7CUD1955YZPGK8XHJX,1,identity,flip_axis1,0.25,16,0.698168498168498,0.391304347826087,0.8181457753718053
1D7CUD1955YZPGK8XHJX,1,identity,rot90_axes01,0.125,8,0.6345238095238094,0.23076923076923078,0.7060184780540402
1D7CUD1955YZPGK8XHJX,1,identity,rot90_axes01,0.25,16,0.6345238095238094,0.28,0.7060184780540402
1D7CUD1955YZPGK8XHJX,1,flip_axis0,flip_axis1,0.125,8,0.5766941391941391,0.23076923076923078,0.7138962599201838
1D7CUD1955YZPGK8XHJX,1,flip_axis0,flip_axis1,0.25,16,0.5766941391941391,0.3333333333333333,0.7138962599201838
1D7CUD1955YZPGK8XHJX,1,flip_axis0,rot90_axes01,0.125,8,0.8255036630036628,0.23076923076923078,0.8886983818198848
1D7CUD1955YZPGK8XHJX,1,flip_axis0,rot90_axes01,0.25,16,0.8255036630036628,0.6,0.8886983818198848
1D7CUD1955YZPGK8XHJX,1,flip_axis1,rot90_axes01,0.125,8,0.7063644688644688,0.3333333333333333,0.76254600209397
1D7CUD1955YZPGK8XHJX,1,flip_axis1,rot90_axes01,0.25,16,0.7063644688644688,0.3333333333333333,0.76254600209397
1D7CUD1955YZPGK8XHJX,2,identity,flip_axis0,0.125,8,0.7380494505494505,0.45454545454545453,0.7847018476507395
1D7CUD1955YZPGK8XHJX,2,identity,flip_axis0,0.25,16,0.7380494505494505,0.5238095238095238,0.7847018476507395
1D7CUD1955YZPGK8XHJX,2,identity,flip_axis1,0.125,8,0.7736721611721611,0.3333333333333333,0.8326946168425601
1D7CUD1955YZPGK8XHJX,2,identity,flip_axis1,0.25,16,0.7736721611721611,0.5238095238095238,0.8326946168425601
1D7CUD1955YZPGK8XHJX,2,identity,rot90_axes01,0.125,8,0.7202838827838827,0.45454545454545453,0.747664090539379
1D7CUD1955YZPGK8XHJX,2,identity,rot90_axes01,0.25,16,0.7202838827838827,0.6,0.747664090539379
1D7CUD1955YZPGK8XHJX,2,flip_axis0,flip_axis1,0.125,8,0.6809065934065933,0.23076923076923078,0.7160351579658587
1D7CUD1955YZPGK8XHJX,2,flip_axis0,flip_axis1,0.25,16,0.6809065934065933,0.45454545454545453,0.7160351579658587
1D7CUD1955YZPGK8XHJX,2,flip_axis0,rot90_axes01,0.125,8,0.9103021978021978,0.45454545454545453,0.9098435383290884
1D7CUD1955YZPGK8XHJX,2,flip_axis0,rot90_axes01,0.25,16,0.9103021978021978,0.6842105263157895,0.9098435383290884
1D7CUD1955YZPGK8XHJX,2,flip_axis1,rot90_axes01,0.125,8,0.7076007326007325,0.23076923076923078,0.7304976613441425
1D7CUD1955YZPGK8XHJX,2,flip_axis1,rot90_axes01,0.25,16,0.7076007326007325,0.5238095238095238,0.7304976613441425
1D7CUD1955YZPGK8XHJX,3,identity,flip_axis0,0.125,8,0.9232600732600732,1.0,0.9390717739131061
1D7CUD1955YZPGK8XHJX,3,identity,flip_axis0,0.25,16,0.9232600732600732,0.6842105263157895,0.9390717739131061
1D7CUD1955YZPGK8XHJX,3,identity,flip_axis1,0.125,8,0.9248168498168496,0.45454545454545453,0.9317754228342071
1D7CUD1955YZPGK8XHJX,3,identity,flip_axis1,0.25,16,0.9248168498168496,0.6842105263157895,0.9317754228342071
1D7CUD1955YZPGK8XHJX,3,identity,rot90_axes01,0.125,8,0.8949633699633699,0.6,0.9027486870139423
1D7CUD1955YZPGK8XHJX,3,identity,rot90_axes01,0.25,16,0.8949633699633699,0.7777777777777778,0.9027486870139423
1D7CUD1955YZPGK8XHJX,3,flip_axis0,flip_axis1,0.125,8,0.9053113553113553,0.45454545454545453,0.9158200124337094
1D7CUD1955YZPGK8XHJX,3,flip_axis0,flip_axis1,0.25,16,0.9053113553113553,0.6,0.9158200124337094
1D7CUD1955YZPGK8XHJX,3,flip_axis0,rot90_axes01,0.125,8,0.9352106227106226,0.6,0.9439350277791894
1D7CUD1955YZPGK8XHJX,3,flip_axis0,rot90_axes01,0.25,16,0.9352106227106226,0.7777777777777778,0.9439350277791894
1D7CUD1955YZPGK8XHJX,3,flip_axis1,rot90_axes01,0.125,8,0.9419413919413919,0.3333333333333333,0.9437684860590922
1D7CUD1955YZPGK8XHJX,3,flip_axis1,rot90_axes01,0.25,16,0.9419413919413919,0.7777777777777778,0.9437684860590922
1GU15S0GJ6PFNARO469W,1,identity,flip_axis0,0.125,8,0.811584249084249,0.7777777777777778,0.8413459837827926
1GU15S0GJ6PFNARO469W,1,identity,flip_axis0,0.25,16,0.811584249084249,0.5238095238095238,0.8413459837827926
1GU15S0GJ6PFNARO469W,1,identity,flip_axis1,0.125,8,0.9173076923076923,0.7777777777777778,0.9438389675610213
1GU15S0GJ6PFNARO469W,1,identity,flip_axis1,0.25,16,0.9173076923076923,0.7777777777777778,0.9438389675610213
1GU15S0GJ6PFNARO469W,1,identity,rot90_axes01,0.125,8,0.7875457875457875,0.6,0.82594103322603
1GU15S0GJ6PFNARO469W,1,identity,rot90_axes01,0.25,16,0.7875457875457875,0.6,0.82594103322603
1GU15S0GJ6PFNARO469W,1,flip_axis0,flip_axis1,0.125,8,0.8651556776556776,0.7777777777777778,0.8662420162491428
1GU15S0GJ6PFNARO469W,1,flip_axis0,flip_axis1,0.25,16,0.8651556776556776,0.5238095238095238,0.8662420162491428
1GU15S0GJ6PFNARO469W,1,flip_axis0,rot90_axes01,0.125,8,0.8326923076923075,0.45454545454545453,0.8518136840358442
1GU15S0GJ6PFNARO469W,1,flip_axis0,rot90_axes01,0.25,16,0.8326923076923075,0.5238095238095238,0.8518136840358442
1GU15S0GJ6PFNARO469W,1,flip_axis1,rot90_axes01,0.125,8,0.836492673992674,0.45454545454545453,0.8795148790708818
1GU15S0GJ6PFNARO469W,1,flip_axis1,rot90_axes01,0.25,16,0.836492673992674,0.6,0.8795148790708818
1GU15S0GJ6PFNARO469W,2,identity,flip_axis0,0.125,8,0.8567765567765567,0.7777777777777778,0.8618756519970246
1GU15S0GJ6PFNARO469W,2,identity,flip_axis0,0.25,16,0.8567765567765567,0.6,0.8618756519970246
1GU15S0GJ6PFNARO469W,2,identity,flip_axis1,0.125,8,0.9286172161172159,0.7777777777777778,0.9441301194631161
1GU15S0GJ6PFNARO469W,2,identity,flip_axis1,0.25,16,0.9286172161172159,0.7777777777777778,0.9441301194631161
1GU15S0GJ6PFNARO469W,2,identity,rot90_axes01,0.125,8,0.8140109890109888,0.45454545454545453,0.8373868621538552
1GU15S0GJ6PFNARO469W,2,identity,rot90_axes01,0.25,16,0.8140109890109888,0.6,0.8373868621538552
1GU15S0GJ6PFNARO469W,2,flip_axis0,flip_axis1,0.125,8,0.8948717948717948,0.6,0.8793516783114155
1GU15S0GJ6PFNARO469W,2,flip_axis0,flip_axis1,0.25,16,0.8948717948717948,0.6842105263157895,0.8793516783114155
1GU15S0GJ6PFNARO469W,2,flip_axis0,rot90_axes01,0.125,8,0.8440018315018314,0.45454545454545453,0.8545728818051801
1GU15S0GJ6PFNARO469W,2,flip_axis0,rot90_axes01,0.25,16,0.8440018315018314,0.6842105263157895,0.8545728818051801
1GU15S0GJ6PFNARO469W,2,flip_axis1,rot90_axes01,0.125,8,0.8795787545787543,0.45454545454545453,0.9066688114629532
1GU15S0GJ6PFNARO469W,2,flip_axis1,rot90_axes01,0.25,16,0.8795787545787543,0.6842105263157895,0.9066688114629532
1GU15S0GJ6PFNARO469W,3,identity,flip_axis0,0.125,8,0.834569597069597,0.6,0.8601261736470638
1GU15S0GJ6PFNARO469W,3,identity,flip_axis0,0.25,16,0.834569597069597,0.5238095238095238,0.8601261736470638
1GU15S0GJ6PFNARO469W,3,identity,flip_axis1,0.125,8,0.926602564102564,0.7777777777777778,0.9479091622004016
1GU15S0GJ6PFNARO469W,3,identity,flip_axis1,0.25,16,0.926602564102564,0.7777777777777778,0.9479091622004016
1GU15S0GJ6PFNARO469W,3,identity,rot90_axes01,0.125,8,0.8060897435897436,0.45454545454545453,0.8421144152785369
1GU15S0GJ6PFNARO469W,3,identity,rot90_axes01,0.25,16,0.8060897435897436,0.6842105263157895,0.8421144152785369
1GU15S0GJ6PFNARO469W,3,flip_axis0,flip_axis1,0.125,8,0.8924450549450549,0.6,0.8884712763284262
1GU15S0GJ6PFNARO469W,3,flip_axis0,flip_axis1,0.25,16,0.8924450549450549,0.6,0.8884712763284262
1GU15S0GJ6PFNARO469W,3,flip_axis0,rot90_axes01,0.125,8,0.8547161172161171,0.3333333333333333,0.8660285847995813
1GU15S0GJ6PFNARO469W,3,flip_axis0,rot90_axes01,0.25,16,0.8547161172161171,0.6842105263157895,0.8660285847995813
1GU15S0GJ6PFNARO469W,3,flip_axis1,rot90_axes01,0.125,8,0.8907967032967032,0.6,0.9074646138814975
1GU15S0GJ6PFNARO469W,3,flip_axis1,rot90_axes01,0.25,16,0.8907967032967032,0.6842105263157895,0.9074646138814975
1MHBF3G6DCPWHSKG7XCP,1,identity,flip_axis0,0.125,8,0.954212454212454,0.7777777777777778,0.9774276102408693
1MHBF3G6DCPWHSKG7XCP,1,identity,flip_axis0,0.25,16,0.954212454212454,0.7777777777777778,0.9774276102408693
1MHBF3G6DCPWHSKG7XCP,1,identity,flip_axis1,0.125,8,0.7779304029304028,0.3333333333333333,0.8332933924058978
1MHBF3G6DCPWHSKG7XCP,1,identity,flip_axis1,0.25,16,0.7779304029304028,0.5238095238095238,0.8332933924058978
1MHBF3G6DCPWHSKG7XCP,1,identity,rot90_axes01,0.125,8,0.8129120879120878,0.45454545454545453,0.8532153036906925
1MHBF3G6DCPWHSKG7XCP,1,identity,rot90_axes01,0.25,16,0.8129120879120878,0.5238095238095238,0.8532153036906925
1MHBF3G6DCPWHSKG7XCP,1,flip_axis0,flip_axis1,0.125,8,0.754120879120879,0.3333333333333333,0.8142186329942456
1MHBF3G6DCPWHSKG7XCP,1,flip_axis0,flip_axis1,0.25,16,0.754120879120879,0.5238095238095238,0.8142186329942456
1MHBF3G6DCPWHSKG7XCP,1,flip_axis0,rot90_axes01,0.125,8,0.7711080586080585,0.45454545454545453,0.8257071682073558
1MHBF3G6DCPWHSKG7XCP,1,flip_axis0,rot90_axes01,0.25,16,0.7711080586080585,0.45454545454545453,0.8257071682073558
1MHBF3G6DCPWHSKG7XCP,1,flip_axis1,rot90_axes01,0.125,8,0.7881410256410256,0.6,0.8712029564485269
1MHBF3G6DCPWHSKG7XCP,1,flip_axis1,rot90_axes01,0.25,16,0.7881410256410256,0.5238095238095238,0.8712029564485269
1MHBF3G6DCPWHSKG7XCP,2,identity,flip_axis0,0.125,8,0.9580128205128204,0.6,0.9688708980336938
1MHBF3G6DCPWHSKG7XCP,2,identity,flip_axis0,0.25,16,0.9580128205128204,0.8823529411764706,0.9688708980336938
1MHBF3G6DCPWHSKG7XCP,2,identity,flip_axis1,0.125,8,0.8702838827838827,0.6,0.89034676935482
1MHBF3G6DCPWHSKG7XCP,2,identity,flip_axis1,0.25,16,0.8702838827838827,0.45454545454545453,0.89034676935482
1MHBF3G6DCPWHSKG7XCP,2,identity,rot90_axes01,0.125,8,0.8366758241758241,0.6,0.8604598227930164
1MHBF3G6DCPWHSKG7XCP,2,identity,rot90_axes01,0.25,16,0.8366758241758241,0.6842105263157895,0.8604598227930164
1MHBF3G6DCPWHSKG7XCP,2,flip_axis0,flip_axis1,0.125,8,0.849587912087912,0.6,0.8702944298838455
1MHBF3G6DCPWHSKG7XCP,2,flip_axis0,flip_axis1,0.25,16,0.849587912087912,0.5238095238095238,0.8702944298838455
1MHBF3G6DCPWHSKG7XCP,2,flip_axis0,rot90_axes01,0.125,8,0.8389652014652014,0.6,0.8490366546884505
1MHBF3G6DCPWHSKG7XCP,2,flip_axis0,rot90_axes01,0.25,16,0.8389652014652014,0.6,0.8490366546884505
1MHBF3G6DCPWHSKG7XCP,2,flip_axis1,rot90_axes01,0.125,8,0.8426739926739926,0.6,0.8704045883875219
1MHBF3G6DCPWHSKG7XCP,2,flip_axis1,rot90_axes01,0.25,16,0.8426739926739926,0.5238095238095238,0.8704045883875219
1MHBF3G6DCPWHSKG7XCP,3,identity,flip_axis0,0.125,8,0.9571886446886446,0.7777777777777778,0.9780932366361433
1MHBF3G6DCPWHSKG7XCP,3,identity,flip_axis0,0.25,16,0.9571886446886446,1.0,0.9780932366361433
1MHBF3G6DCPWHSKG7XCP,3,identity,flip_axis1,0.125,8,0.7683150183150181,0.3333333333333333,0.841191001698238
1MHBF3G6DCPWHSKG7XCP,3,identity,flip_axis1,0.25,16,0.7683150183150181,0.5238095238095238,0.841191001698238
1MHBF3G6DCPWHSKG7XCP,3,identity,rot90_axes01,0.125,8,0.8197802197802195,0.45454545454545453,0.8627441722542424
1MHBF3G6DCPWHSKG7XCP,3,identity,rot90_axes01,0.25,16,0.8197802197802195,0.5238095238095238,0.8627441722542424
1MHBF3G6DCPWHSKG7XCP,3,flip_axis0,flip_axis1,0.125,8,0.744734432234432,0.3333333333333333,0.8167058635971048
1MHBF3G6DCPWHSKG7XCP,3,flip_axis0,flip_axis1,0.25,16,0.744734432234432,0.5238095238095238,0.8167058635971048
1MHBF3G6DCPWHSKG7XCP,3,flip_axis0,rot90_axes01,0.125,8,0.7753663003663003,0.45454545454545453,0.8313526296743721
1MHBF3G6DCPWHSKG7XCP,3,flip_axis0,rot90_axes01,0.25,16,0.7753663003663003,0.5238095238095238,0.8313526296743721
1MHBF3G6DCPWHSKG7XCP,3,flip_axis1,rot90_axes01,0.125,8,0.8247710622710621,0.6,0.8969893521928172
1MHBF3G6DCPWHSKG7XCP,3,flip_axis1,rot90_axes01,0.25,16,0.8247710622710621,0.6,0.8969893521928172
23X6SY44VT9KFHR7S7OC,1,identity,flip_axis0,0.125,8,0.8680402930402928,0.7777777777777778,0.8923555863993858
23X6SY44VT9KFHR7S7OC,1,identity,flip_axis0,0.25,16,0.8680402930402928,0.5238095238095238,0.8923555863993858
23X6SY44VT9KFHR7S7OC,1,identity,flip_axis1,0.125,8,0.8732600732600732,0.6,0.8809527917960844
23X6SY44VT9KFHR7S7OC,1,identity,flip_axis1,0.25,16,0.8732600732600732,0.5238095238095238,0.8809527917960844
23X6SY44VT9KFHR7S7OC,1,identity,rot90_axes01,0.125,8,0.7917582417582417,0.45454545454545453,0.8193139755085281
23X6SY44VT9KFHR7S7OC,1,identity,rot90_axes01,0.25,16,0.7917582417582417,0.45454545454545453,0.8193139755085281
23X6SY44VT9KFHR7S7OC,1,flip_axis0,flip_axis1,0.125,8,0.8651556776556776,0.6,0.8866038663458844
23X6SY44VT9KFHR7S7OC,1,flip_axis0,flip_axis1,0.25,16,0.8651556776556776,0.6,0.8866038663458844
23X6SY44VT9KFHR7S7OC,1,flip_axis0,rot90_axes01,0.125,8,0.8292124542124542,0.45454545454545453,0.8410551429164823
23X6SY44VT9KFHR7S7OC,1,flip_axis0,rot90_axes01,0.25,16,0.8292124542124542,0.6,0.8410551429164823
23X6SY44VT9KFHR7S7OC,1,flip_axis1,rot90_axes01,0.125,8,0.8785256410256409,0.45454545454545453,0.8828412423402484
23X6SY44VT9KFHR7S7OC,1,flip_axis1,rot90_axes01,0.25,16,0.8785256410256409,0.7777777777777778,0.8828412423402484
23X6SY44VT9KFHR7S7OC,2,identity,flip_axis0,0.125,8,0.9032509157509155,0.7777777777777778,0.923972199488095
23X6SY44VT9KFHR7S7OC,2,identity,flip_axis0,0.25,16,0.9032509157509155,0.5238095238095238,0.923972199488095
23X6SY44VT9KFHR7S7OC,2,identity,flip_axis1,0.125,8,0.8624084249084248,0.6,0.874177498011304
23X6SY44VT9KFHR7S7OC,2,identity,flip_axis1,0.25,16,0.8624084249084248,0.5238095238095238,0.874177498011304
23X6SY44VT9KFHR7S7OC,2,identity,rot90_axes01,0.125,8,0.779212454212454,0.45454545454545453,0.8061051507639748
23X6SY44VT9KFHR7S7OC,2,identity,rot90_axes01,0.25,16,0.779212454212454,0.45454545454545453,0.8061051507639748
23X6SY44VT9KFHR7S7OC,2,flip_axis0,flip_axis1,0.125,8,0.8291666666666665,0.6,0.859242569814417
23X6SY44VT9KFHR7S7OC,2,flip_axis0,flip_axis1,0.25,16,0.8291666666666665,0.6,0.859242569814417
23X6SY44VT9KFHR7S7OC,2,flip_axis0,rot90_axes01,0.125,8,0.7581043956043955,0.45454545454545453,0.7791512723350197
23X6SY44VT9KFHR7S7OC,2,flip_axis0,rot90_axes01,0.25,16,0.7581043956043955,0.5238095238095238,0.7791512723350197
23X6SY44VT9KFHR7S7OC,2,flip_axis1,rot90_axes01,0.125,8,0.8891483516483516,0.6,0.9047470155925007
23X6SY44VT9KFHR7S7OC,2,flip_axis1,rot90_axes01,0.25,16,0.8891483516483516,0.8823529411764706,0.9047470155925007
23X6SY44VT9KFHR7S7OC,3,identity,flip_axis0,0.125,8,0.9708791208791209,0.7777777777777778,0.9668297177270593
23X6SY44VT9KFHR7S7OC,3,identity,flip_axis0,0.25,16,0.9708791208791209,0.6842105263157895,0.9668297177270593
23X6SY44VT9KFHR7S7OC,3,identity,flip_axis1,0.125,8,0.9529761904761903,0.7777777777777778,0.9442599989719218
23X6SY44VT9KFHR7S7OC,3,identity,flip_axis1,0.25,16,0.9529761904761903,0.6842105263157895,0.9442599989719218
23X6SY44VT9KFHR7S7OC,3,identity,rot90_axes01,0.125,8,0.9293040293040291,0.7777777777777778,0.9272963752131016
23X6SY44VT9KFHR7S7OC,3,identity,rot90_axes01,0.25,16,0.9293040293040291,0.6842105263157895,0.9272963752131016
23X6SY44VT9KFHR7S7OC,3,flip_axis0,flip_axis1,0.125,8,0.9142857142857144,0.7777777777777778,0.8922959107781043
23X6SY44VT9KFHR7S7OC,3,flip_axis0,flip_axis1,0.25,16,0.9142857142857144,0.6,0.8922959107781043
23X6SY44VT9KFHR7S7OC,3,flip_axis0,rot90_axes01,0.125,8,0.8874999999999998,1.0,0.8836036627635468
23X6SY44VT9KFHR7S7OC,3,flip_axis0,rot90_axes01,0.25,16,0.8874999999999998,0.6,0.8836036627635468
23X6SY44VT9KFHR7S7OC,3,flip_axis1,rot90_axes01,0.125,8,0.9473901098901097,0.7777777777777778,0.9411563719364183
23X6SY44VT9KFHR7S7OC,3,flip_axis1,rot90_axes01,0.25,16,0.9473901098901097,0.7777777777777778,0.9411563719364183
2XL5HSFSE93RMOJDRGR4,1,identity,flip_axis0,0.125,8,0.6518772893772893,0.23076923076923078,0.7281608543269448
2XL5HSFSE93RMOJDRGR4,1,identity,flip_axis0,0.25,16,0.6518772893772893,0.5238095238095238,0.7281608543269448
2XL5HSFSE93RMOJDRGR4,1,identity,flip_axis1,0.125,8,0.7331959706959706,0.3333333333333333,0.8028157007429725
2XL5HSFSE93RMOJDRGR4,1,identity,flip_axis1,0.25,16,0.7331959706959706,0.391304347826087,0.8028157007429725
2XL5HSFSE93RMOJDRGR4,1,identity,rot90_axes01,0.125,8,0.6625,0.14285714285714285,0.6946920497016741
2XL5HSFSE93RMOJDRGR4,1,identity,rot90_axes01,0.25,16,0.6625,0.391304347826087,0.6946920497016741
2XL5HSFSE93RMOJDRGR4,1,flip_axis0,flip_axis1,0.125,8,0.7316849816849816,0.45454545454545453,0.7297200475762662
2XL5HSFSE93RMOJDRGR4,1,flip_axis0,flip_axis1,0.25,16,0.7316849816849816,0.6,0.7297200475762662
2XL5HSFSE93RMOJDRGR4,1,flip_axis0,rot90_axes01,0.125,8,0.752014652014652,0.3333333333333333,0.7741892162130718
2XL5HSFSE93RMOJDRGR4,1,flip_axis0,rot90_axes01,0.25,16,0.752014652014652,0.6,0.7741892162130718
2XL5HSFSE93RMOJDRGR4,1,flip_axis1,rot90_axes01,0.125,8,0.8252289377289377,0.3333333333333333,0.8183820040458001
2XL5HSFSE93RMOJDRGR4,1,flip_axis1,rot90_axes01,0.25,16,0.8252289377289377,0.6842105263157895,0.8183820040458001
2XL5HSFSE93RMOJDRGR4,2,identity,flip_axis0,0.125,8,0.903525641025641,0.7777777777777778,0.9066751431294675
2XL5HSFSE93RMOJDRGR4,2,identity,flip_axis0,0.25,16,0.903525641025641,0.6,0.9066751431294675
2XL5HSFSE93RMOJDRGR4,2,identity,flip_axis1,0.125,8,0.8212454212454212,0.6,0.8477496806055167
2XL5HSFSE93RMOJDRGR4,2,identity,flip_axis1,0.25,16,0.8212454212454212,0.45454545454545453,0.8477496806055167
2XL5HSFSE93RMOJDRGR4,2,identity,rot90_axes01,0.125,8,0.8342490842490843,0.7777777777777778,0.8588086271113184
2XL5HSFSE93RMOJDRGR4,2,identity,rot90_axes01,0.25,16,0.8342490842490843,0.5238095238095238,0.8588086271113184
2XL5HSFSE93RMOJDRGR4,2,flip_axis0,flip_axis1,0.125,8,0.7972069597069595,0.45454545454545453,0.7968086765267827
2XL5HSFSE93RMOJDRGR4,2,flip_axis0,flip_axis1,0.25,16,0.7972069597069595,0.45454545454545453,0.7968086765267827
2XL5HSFSE93RMOJDRGR4,2,flip_axis0,rot90_axes01,0.125,8,0.8261446886446885,0.6,0.8200083451097763
2XL5HSFSE93RMOJDRGR4,2,flip_axis0,rot90_axes01,0.25,16,0.8261446886446885,0.45454545454545453,0.8200083451097763
2XL5HSFSE93RMOJDRGR4,2,flip_axis1,rot90_axes01,0.125,8,0.8989010989010988,0.7777777777777778,0.9127290237536065
2XL5HSFSE93RMOJDRGR4,2,flip_axis1,rot90_axes01,0.25,16,0.8989010989010988,0.6842105263157895,0.9127290237536065
2XL5HSFSE93RMOJDRGR4,3,identity,flip_axis0,0.125,8,0.8903846153846153,0.45454545454545453,0.9033758956829132
2XL5HSFSE93RMOJDRGR4,3,identity,flip_axis0,0.25,16,0.8903846153846153,0.6,0.9033758956829132
2XL5HSFSE93RMOJDRGR4,3,identity,flip_axis1,0.125,8,0.8501831501831502,0.3333333333333333,0.8671536861123477
2XL5HSFSE93RMOJDRGR4,3,identity,flip_axis1,0.25,16,0.8501831501831502,0.6,0.8671536861123477
2XL5HSFSE93RMOJDRGR4,3,identity,rot90_axes01,0.125,8,0.8315934065934065,0.6,0.8345081886583942
2XL5HSFSE93RMOJDRGR4,3,identity,rot90_axes01,0.25,16,0.8315934065934065,0.6,0.8345081886583942
2XL5HSFSE93RMOJDRGR4,3,flip_axis0,flip_axis1,0.125,8,0.829716117216117,0.6,0.846820422911692
2XL5HSFSE93RMOJDRGR4,3,flip_axis0,flip_axis1,0.25,16,0.829716117216117,0.5238095238095238,0.846820422911692
2XL5HSFSE93RMOJDRGR4,3,flip_axis0,rot90_axes01,0.125,8,0.8536630036630034,0.45454545454545453,0.8503399263385341
2XL5HSFSE93RMOJDRGR4,3,flip_axis0,rot90_axes01,0.25,16,0.8536630036630034,0.6,0.8503399263385341
2XL5HSFSE93RMOJDRGR4,3,flip_axis1,rot90_axes01,0.125,8,0.932142857142857,0.6,0.9179470476792287
2XL5HSFSE93RMOJDRGR4,3,flip_axis1,rot90_axes01,0.25,16,0.932142857142857,0.6842105263157895,0.9179470476792287
38CWS74285MFGZZXR09Z,1,identity,flip_axis0,0.125,8,0.8173076923076922,0.6,0.8576199823610008
38CWS74285MFGZZXR09Z,1,identity,flip_axis0,0.25,16,0.8173076923076922,0.5238095238095238,0.8576199823610008
38CWS74285MFGZZXR09Z,1,identity,flip_axis1,0.125,8,0.8924908424908422,0.6,0.9090696145910565
38CWS74285MFGZZXR09Z,1,identity,flip_axis1,0.25,16,0.8924908424908422,0.5238095238095238,0.9090696145910565
38CWS74285MFGZZXR09Z,1,identity,rot90_axes01,0.125,8,0.8121336996336995,0.45454545454545453,0.8237339351903165
38CWS74285MFGZZXR09Z,1,identity,rot90_axes01,0.25,16,0.8121336996336995,0.5238095238095238,0.8237339351903165
38CWS74285MFGZZXR09Z,1,flip_axis0,flip_axis1,0.125,8,0.8074175824175822,0.7777777777777778,0.8199005220332075
38CWS74285MFGZZXR09Z,1,flip_axis0,flip_axis1,0.25,16,0.8074175824175822,0.6842105263157895,0.8199005220332075
38CWS74285MFGZZXR09Z,1,flip_axis0,rot90_axes01,0.125,8,0.738598901098901,0.6,0.7704496471692581
38CWS74285MFGZZXR09Z,1,flip_axis0,rot90_axes01,0.25,16,0.738598901098901,0.6,0.7704496471692581
38CWS74285MFGZZXR09Z,1,flip_axis1,rot90_axes01,0.125,8,0.8432234432234431,0.45454545454545453,0.8634112548570275
38CWS74285MFGZZXR09Z,1,flip_axis1,rot90_axes01,0.25,16,0.8432234432234431,0.5238095238095238,0.8634112548570275
38CWS74285MFGZZXR09Z,2,identity,flip_axis0,0.125,8,0.7245879120879121,0.6,0.8188263423532188
38CWS74285MFGZZXR09Z,2,identity,flip_axis0,0.25,16,0.7245879120879121,0.45454545454545453,0.8188263423532188
38CWS74285MFGZZXR09Z,2,identity,flip_axis1,0.125,8,0.87014652014652,0.6,0.9226341744126701
38CWS74285MFGZZXR09Z,2,identity,flip_axis1,0.25,16,0.87014652014652,0.45454545454545453,0.9226341744126701
38CWS74285MFGZZXR09Z,2,identity,rot90_axes01,0.125,8,0.7795787545787545,0.45454545454545453,0.8320003633411427
38CWS74285MFGZZXR09Z,2,identity,rot90_axes01,0.25,16,0.7795787545787545,0.45454545454545453,0.8320003633411427
38CWS74285MFGZZXR09Z,2,flip_axis0,flip_axis1,0.125,8,0.7048534798534798,0.6,0.7721712453830619
38CWS74285MFGZZXR09Z,2,flip_axis0,flip_axis1,0.25,16,0.7048534798534798,0.45454545454545453,0.7721712453830619
38CWS74285MFGZZXR09Z,2,flip_axis0,rot90_axes01,0.125,8,0.6806776556776556,0.45454545454545453,0.7425172642272082
38CWS74285MFGZZXR09Z,2,flip_axis0,rot90_axes01,0.25,16,0.6806776556776556,0.5238095238095238,0.7425172642272082
38CWS74285MFGZZXR09Z,2,flip_axis1,rot90_axes01,0.125,8,0.817032967032967,0.45454545454545453,0.8577935981659431
38CWS74285MFGZZXR09Z,2,flip_axis1,rot90_axes01,0.25,16,0.817032967032967,0.45454545454545453,0.8577935981659431
38CWS74285MFGZZXR09Z,3,identity,flip_axis0,0.125,8,0.6438644688644688,0.3333333333333333,0.7286995056122992
38CWS74285MFGZZXR09Z,3,identity,flip_axis0,0.25,16,0.6438644688644688,0.45454545454545453,0.7286995056122992
38CWS74285MFGZZXR09Z,3,identity,flip_axis1,0.125,8,0.8438644688644688,0.6,0.9002952047103705
38CWS74285MFGZZXR09Z,3,identity,flip_axis1,0.25,16,0.8438644688644688,0.45454545454545453,0.9002952047103705
38CWS74285MFGZZXR09Z,3,identity,rot90_axes01,0.125,8,0.7241300366300365,0.6,0.7836750030776015
38CWS74285MFGZZXR09Z,3,identity,rot90_axes01,0.25,16,0.7241300366300365,0.5238095238095238,0.7836750030776015
38CWS74285MFGZZXR09Z,3,flip_axis0,flip_axis1,0.125,8,0.6728021978021976,0.6,0.7320703711718419
38CWS74285MFGZZXR09Z,3,flip_axis0,flip_axis1,0.25,16,0.6728021978021976,0.5238095238095238,0.7320703711718419
38CWS74285MFGZZXR09Z,3,flip_axis0,rot90_axes01,0.125,8,0.7334706959706959,0.45454545454545453,0.7614548245428675
38CWS74285MFGZZXR09Z,3,flip_axis0,rot90_axes01,0.25,16,0.7334706959706959,0.5238095238095238,0.7614548245428675
38CWS74285MFGZZXR09Z,3,flip_axis1,rot90_axes01,0.125,8,0.7486721611721611,0.7777777777777778,0.808268090281245
38CWS74285MFGZZXR09Z,3,flip_axis1,rot90_axes01,0.25,16,0.7486721611721611,0.3333333333333333,0.808268090281245
