case_i,case_j,topk_ratio,k,spearman_bgs,jaccard_bgs,shuffled_spearman_mean,topk_positive_fraction_i,topk_positive_fraction_j
06SR5RBREL16DQ6M8LWS,0RZDK210BSMWAA6467LU,0.125,8,0.7227106227106227,0.45454545454545453,-0.012728937728937729,1.0,1.0
06SR5RBREL16DQ6M8LWS,1D7CUD1955YZPGK8XHJX,0.125,8,0.3559523809523809,0.23076923076923078,-0.0015586080586080587,1.0,1.0
06SR5RBREL16DQ6M8LWS,1GU15S0GJ6PFNARO469W,0.125,8,0.8812728937728939,1.0,-0.0014725274725274728,1.0,1.0
06SR5RBREL16DQ6M8LWS,1MHBF3G6DCPWHSKG7XCP,0.125,8,0.5431776556776556,0.45454545454545453,0.007380265567765567,1.0,1.0
06SR5RBREL16DQ6M8LWS,23X6SY44VT9KFHR7S7OC,0.125,8,0.596565934065934,0.3333333333333333,0.003384615384615385,1.0,1.0
06SR5RBREL16DQ6M8LWS,2XL5HSFSE93RMOJDRGR4,0.125,8,0.47999084249084245,0.45454545454545453,-0.008124999999999999,1.0,1.0
06SR5RBREL16DQ6M8LWS,38CWS74285MFGZZXR09Z,0.125,8,0.7186813186813187,0.3333333333333333,-0.0021701007326007356,1.0,1.0
0RZDK210BSMWAA6467LU,1D7CUD1955YZPGK8XHJX,0.125,8,0.6067307692307692,0.23076923076923078,0.0041955128205128185,1.0,1.0
0RZDK210BSMWAA6467LU,1GU15S0GJ6PFNARO469W,0.125,8,0.7373626373626373,0.45454545454545453,-0.012893543956043956,1.0,1.0
0RZDK210BSMWAA6467LU,1MHBF3G6DCPWHSKG7XCP,0.125,8,0.6533424908424907,0.3333333333333333,0.012555631868131866,1.0,1.0
0RZDK210BSMWAA6467LU,23X6SY44VT9KFHR7S7OC,0.125,8,0.6743131868131867,0.23076923076923078,0.006654532967032967,1.0,1.0
0RZDK210BSMWAA6467LU,2XL5HSFSE93RMOJDRGR4,0.125,8,0.4004578754578754,0.23076923076923078,-0.0022516025641025617,1.0,1.0
0RZDK210BSMWAA6467LU,38CWS74285MFGZZXR09Z,0.125,8,0.6919871794871794,0.23076923076923078,-0.0036609432234432225,1.0,1.0
1D7CUD1955YZPGK8XHJX,1GU15S0GJ6PFNARO469W,0.125,8,0.5339285714285714,0.23076923076923078,0.004706730769230769,1.0,1.0
1D7CUD1955YZPGK8XHJX,1MHBF3G6DCPWHSKG7XCP,0.125,8,0.5668498168498168,0.23076923076923078,-0.008878434065934065,1.0,1.0
1D7CUD1955YZPGK8XHJX,23X6SY44VT9KFHR7S7OC,0.125,8,0.5952380952380951,0.23076923076923078,0.0008832417582417568,1.0,1.0
1D7CUD1955YZPGK8XHJX,2XL5HSFSE93RMOJDRGR4,0.125,8,0.5717948717948718,0.23076923076923078,-0.0006059981684981699,1.0,1.0
1D7CUD1955YZPGK8XHJX,38CWS74285MFGZZXR09Z,0.125,8,0.49313186813186805,0.3333333333333333,-0.004469551282051284,1.0,1.0
1GU15S0GJ6PFNARO469W,1MHBF3G6DCPWHSKG7XCP,0.125,8,0.6992216117216117,0.45454545454545453,-0.016509157509157504,1.0,1.0
1GU15S0GJ6PFNARO469W,23X6SY44VT9KFHR7S7OC,0.125,8,0.7007783882783882,0.3333333333333333,0.011975274725274725,1.0,1.0
1GU15S0GJ6PFNARO469W,2XL5HSFSE93RMOJDRGR4,0.125,8,0.6126831501831501,0.45454545454545453,-0.0022163461538461547,1.0,1.0
1GU15S0GJ6PFNARO469W,38CWS74285MFGZZXR09Z,0.125,8,0.5719322344322344,0.3333333333333333,0.008567307692307688,1.0,1.0
1MHBF3G6DCPWHSKG7XCP,23X6SY44VT9KFHR7S7OC,0.125,8,0.4122252747252747,0.14285714285714285,-0.01486492673992674,1.0,1.0
1MHBF3G6DCPWHSKG7XCP,2XL5HSFSE93RMOJDRGR4,0.125,8,0.6910256410256409,0.6,0.01997229853479853,1.0,1.0
1MHBF3G6DCPWHSKG7XCP,38CWS74285MFGZZXR09Z,0.125,8,0.3799908424908425,0.23076923076923078,-0.012133928571428572,1.0,1.0
23X6SY44VT9KFHR7S7OC,2XL5HSFSE93RMOJDRGR4,0.125,8,0.3708791208791208,0.14285714285714285,-0.008201923076923077,1.0,1.0
23X6SY44VT9KFHR7S7OC,38CWS74285MFGZZXR09Z,0.125,8,0.504120879120879,0.23076923076923078,-0.014806547619047618,1.0,1.0
2XL5HSFSE93RMOJDRGR4,38CWS74285MFGZZXR09Z,0.125,8,0.4152472527472527,0.23076923076923078,0.012972527472527471,1.0,1.0
06SR5RBREL16DQ6M8LWS,0RZDK210BSMWAA6467LU,0.25,16,0.7227106227106227,0.5238095238095238,-0.012728937728937729,1.0,1.0
06SR5RBREL16DQ6M8LWS,1D7CUD1955YZPGK8XHJX,0.25,16,0.3559523809523809,0.391304347826087,-0.0015586080586080587,1.0,1.0
06SR5RBREL16DQ6M8LWS,1GU15S0GJ6PFNARO469W,0.25,16,0.8812728937728939,0.7777777777777778,-0.0014725274725274728,1.0,1.0
06SR5RBREL16DQ6M8LWS,1MHBF3G6DCPWHSKG7XCP,0.25,16,0.5431776556776556,0.5238095238095238,0.007380265567765567,1.0,1.0
06SR5RBREL16DQ6M8LWS,23X6SY44VT9KFHR7S7OC,0.25,16,0.596565934065934,0.391304347826087,0.003384615384615385,1.0,1.0
06SR5RBREL16DQ6M8LWS,2XL5HSFSE93RMOJDRGR4,0.25,16,0.47999084249084245,0.45454545454545453,-0.008124999999999999,1.0,1.0
06SR5RBREL16DQ6M8LWS,38CWS74285MFGZZXR09Z,0.25,16,0.7186813186813187,0.391304347826087,-0.0021701007326007356,1.0,1.0
0RZDK210BSMWAA6467LU,1D7CUD1955YZPGK8XHJX,0.25,16,0.6067307692307692,0.5238095238095238,0.0041955128205128185,1.0,1.0
0RZDK210BSMWAA6467LU,1GU15S0GJ6PFNARO469W,0.25,16,0.7373626373626373,0.5238095238095238,-0.012893543956043956,1.0,1.0
0RZDK210BSMWAA6467LU,1MHBF3G6DCPWHSKG7XCP,0.25,16,0.6533424908424907,0.45454545454545453,0.012555631868131866,1.0,1.0
0RZDK210BSMWAA6467LU,23X6SY44VT9KFHR7S7OC,0.25,16,0.6743131868131867,0.391304347826087,0.006654532967032967,1.0,1.0
0RZDK210BSMWAA6467LU,2XL5HSFSE93RMOJDRGR4,0.25,16,0.4004578754578754,0.391304347826087,-0.0022516025641025617,1.0,1.0
0RZDK210BSMWAA6467LU,38CWS74285MFGZZXR09Z,0.25,16,0.6919871794871794,0.45454545454545453,-0.0036609432234432225,1.0,1.0
1D7CUD1955YZPGK8XHJX,1GU15S0GJ6PFNARO469W,0.25,16,0.5339285714285714,0.45454545454545453,0.004706730769230769,1.0,1.0
1D7CUD1955YZPGK8XHJX,1MHBF3G6DCPWHSKG7XCP,0.25,16,0.5668498168498168,0.3333333333333333,-0.008878434065934065,1.0,1.0
1D7CUD1955YZPGK8XHJX,23X6SY44VT9KFHR7S7OC,0.25,16,0.5952380952380951,0.391304347826087,0.0008832417582417568,1.0,1.0
1D7CUD1955YZPGK8XHJX,2XL5HSFSE93RMOJDRGR4,0.25,16,0.5717948717948718,0.3333333333333333,-0.0006059981684981699,1.0,1.0
1D7CUD1955YZPGK8XHJX,38CWS74285MFGZZXR09Z,0.25,16,0.49313186813186805,0.391304347826087,-0.004469551282051284,1.0,1.0
1GU15S0GJ6PFNARO469W,1MHBF3G6DCPWHSKG7XCP,0.25,16,0.6992216117216117,0.45454545454545453,-0.016509157509157504,1.0,1.0
1GU15S0GJ6PFNARO469W,23X6SY44VT9KFHR7S7OC,0.25,16,0.7007783882783882,0.391304347826087,0.011975274725274725,1.0,1.0
1GU15S0GJ6PFNARO469W,2XL5HSFSE93RMOJDRGR4,0.25,16,0.6126831501831501,0.45454545454545453,-0.0022163461538461547,1.0,1.0
1GU15S0GJ6PFNARO469W,38CWS74285MFGZZXR09Z,0.25,16,0.5719322344322344,0.3333333333333333,0.008567307692307688,1.0,1.0
1MHBF3G6DCPWHSKG7XCP,23X6SY44VT9KFHR7S7OC,0.25,16,0.4122252747252747,0.28,-0.01486492673992674,1.0,1.0
1MHBF3G6DCPWHSKG7XCP,2XL5HSFSE93RMOJDRGR4,0.25,16,0.6910256410256409,0.5238095238095238,0.01997229853479853,1.0,1.0
1MHBF3G6DCPWHSKG7XCP,38CWS74285MFGZZXR09Z,0.25,16,0.3799908424908425,0.23076923076923078,-0.012133928571428572,1.0,1.0
23X6SY44VT9KFHR7S7OC,2XL5HSFSE93RMOJDRGR4,0.25,16,0.3708791208791208,0.23076923076923078,-0.008201923076923077,1.0,1.0
23X6SY44VT9KFHR7S7OC,38CWS74285MFGZZXR09Z,0.25,16,0.504120879120879,0.3333333333333333,-0.014806547619047618,1.0,1.0
2XL5HSFSE93RMOJDRGR4,38CWS74285MFGZZXR09Z,0.25,16,0.4152472527472527,0.18518518518518517,0.012972527472527471,1.0,1.0
