case_id,topk_ratio,k,spearman_abs_near_bgs,topk_jaccard,near_topk,bgs_topk
06SR5RBREL16DQ6M8LWS,0.125,8,-0.0026098901098901093,0.06666666666666667,"[11, 12, 24, 33, 35, 37, 46, 49]","[0, 2, 21, 33, 39, 53, 57, 61]"
06SR5RBREL16DQ6M8LWS,0.25,16,-0.0026098901098901093,0.14285714285714285,"[11, 12, 15, 23, 24, 27, 31, 33, 35, 37, 39, 44, 45, 46, 47, 49]","[0, 2, 7, 14, 17, 18, 19, 21, 24, 29, 33, 39, 47, 53, 57, 61]"
0RZDK210BSMWAA6467LU,0.125,8,-0.23429487179487174,0.06666666666666667,"[12, 15, 33, 35, 37, 40, 46, 49]","[2, 9, 19, 21, 33, 48, 53, 61]"
0RZDK210BSMWAA6467LU,0.25,16,-0.23429487179487174,0.14285714285714285,"[0, 11, 12, 15, 24, 28, 32, 33, 35, 37, 39, 40, 42, 46, 47, 49]","[0, 2, 7, 9, 19, 21, 24, 29, 33, 39, 48, 51, 53, 61, 62, 63]"
1D7CUD1955YZPGK8XHJX,0.125,8,0.028525641025641018,0.14285714285714285,"[12, 24, 28, 33, 35, 39, 46, 49]","[9, 24, 39, 45, 48, 57, 61, 62]"
1D7CUD1955YZPGK8XHJX,0.25,16,0.028525641025641018,0.18518518518518517,"[0, 12, 15, 17, 24, 25, 28, 33, 35, 37, 39, 41, 42, 45, 46, 49]","[0, 2, 5, 7, 8, 9, 24, 33, 38, 39, 45, 48, 53, 57, 61, 62]"
1GU15S0GJ6PFNARO469W,0.125,8,-0.021245421245421243,0.0,"[12, 24, 27, 35, 37, 46, 47, 49]","[0, 2, 21, 33, 39, 53, 57, 61]"
1GU15S0GJ6PFNARO469W,0.25,16,-0.021245421245421243,0.14285714285714285,"[12, 14, 23, 24, 27, 35, 37, 40, 41, 44, 45, 46, 47, 49, 51, 61]","[0, 2, 7, 14, 18, 19, 21, 24, 29, 33, 38, 39, 44, 53, 57, 61]"
1MHBF3G6DCPWHSKG7XCP,0.125,8,0.0010073260073260072,0.0,"[12, 15, 35, 42, 46, 49, 55, 56]","[0, 6, 21, 24, 33, 45, 53, 61]"
1MHBF3G6DCPWHSKG7XCP,0.25,16,0.0010073260073260072,0.10344827586206896,"[1, 11, 12, 15, 24, 27, 28, 35, 40, 41, 42, 46, 49, 55, 56, 57]","[0, 1, 2, 6, 19, 21, 24, 29, 31, 33, 45, 47, 53, 57, 61, 63]"
23X6SY44VT9KFHR7S7OC,0.125,8,-0.09885531135531134,0.14285714285714285,"[0, 12, 33, 35, 37, 45, 46, 49]","[0, 2, 9, 46, 50, 57, 61, 63]"
23X6SY44VT9KFHR7S7OC,0.25,16,-0.09885531135531134,0.10344827586206896,"[0, 4, 12, 15, 24, 28, 31, 33, 35, 37, 40, 41, 42, 45, 46, 49]","[0, 2, 7, 9, 17, 29, 33, 38, 39, 43, 46, 50, 52, 57, 61, 63]"
2XL5HSFSE93RMOJDRGR4,0.125,8,-0.03223443223443223,0.0,"[11, 12, 14, 35, 39, 46, 47, 49]","[0, 18, 21, 24, 33, 45, 53, 57]"
2XL5HSFSE93RMOJDRGR4,0.25,16,-0.03223443223443223,0.06666666666666667,"[11, 12, 14, 24, 27, 28, 35, 37, 39, 40, 42, 43, 45, 46, 47, 49]","[0, 8, 18, 19, 21, 24, 29, 33, 34, 45, 53, 55, 57, 60, 61, 63]"
38CWS74285MFGZZXR09Z,0.125,8,0.10260989010989009,0.14285714285714285,"[12, 24, 33, 35, 37, 39, 46, 49]","[0, 2, 7, 9, 24, 39, 53, 62]"
38CWS74285MFGZZXR09Z,0.25,16,0.10260989010989009,0.18518518518518517,"[1, 4, 12, 15, 24, 25, 28, 33, 35, 37, 39, 42, 45, 46, 49, 55]","[0, 2, 7, 9, 17, 21, 24, 27, 28, 33, 39, 46, 53, 56, 59, 62]"
