channel,report_focus,mean_abs_d_near,mean_bgs,d_near_rank,bgs_rank,case_mean_d_near_rank,case_mean_bgs_rank,positive_bgs_case_fraction
0,False,0.49106426787854174,0.14347586857699698,21.0,5.0,24.25,7.375,1.0
1,False,0.42475120208139616,0.06489868832676295,25.0,24.0,28.625,25.5,0.875
2,False,0.1490336446781424,0.15145383446475025,60.0,3.0,52.25,8.25,1.0
3,False,0.1407435055326989,0.012101747464946154,61.0,44.0,53.25,40.125,0.625
4,False,0.4030678115808896,0.015116941057475831,28.0,41.0,30.5,38.375,0.5
5,False,0.2534534898004419,-0.045509083809726715,46.0,57.0,42.25,48.5,0.375
6,False,0.29225090723761865,0.0659386207197296,42.0,22.0,39.875,27.875,0.875
7,False,0.10642857555891765,0.10120886780872264,63.0,12.0,55.625,15.875,1.0
8,False,0.1208905060783867,0.07406673436628897,62.0,18.0,54.25,20.875,1.0
9,False,0.2248472118976071,0.10701770466618578,51.0,11.0,46.5,15.625,1.0
10,False,0.3034847017921727,0.008890015301912814,41.0,45.0,39.875,40.75,0.375
11,False,0.6497375144210148,0.036728814264460355,10.0,33.0,15.125,33.5,0.875
12,True,0.9538366497683107,-0.01873997877054782,3.0,52.0,3.625,46.375,0.5
13,False,0.3172766748462236,-0.011730327968307346,38.0,51.0,38.25,43.875,0.625
14,False,0.5117695451836588,0.06020990550320695,19.0,25.0,24.25,28.625,0.875
15,False,0.6182378439651511,-0.08656827247586771,14.0,63.0,14.625,57.75,0.125
16,False,0.31249196172918414,-0.049381874509655324,40.0,58.0,39.625,53.875,0.125
17,False,0.5523278676030431,0.06539421412705762,17.0,23.0,19.25,25.125,0.875
18,False,0.28270269543317966,0.07863715624760499,43.0,16.0,40.875,22.875,1.0
19,False,0.2340980302131367,0.11361375927220026,49.0,10.0,45.125,13.625,1.0
20,False,0.36026965220238244,-0.023010462998581834,33.0,54.0,36.375,48.5,0.375
21,False,0.235780405474613,0.14861666326282133,48.0,4.0,45.875,11.625,1.0
22,False,0.2175407891430138,-0.029415697770271476,52.0,55.0,45.625,50.625,0.125
23,False,0.4428033613686365,-0.06318152332820404,22.0,59.0,32.25,54.125,0.125
24,True,0.8334395566852361,0.13702973291282688,5.0,7.0,7.25,9.5,1.0
25,False,0.35883657694299775,-0.0661841589459187,34.0,60.0,36.375,55.625,0.125
26,False,0.3176006322545313,0.014276416067523633,37.0,42.0,37.625,40.5,0.75
27,False,0.5771050773768154,-0.019770662845009012,16.0,53.0,19.5,46.0,0.25
28,False,0.615859287335373,0.04904813947962647,15.0,29.0,15.125,29.625,0.875
29,False,0.20162757092207378,0.09794922295058811,54.0,13.0,48.625,17.5,0.875
30,False,0.3148297689573894,-0.0737041695801162,39.0,61.0,37.375,56.25,0.125
31,False,0.4130464922235522,0.013229206638987561,26.0,43.0,29.625,40.75,0.5
32,False,0.4344048087435712,0.04038400212086909,23.0,32.0,28.25,31.5,0.75
33,False,0.733786860926251,0.1382313574484698,7.0,6.0,12.375,9.0,1.0
34,False,0.358796367848624,0.05289370053767446,35.0,27.0,34.375,27.625,1.0
35,True,1.0131548796130045,0.03288448628482591,1.0,36.0,2.5,35.0,0.75
36,False,0.15477503008995566,-0.11436581499666458,59.0,64.0,51.75,61.75,0.0
37,False,0.772444605883017,0.04239650403003147,6.0,31.0,10.25,31.125,0.75
38,False,0.25789397851088514,0.074899352316398,45.0,17.0,43.0,23.375,0.875
39,False,0.6354869647851208,0.12155410517560421,12.0,9.0,14.25,14.5,0.875
40,False,0.6324010000061697,0.01527554227398303,13.0,40.0,15.25,39.375,0.75
41,False,0.5132442388754759,0.03536237154458931,18.0,35.0,23.75,34.375,1.0
42,False,0.6490114261799758,-0.004900181210667919,11.0,49.0,13.125,43.0,0.625
43,False,0.3972595108874473,0.036675564639080095,30.0,34.0,33.625,34.25,0.75
44,False,0.43354507716077006,0.048064799201195815,24.0,30.0,31.25,31.125,0.75
45,False,0.6638124267935211,0.07030581800198063,8.0,19.0,14.125,26.375,0.75
46,False,0.9573293308300612,0.06969494327978362,2.0,21.0,3.5,25.125,1.0
47,False,0.6521355562793747,0.059696742048242844,9.0,26.0,14.625,28.0,0.875
48,False,0.23164854412671668,0.07019630280736339,50.0,20.0,44.875,23.625,1.0
49,True,0.9155664217703579,-0.03583506151170541,4.0,56.0,3.875,53.625,0.125
50,False,0.23879666249065218,0.029801446216284742,47.0,39.0,43.625,36.25,0.75
51,False,0.3989252361519158,0.032344003911349055,29.0,37.0,33.0,35.25,0.75
52,False,0.1665380953200074,0.006343355642143549,56.0,47.0,49.75,42.75,0.625
53,False,0.2594260520288013,0.1677225277774399,44.0,1.0,42.625,7.125,1.0
54,False,0.3605972132834522,0.007188758441763199,32.0,46.0,35.25,42.625,0.5
55,False,0.5066344670555138,0.03109618630518498,20.0,38.0,22.375,34.5,0.75
56,False,0.3940682020544669,-0.006925901656089594,31.0,50.0,33.375,42.875,0.375
57,False,0.3291201635095433,0.12398981779477732,36.0,8.0,37.25,11.75,1.0
58,False,0.1615628243168547,-0.07393115411768954,57.0,62.0,52.5,57.125,0.0
59,False,0.19778730527051994,0.049050338024917005,55.0,28.0,47.5,30.125,0.75
60,False,0.2116442724715125,-0.0010296254291707386,53.0,48.0,47.5,44.0,0.5
61,False,0.40893772586185784,0.1531123757743835,27.0,2.0,32.125,6.625,1.0
62,False,0.16066387338813323,0.08443797478292238,58.0,15.0,52.0,19.75,1.0
63,False,0.1058138125044317,0.08659226451404664,64.0,14.0,56.75,21.125,0.875
