unit,case_id,patch_id,comparison,cosine,matched_voxels,valid_patches
patch,06SR5RBREL16DQ6M8LWS,1,near_far_cosine,0.5333261368756214,24,
patch,06SR5RBREL16DQ6M8LWS,2,near_far_cosine,0.47049110079336215,24,
patch,06SR5RBREL16DQ6M8LWS,3,near_far_cosine,0.5156813879236378,27,
case_mean_of_patch_cosines,06SR5RBREL16DQ6M8LWS,,near_far_cosine,0.5064995418642071,,3
cosine_of_case_mean_vectors,06SR5RBREL16DQ6M8LWS,,near_far_cosine,0.5717105140536216,,3
patch,0RZDK210BSMWAA6467LU,1,near_far_cosine,0.513172870674743,239,
patch,0RZDK210BSMWAA6467LU,2,near_far_cosine,0.5614563418401551,284,
patch,0RZDK210BSMWAA6467LU,3,near_far_cosine,0.565348209716996,228,
case_mean_of_patch_cosines,0RZDK210BSMWAA6467LU,,near_far_cosine,0.5466591407439647,,3
cosine_of_case_mean_vectors,0RZDK210BSMWAA6467LU,,near_far_cosine,0.558040452750685,,3
patch,1D7CUD1955YZPGK8XHJX,1,near_far_cosine,0.6041147044061684,110,
patch,1D7CUD1955YZPGK8XHJX,2,near_far_cosine,0.5556979970452813,68,
patch,1D7CUD1955YZPGK8XHJX,3,near_far_cosine,0.5873709152838675,83,
case_mean_of_patch_cosines,1D7CUD1955YZPGK8XHJX,,near_far_cosine,0.5823945389117725,,3
cosine_of_case_mean_vectors,1D7CUD1955YZPGK8XHJX,,near_far_cosine,0.6142770617122731,,3
patch,1GU15S0GJ6PFNARO469W,1,near_far_cosine,0.6058929293501059,18,
patch,1GU15S0GJ6PFNARO469W,2,near_far_cosine,0.5021382297869761,12,
patch,1GU15S0GJ6PFNARO469W,3,near_far_cosine,0.4871552026490486,14,
case_mean_of_patch_cosines,1GU15S0GJ6PFNARO469W,,near_far_cosine,0.5317287872620435,,3
cosine_of_case_mean_vectors,1GU15S0GJ6PFNARO469W,,near_far_cosine,0.5843148523104347,,3
patch,1MHBF3G6DCPWHSKG7XCP,1,near_far_cosine,0.3809522199171889,20,
patch,1MHBF3G6DCPWHSKG7XCP,2,near_far_cosine,0.2667552533914181,17,
patch,1MHBF3G6DCPWHSKG7XCP,3,near_far_cosine,0.5311521509633212,14,
case_mean_of_patch_cosines,1MHBF3G6DCPWHSKG7XCP,,near_far_cosine,0.39295320809064277,,3
cosine_of_case_mean_vectors,1MHBF3G6DCPWHSKG7XCP,,near_far_cosine,0.47293665591602435,,3
patch,23X6SY44VT9KFHR7S7OC,1,near_far_cosine,0.6032854604187003,81,
patch,23X6SY44VT9KFHR7S7OC,2,near_far_cosine,0.6308827579561009,86,
patch,23X6SY44VT9KFHR7S7OC,3,near_far_cosine,0.6201244721849306,55,
case_mean_of_patch_cosines,23X6SY44VT9KFHR7S7OC,,near_far_cosine,0.6180975635199106,,3
cosine_of_case_mean_vectors,23X6SY44VT9KFHR7S7OC,,near_far_cosine,0.6425191519291958,,3
patch,2XL5HSFSE93RMOJDRGR4,1,near_far_cosine,0.39969891967694965,117,
patch,2XL5HSFSE93RMOJDRGR4,2,near_far_cosine,0.6138628817383308,119,
patch,2XL5HSFSE93RMOJDRGR4,3,near_far_cosine,0.5158152982621996,129,
case_mean_of_patch_cosines,2XL5HSFSE93RMOJDRGR4,,near_far_cosine,0.50979236655916,,3
cosine_of_case_mean_vectors,2XL5HSFSE93RMOJDRGR4,,near_far_cosine,0.5286570055595257,,3
patch,38CWS74285MFGZZXR09Z,1,near_far_cosine,0.34593300057808724,52,
patch,38CWS74285MFGZZXR09Z,2,near_far_cosine,0.5732793773081559,55,
patch,38CWS74285MFGZZXR09Z,3,near_far_cosine,0.576068046477007,52,
case_mean_of_patch_cosines,38CWS74285MFGZZXR09Z,,near_far_cosine,0.49842680812108336,,3
cosine_of_case_mean_vectors,38CWS74285MFGZZXR09Z,,near_far_cosine,0.529678003300802,,3
patch,06SR5RBREL16DQ6M8LWS,1,near_global_cosine,0.42563695826924774,24,
patch,06SR5RBREL16DQ6M8LWS,2,near_global_cosine,0.3623254994724119,24,
patch,06SR5RBREL16DQ6M8LWS,3,near_global_cosine,0.5419333232428488,27,
case_mean_of_patch_cosines,06SR5RBREL16DQ6M8LWS,,near_global_cosine,0.4432985936615028,,3
cosine_of_case_mean_vectors,06SR5RBREL16DQ6M8LWS,,near_global_cosine,0.49267371673682586,,3
patch,0RZDK210BSMWAA6467LU,1,near_global_cosine,0.4755802307175785,239,
patch,0RZDK210BSMWAA6467LU,2,near_global_cosine,0.5633785351042041,284,
patch,0RZDK210BSMWAA6467LU,3,near_global_cosine,0.47687233106745713,228,
case_mean_of_patch_cosines,0RZDK210BSMWAA6467LU,,near_global_cosine,0.5052770322964132,,3
cosine_of_case_mean_vectors,0RZDK210BSMWAA6467LU,,near_global_cosine,0.5196505187470066,,3
patch,1D7CUD1955YZPGK8XHJX,1,near_global_cosine,0.6202271226535092,110,
patch,1D7CUD1955YZPGK8XHJX,2,near_global_cosine,0.520300224642882,68,
patch,1D7CUD1955YZPGK8XHJX,3,near_global_cosine,0.5403884199748149,83,
case_mean_of_patch_cosines,1D7CUD1955YZPGK8XHJX,,near_global_cosine,0.5603052557570688,,3
cosine_of_case_mean_vectors,1D7CUD1955YZPGK8XHJX,,near_global_cosine,0.5896991954305218,,3
patch,1GU15S0GJ6PFNARO469W,1,near_global_cosine,0.5093167587419208,18,
patch,1GU15S0GJ6PFNARO469W,2,near_global_cosine,0.33329482219834383,12,
patch,1GU15S0GJ6PFNARO469W,3,near_global_cosine,0.5787113501007678,14,
case_mean_of_patch_cosines,1GU15S0GJ6PFNARO469W,,near_global_cosine,0.47377431034701084,,3
cosine_of_case_mean_vectors,1GU15S0GJ6PFNARO469W,,near_global_cosine,0.5187326132568219,,3
patch,1MHBF3G6DCPWHSKG7XCP,1,near_global_cosine,0.26280250951332296,20,
patch,1MHBF3G6DCPWHSKG7XCP,2,near_global_cosine,0.33526481384708723,17,
patch,1MHBF3G6DCPWHSKG7XCP,3,near_global_cosine,0.3667189465339951,14,
case_mean_of_patch_cosines,1MHBF3G6DCPWHSKG7XCP,,near_global_cosine,0.32159542329813506,,3
cosine_of_case_mean_vectors,1MHBF3G6DCPWHSKG7XCP,,near_global_cosine,0.3831019528013867,,3
patch,23X6SY44VT9KFHR7S7OC,1,near_global_cosine,0.6192382377950464,81,
patch,23X6SY44VT9KFHR7S7OC,2,near_global_cosine,0.5843489500764172,86,
patch,23X6SY44VT9KFHR7S7OC,3,near_global_cosine,0.5799818627183209,55,
case_mean_of_patch_cosines,23X6SY44VT9KFHR7S7OC,,near_global_cosine,0.5945230168632615,,3
cosine_of_case_mean_vectors,23X6SY44VT9KFHR7S7OC,,near_global_cosine,0.6188085867018126,,3
patch,2XL5HSFSE93RMOJDRGR4,1,near_global_cosine,0.46771619379489077,117,
patch,2XL5HSFSE93RMOJDRGR4,2,near_global_cosine,0.6297784925812684,119,
patch,2XL5HSFSE93RMOJDRGR4,3,near_global_cosine,0.50534533167504,129,
case_mean_of_patch_cosines,2XL5HSFSE93RMOJDRGR4,,near_global_cosine,0.5342800060170664,,3
cosine_of_case_mean_vectors,2XL5HSFSE93RMOJDRGR4,,near_global_cosine,0.5442663859812439,,3
patch,38CWS74285MFGZZXR09Z,1,near_global_cosine,0.44873502914095476,52,
patch,38CWS74285MFGZZXR09Z,2,near_global_cosine,0.5690031179659478,55,
patch,38CWS74285MFGZZXR09Z,3,near_global_cosine,0.591360016078622,52,
case_mean_of_patch_cosines,38CWS74285MFGZZXR09Z,,near_global_cosine,0.5363660543951748,,3
cosine_of_case_mean_vectors,38CWS74285MFGZZXR09Z,,near_global_cosine,0.5707168938873985,,3
patch,06SR5RBREL16DQ6M8LWS,1,far_global_cosine,0.8872625219516962,24,
patch,06SR5RBREL16DQ6M8LWS,2,far_global_cosine,0.8475144340697253,24,
patch,06SR5RBREL16DQ6M8LWS,3,far_global_cosine,0.8756844219604759,27,
case_mean_of_patch_cosines,06SR5RBREL16DQ6M8LWS,,far_global_cosine,0.8701537926606324,,3
cosine_of_case_mean_vectors,06SR5RBREL16DQ6M8LWS,,far_global_cosine,0.9134954245515156,,3
patch,0RZDK210BSMWAA6467LU,1,far_global_cosine,0.9753618093641089,239,
patch,0RZDK210BSMWAA6467LU,2,far_global_cosine,0.9618454134708431,284,
patch,0RZDK210BSMWAA6467LU,3,far_global_cosine,0.9670652544209816,228,
case_mean_of_patch_cosines,0RZDK210BSMWAA6467LU,,far_global_cosine,0.9680908257519779,,3
cosine_of_case_mean_vectors,0RZDK210BSMWAA6467LU,,far_global_cosine,0.9800177095217834,,3
patch,1D7CUD1955YZPGK8XHJX,1,far_global_cosine,0.8601834942226437,110,
patch,1D7CUD1955YZPGK8XHJX,2,far_global_cosine,0.886438657936914,68,
patch,1D7CUD1955YZPGK8XHJX,3,far_global_cosine,0.8695071638516764,83,
case_mean_of_patch_cosines,1D7CUD1955YZPGK8XHJX,,far_global_cosine,0.872043105337078,,3
cosine_of_case_mean_vectors,1D7CUD1955YZPGK8XHJX,,far_global_cosine,0.8953852707332777,,3
patch,1GU15S0GJ6PFNARO469W,1,far_global_cosine,0.7863511703226563,18,
patch,1GU15S0GJ6PFNARO469W,2,far_global_cosine,0.7611198822507167,12,
patch,1GU15S0GJ6PFNARO469W,3,far_global_cosine,0.8547293272466269,14,
case_mean_of_patch_cosines,1GU15S0GJ6PFNARO469W,,far_global_cosine,0.80073345994,,3
cosine_of_case_mean_vectors,1GU15S0GJ6PFNARO469W,,far_global_cosine,0.9202191308751813,,3
patch,1MHBF3G6DCPWHSKG7XCP,1,far_global_cosine,0.8293436854748244,20,
patch,1MHBF3G6DCPWHSKG7XCP,2,far_global_cosine,0.8615747186368484,17,
patch,1MHBF3G6DCPWHSKG7XCP,3,far_global_cosine,0.744700759749135,14,
case_mean_of_patch_cosines,1MHBF3G6DCPWHSKG7XCP,,far_global_cosine,0.8118730546202694,,3
cosine_of_case_mean_vectors,1MHBF3G6DCPWHSKG7XCP,,far_global_cosine,0.8938692315822474,,3
patch,23X6SY44VT9KFHR7S7OC,1,far_global_cosine,0.9287841155665294,81,
patch,23X6SY44VT9KFHR7S7OC,2,far_global_cosine,0.9400838890474934,86,
patch,23X6SY44VT9KFHR7S7OC,3,far_global_cosine,0.9099330759390513,55,
case_mean_of_patch_cosines,23X6SY44VT9KFHR7S7OC,,far_global_cosine,0.9262670268510247,,3
cosine_of_case_mean_vectors,23X6SY44VT9KFHR7S7OC,,far_global_cosine,0.9542020413421981,,3
patch,2XL5HSFSE93RMOJDRGR4,1,far_global_cosine,0.8880726486115056,117,
patch,2XL5HSFSE93RMOJDRGR4,2,far_global_cosine,0.9028325841279287,119,
patch,2XL5HSFSE93RMOJDRGR4,3,far_global_cosine,0.8883481296424034,129,
case_mean_of_patch_cosines,2XL5HSFSE93RMOJDRGR4,,far_global_cosine,0.8930844541272792,,3
cosine_of_case_mean_vectors,2XL5HSFSE93RMOJDRGR4,,far_global_cosine,0.9056613558831781,,3
patch,38CWS74285MFGZZXR09Z,1,far_global_cosine,0.9240777935481876,52,
patch,38CWS74285MFGZZXR09Z,2,far_global_cosine,0.906546996082148,55,
patch,38CWS74285MFGZZXR09Z,3,far_global_cosine,0.8159631138343055,52,
case_mean_of_patch_cosines,38CWS74285MFGZZXR09Z,,far_global_cosine,0.8821959678215471,,3
cosine_of_case_mean_vectors,38CWS74285MFGZZXR09Z,,far_global_cosine,0.9126295905398679,,3
