case_id,patch_id,sample_n,balanced_vs_full_near_cosine,full_near_vs_global_cosine
06SR5RBREL16DQ6M8LWS,1,24,0.9411572498281456,0.4806348494270043
06SR5RBREL16DQ6M8LWS,2,24,0.7902215409766565,0.45143347677687073
06SR5RBREL16DQ6M8LWS,3,27,0.9210470774071936,0.46754755312887464
0RZDK210BSMWAA6467LU,1,239,0.9793719671768568,0.47728552016963804
0RZDK210BSMWAA6467LU,2,284,0.9923109175103212,0.5680179787806432
0RZDK210BSMWAA6467LU,3,228,0.9724518285987711,0.4805379483326612
1D7CUD1955YZPGK8XHJX,1,110,0.9588850642141525,0.5941224806415921
1D7CUD1955YZPGK8XHJX,2,68,0.9557411584115638,0.5695210976436094
1D7CUD1955YZPGK8XHJX,3,83,0.9277617759155256,0.5731692005662096
1GU15S0GJ6PFNARO469W,1,18,0.9079831016904872,0.4513929157201809
1GU15S0GJ6PFNARO469W,2,12,0.8719599443766315,0.38540226857204823
1GU15S0GJ6PFNARO469W,3,14,0.7867308098418005,0.6309105071832644
1MHBF3G6DCPWHSKG7XCP,1,20,0.8149054011502338,0.496433953011228
1MHBF3G6DCPWHSKG7XCP,2,17,0.7598103500627981,0.49606908290507185
1MHBF3G6DCPWHSKG7XCP,3,14,0.7993008860734755,0.38797205832607523
23X6SY44VT9KFHR7S7OC,1,81,0.955096377148618,0.6346579327396153
23X6SY44VT9KFHR7S7OC,2,86,0.9310456757630402,0.6163053601838937
23X6SY44VT9KFHR7S7OC,3,55,0.9607456697310112,0.5759271740375229
2XL5HSFSE93RMOJDRGR4,1,117,0.9743707530230103,0.5332991281877102
2XL5HSFSE93RMOJDRGR4,2,119,0.9684507248058941,0.6444028881287819
2XL5HSFSE93RMOJDRGR4,3,129,0.9765108697819902,0.5460266132935091
38CWS74285MFGZZXR09Z,1,52,0.9392708179235827,0.5868263115162097
38CWS74285MFGZZXR09Z,2,55,0.9748054133585349,0.5658138021624165
38CWS74285MFGZZXR09Z,3,52,0.943113907869845,0.5274034450451601
