case_id,patch_id,augmentation,status,reason,feature_shape,sample_n,near_in,near_out,far_in,far_out,foreground_core,background_core,boundary,nonboundary
06SR5RBREL16DQ6M8LWS,1,identity,valid,,"[1, 64, 28, 28, 20]",24,1345,1876,251,2372,24,7026,3221,9673
06SR5RBREL16DQ6M8LWS,1,flip_axis0,valid,,"[1, 64, 28, 28, 20]",,,,,,,,3187,9713
06SR5RBREL16DQ6M8LWS,1,flip_axis1,valid,,"[1, 64, 28, 28, 20]",,,,,,,,3225,9643
06SR5RBREL16DQ6M8LWS,1,rot90_axes01,valid,,"[1, 64, 28, 28, 20]",,,,,,,,3225,9643
06SR5RBREL16DQ6M8LWS,2,identity,valid,,"[1, 64, 28, 28, 20]",24,1285,1917,255,2404,24,6948,3202,9631
06SR5RBREL16DQ6M8LWS,2,flip_axis0,valid,,"[1, 64, 28, 28, 20]",,,,,,,,3116,9743
06SR5RBREL16DQ6M8LWS,2,flip_axis1,valid,,"[1, 64, 28, 28, 20]",,,,,,,,3193,9678
06SR5RBREL16DQ6M8LWS,2,rot90_axes01,valid,,"[1, 64, 28, 28, 20]",,,,,,,,3193,9678
06SR5RBREL16DQ6M8LWS,3,identity,valid,,"[1, 64, 28, 28, 20]",27,1184,1672,270,2062,27,7987,2856,10346
06SR5RBREL16DQ6M8LWS,3,flip_axis0,valid,,"[1, 64, 28, 28, 20]",,,,,,,,2993,10149
06SR5RBREL16DQ6M8LWS,3,flip_axis1,valid,,"[1, 64, 28, 28, 20]",,,,,,,,2866,10326
06SR5RBREL16DQ6M8LWS,3,rot90_axes01,valid,,"[1, 64, 28, 28, 20]",,,,,,,,2866,10326
0RZDK210BSMWAA6467LU,1,identity,valid,,"[1, 64, 28, 28, 20]",239,1786,2210,572,2106,239,5419,3996,8336
0RZDK210BSMWAA6467LU,1,flip_axis0,valid,,"[1, 64, 28, 28, 20]",,,,,,,,4037,8259
0RZDK210BSMWAA6467LU,1,flip_axis1,valid,,"[1, 64, 28, 28, 20]",,,,,,,,3993,8367
0RZDK210BSMWAA6467LU,1,rot90_axes01,valid,,"[1, 64, 28, 28, 20]",,,,,,,,3993,8367
0RZDK210BSMWAA6467LU,2,identity,valid,,"[1, 64, 28, 28, 20]",284,1379,1836,503,2372,284,6288,3215,9447
0RZDK210BSMWAA6467LU,2,flip_axis0,valid,,"[1, 64, 28, 28, 20]",,,,,,,,3312,9308
0RZDK210BSMWAA6467LU,2,flip_axis1,valid,,"[1, 64, 28, 28, 20]",,,,,,,,3244,9387
0RZDK210BSMWAA6467LU,2,rot90_axes01,valid,,"[1, 64, 28, 28, 20]",,,,,,,,3244,9387
0RZDK210BSMWAA6467LU,3,identity,valid,,"[1, 64, 28, 28, 20]",228,1761,2260,576,2118,228,5442,4021,8364
0RZDK210BSMWAA6467LU,3,flip_axis0,valid,,"[1, 64, 28, 28, 20]",,,,,,,,4016,8377
0RZDK210BSMWAA6467LU,3,flip_axis1,valid,,"[1, 64, 28, 28, 20]",,,,,,,,3905,8609
0RZDK210BSMWAA6467LU,3,rot90_axes01,valid,,"[1, 64, 28, 28, 20]",,,,,,,,3905,8609
1D7CUD1955YZPGK8XHJX,1,identity,valid,,"[1, 64, 28, 28, 20]",110,1053,1427,302,1475,110,9187,2480,11074
1D7CUD1955YZPGK8XHJX,1,flip_axis0,valid,,"[1, 64, 28, 28, 20]",,,,,,,,2581,10906
1D7CUD1955YZPGK8XHJX,1,flip_axis1,valid,,"[1, 64, 28, 28, 20]",,,,,,,,2509,10951
1D7CUD1955YZPGK8XHJX,1,rot90_axes01,valid,,"[1, 64, 28, 28, 20]",,,,,,,,2509,10951
1D7CUD1955YZPGK8XHJX,2,identity,valid,,"[1, 64, 28, 28, 20]",68,916,1330,233,1802,68,9210,2246,11313
1D7CUD1955YZPGK8XHJX,2,flip_axis0,valid,,"[1, 64, 28, 28, 20]",,,,,,,,2335,11147
1D7CUD1955YZPGK8XHJX,2,flip_axis1,valid,,"[1, 64, 28, 28, 20]",,,,,,,,2273,11269
1D7CUD1955YZPGK8XHJX,2,rot90_axes01,valid,,"[1, 64, 28, 28, 20]",,,,,,,,2273,11269
1D7CUD1955YZPGK8XHJX,3,identity,valid,,"[1, 64, 28, 28, 20]",83,1486,2043,403,1986,83,6794,3529,9266
1D7CUD1955YZPGK8XHJX,3,flip_axis0,valid,,"[1, 64, 28, 28, 20]",,,,,,,,3442,9410
1D7CUD1955YZPGK8XHJX,3,flip_axis1,valid,,"[1, 64, 28, 28, 20]",,,,,,,,3507,9262
1D7CUD1955YZPGK8XHJX,3,rot90_axes01,valid,,"[1, 64, 28, 28, 20]",,,,,,,,3507,9262
1GU15S0GJ6PFNARO469W,1,identity,valid,,"[1, 64, 28, 28, 20]",18,1143,1682,225,2293,18,7635,2825,10171
1GU15S0GJ6PFNARO469W,1,flip_axis0,valid,,"[1, 64, 28, 28, 20]",,,,,,,,2786,10282
1GU15S0GJ6PFNARO469W,1,flip_axis1,valid,,"[1, 64, 28, 28, 20]",,,,,,,,2819,10200
1GU15S0GJ6PFNARO469W,1,rot90_axes01,valid,,"[1, 64, 28, 28, 20]",,,,,,,,2819,10200
1GU15S0GJ6PFNARO469W,2,identity,valid,,"[1, 64, 28, 28, 20]",12,1123,1662,224,2255,12,7828,2785,10319
1GU15S0GJ6PFNARO469W,2,flip_axis0,valid,,"[1, 64, 28, 28, 20]",,,,,,,,2749,10417
1GU15S0GJ6PFNARO469W,2,flip_axis1,valid,,"[1, 64, 28, 28, 20]",,,,,,,,2776,10341
1GU15S0GJ6PFNARO469W,2,rot90_axes01,valid,,"[1, 64, 28, 28, 20]",,,,,,,,2776,10341
1GU15S0GJ6PFNARO469W,3,identity,valid,,"[1, 64, 28, 28, 20]",14,1088,1647,230,2188,14,7980,2735,10412
1GU15S0GJ6PFNARO469W,3,flip_axis0,valid,,"[1, 64, 28, 28, 20]",,,,,,,,2673,10529
1GU15S0GJ6PFNARO469W,3,flip_axis1,valid,,"[1, 64, 28, 28, 20]",,,,,,,,2724,10434
1GU15S0GJ6PFNARO469W,3,rot90_axes01,valid,,"[1, 64, 28, 28, 20]",,,,,,,,2724,10434
1MHBF3G6DCPWHSKG7XCP,1,identity,valid,,"[1, 64, 28, 28, 20]",20,1292,1846,226,2178,20,7447,3138,9871
1MHBF3G6DCPWHSKG7XCP,1,flip_axis0,valid,,"[1, 64, 28, 28, 20]",,,,,,,,3131,9835
1MHBF3G6DCPWHSKG7XCP,1,flip_axis1,valid,,"[1, 64, 28, 28, 20]",,,,,,,,3162,9842
1MHBF3G6DCPWHSKG7XCP,1,rot90_axes01,valid,,"[1, 64, 28, 28, 20]",,,,,,,,3162,9842
1MHBF3G6DCPWHSKG7XCP,2,identity,valid,,"[1, 64, 28, 28, 20]",17,1192,1740,227,2194,17,7684,2932,10122
1MHBF3G6DCPWHSKG7XCP,2,flip_axis0,valid,,"[1, 64, 28, 28, 20]",,,,,,,,2891,10208
1MHBF3G6DCPWHSKG7XCP,2,flip_axis1,valid,,"[1, 64, 28, 28, 20]",,,,,,,,2968,10088
1MHBF3G6DCPWHSKG7XCP,2,rot90_axes01,valid,,"[1, 64, 28, 28, 20]",,,,,,,,2968,10088
1MHBF3G6DCPWHSKG7XCP,3,identity,valid,,"[1, 64, 28, 28, 20]",14,1281,1850,234,2118,14,7517,3131,9883
1MHBF3G6DCPWHSKG7XCP,3,flip_axis0,valid,,"[1, 64, 28, 28, 20]",,,,,,,,3145,9808
1MHBF3G6DCPWHSKG7XCP,3,flip_axis1,valid,,"[1, 64, 28, 28, 20]",,,,,,,,3148,9847
1MHBF3G6DCPWHSKG7XCP,3,rot90_axes01,valid,,"[1, 64, 28, 28, 20]",,,,,,,,3148,9847
23X6SY44VT9KFHR7S7OC,1,identity,valid,,"[1, 64, 28, 28, 20]",81,1421,1917,467,2281,81,6512,3338,9341
23X6SY44VT9KFHR7S7OC,1,flip_axis0,valid,,"[1, 64, 28, 28, 20]",,,,,,,,3269,9488
23X6SY44VT9KFHR7S7OC,1,flip_axis1,valid,,"[1, 64, 28, 28, 20]",,,,,,,,3348,9340
23X6SY44VT9KFHR7S7OC,1,rot90_axes01,valid,,"[1, 64, 28, 28, 20]",,,,,,,,3348,9340
23X6SY44VT9KFHR7S7OC,2,identity,valid,,"[1, 64, 28, 28, 20]",86,1516,1966,488,1941,86,6723,3482,9238
23X6SY44VT9KFHR7S7OC,2,flip_axis0,valid,,"[1, 64, 28, 28, 20]",,,,,,,,3450,9261
23X6SY44VT9KFHR7S7OC,2,flip_axis1,valid,,"[1, 64, 28, 28, 20]",,,,,,,,3499,9236
23X6SY44VT9KFHR7S7OC,2,rot90_axes01,valid,,"[1, 64, 28, 28, 20]",,,,,,,,3499,9236
23X6SY44VT9KFHR7S7OC,3,identity,valid,,"[1, 64, 28, 28, 20]",55,992,1389,256,1920,55,8785,2381,11016
23X6SY44VT9KFHR7S7OC,3,flip_axis0,valid,,"[1, 64, 28, 28, 20]",,,,,,,,2514,10756
23X6SY44VT9KFHR7S7OC,3,flip_axis1,valid,,"[1, 64, 28, 28, 20]",,,,,,,,2403,10980
23X6SY44VT9KFHR7S7OC,3,rot90_axes01,valid,,"[1, 64, 28, 28, 20]",,,,,,,,2403,10980
2XL5HSFSE93RMOJDRGR4,1,identity,valid,,"[1, 64, 28, 28, 20]",117,975,1374,288,1756,117,8933,2349,11094
2XL5HSFSE93RMOJDRGR4,1,flip_axis0,valid,,"[1, 64, 28, 28, 20]",,,,,,,,2451,10909
2XL5HSFSE93RMOJDRGR4,1,flip_axis1,valid,,"[1, 64, 28, 28, 20]",,,,,,,,2345,11101
2XL5HSFSE93RMOJDRGR4,1,rot90_axes01,valid,,"[1, 64, 28, 28, 20]",,,,,,,,2345,11101
2XL5HSFSE93RMOJDRGR4,2,identity,valid,,"[1, 64, 28, 28, 20]",119,1497,1927,420,1463,119,7644,3424,9646
2XL5HSFSE93RMOJDRGR4,2,flip_axis0,valid,,"[1, 64, 28, 28, 20]",,,,,,,,3388,9630
2XL5HSFSE93RMOJDRGR4,2,flip_axis1,valid,,"[1, 64, 28, 28, 20]",,,,,,,,3504,9421
2XL5HSFSE93RMOJDRGR4,2,rot90_axes01,valid,,"[1, 64, 28, 28, 20]",,,,,,,,3504,9421
2XL5HSFSE93RMOJDRGR4,3,identity,valid,,"[1, 64, 28, 28, 20]",129,1389,1830,440,1648,129,7665,3219,9882
2XL5HSFSE93RMOJDRGR4,3,flip_axis0,valid,,"[1, 64, 28, 28, 20]",,,,,,,,3172,9987
2XL5HSFSE93RMOJDRGR4,3,flip_axis1,valid,,"[1, 64, 28, 28, 20]",,,,,,,,3302,9672
2XL5HSFSE93RMOJDRGR4,3,rot90_axes01,valid,,"[1, 64, 28, 28, 20]",,,,,,,,3302,9672
38CWS74285MFGZZXR09Z,1,identity,valid,,"[1, 64, 28, 28, 20]",52,1228,1694,356,2060,52,7672,2922,10140
38CWS74285MFGZZXR09Z,1,flip_axis0,valid,,"[1, 64, 28, 28, 20]",,,,,,,,3011,10012
38CWS74285MFGZZXR09Z,1,flip_axis1,valid,,"[1, 64, 28, 28, 20]",,,,,,,,2949,10104
38CWS74285MFGZZXR09Z,1,rot90_axes01,valid,,"[1, 64, 28, 28, 20]",,,,,,,,2949,10104
38CWS74285MFGZZXR09Z,2,identity,valid,,"[1, 64, 28, 28, 20]",55,1248,1717,357,1924,55,7774,2965,10110
38CWS74285MFGZZXR09Z,2,flip_axis0,valid,,"[1, 64, 28, 28, 20]",,,,,,,,3056,9988
38CWS74285MFGZZXR09Z,2,flip_axis1,valid,,"[1, 64, 28, 28, 20]",,,,,,,,2991,10043
38CWS74285MFGZZXR09Z,2,rot90_axes01,valid,,"[1, 64, 28, 28, 20]",,,,,,,,2991,10043
38CWS74285MFGZZXR09Z,3,identity,valid,,"[1, 64, 28, 28, 20]",52,780,1231,198,1926,52,9427,2011,11603
38CWS74285MFGZZXR09Z,3,flip_axis0,valid,,"[1, 64, 28, 28, 20]",,,,,,,,2104,11423
38CWS74285MFGZZXR09Z,3,flip_axis1,valid,,"[1, 64, 28, 28, 20]",,,,,,,,2003,11611
38CWS74285MFGZZXR09Z,3,rot90_axes01,valid,,"[1, 64, 28, 28, 20]",,,,,,,,2003,11611
