checkpoint,case_id,valid_patches,bgs_utility_spearman,w_utility_spearman,utility_mean,utility_positive_fraction,utility_negative_fraction,boundary_ce,full_ce,supervised_ce_dice,high_utility_mean,high_utility_median,high_utility_positive_fraction,high_utility_negative_fraction,high_utility_near_zero_fraction,high_gain_plus_mean,high_gain_plus_median,high_gain_plus_positive_fraction,high_gain_plus_negative_fraction,high_gain_minus_mean,high_gain_minus_positive_fraction,high_full_ce_gain_plus_mean,high_supervised_gain_plus_mean,high_boundary_better_full_ce_worse_fraction,high_boundary_better_supervised_worse_fraction,high_central_curvature_mean,middle_utility_mean,middle_utility_median,middle_utility_positive_fraction,middle_utility_negative_fraction,middle_utility_near_zero_fraction,middle_gain_plus_mean,middle_gain_plus_median,middle_gain_plus_positive_fraction,middle_gain_plus_negative_fraction,middle_gain_minus_mean,middle_gain_minus_positive_fraction,middle_full_ce_gain_plus_mean,middle_supervised_gain_plus_mean,middle_boundary_better_full_ce_worse_fraction,middle_boundary_better_supervised_worse_fraction,middle_central_curvature_mean,low_utility_mean,low_utility_median,low_utility_positive_fraction,low_utility_negative_fraction,low_utility_near_zero_fraction,low_gain_plus_mean,low_gain_plus_median,low_gain_plus_positive_fraction,low_gain_plus_negative_fraction,low_gain_minus_mean,low_gain_minus_positive_fraction,low_full_ce_gain_plus_mean,low_supervised_gain_plus_mean,low_boundary_better_full_ce_worse_fraction,low_boundary_better_supervised_worse_fraction,low_central_curvature_mean,high_minus_low_utility,high_minus_low_gain_plus,bgs_utility_spearman_defined_patches,w_utility_spearman_defined_patches
baseline_ema,06SR5RBREL16DQ6M8LWS,3,-0.184508547008547,-0.14601705249406602,-0.019648546042541664,0.2708333333333333,0.7291666666666666,0.6833849614488076,0.04991378386815389,0.0366235530624787,-0.0219759705166022,-0.04227956756949425,0.3333333333333333,0.6666666666666666,0.0,-0.0012086951571223525,-0.0022080061049189656,0.3333333333333333,0.6666666666666666,0.0009923674098299418,0.6666666666666666,-6.202297906080882e-05,-3.095219532648722e-05,0.16666666666666666,0.16666666666666666,0.0865310989169717,-0.0336654968559742,-0.029756474619110424,0.08333333333333333,0.9166666666666666,0.0,-0.0017664653059398239,-0.001563556617707999,0.08333333333333333,0.9166666666666666,0.001607246438761321,0.9166666666666666,-5.763831237951914e-05,-2.6637688279151917e-05,0.0,0.0,0.06368754687139745,0.002244299976155162,0.002470137163375815,0.5,0.5,0.0,7.433459133907028e-05,9.89578110786223e-05,0.5,0.5,-0.00014878503368225457,0.5,2.9249737660090127e-06,1.7957451442877452e-06,0.0,0.08333333333333333,0.0297801769372663,-0.02422027049275736,-0.0012830297484614228,3,3
baseline_ema,0RZDK210BSMWAA6467LU,3,-0.30503663003663,-0.3037792438843775,-0.022794844582676888,0.2604166666666667,0.7395833333333334,0.7307597169948076,0.04563877979914347,0.031927103797594704,0.02633512330551942,0.010644882296522459,0.4166666666666667,0.5833333333333334,0.0,0.0011951078383712621,0.0005076879447036461,0.4166666666666667,0.5833333333333334,-0.0014631450734423994,0.5833333333333334,6.949839492638905e-05,3.76896932721138e-05,0.08333333333333333,0.08333333333333333,0.10721489402845857,-0.02378958680977424,-0.01711943078165253,0.25,0.75,0.0,-0.0012513823794826813,-0.0008980400777884312,0.25,0.75,0.0011267883576011235,0.6666666666666666,-6.769349177678426e-05,-3.8533471524715424e-05,0.08333333333333333,0.08333333333333333,0.0498376087526268,-0.005162007990293205,-0.006375786925976475,0.4166666666666667,0.5833333333333334,0.0,-0.0002749268467062231,-0.00033183847259774896,0.4166666666666667,0.5833333333333334,0.00022574032490800996,0.5833333333333334,-5.443270007769267e-06,4.737327496210734e-07,0.0,0.0,0.01967460871928524,0.03149713129581263,0.0014700346850774852,3,3
baseline_ema,1D7CUD1955YZPGK8XHJX,3,-0.2105616605616605,-0.1962462806712011,-0.026973751684029896,0.2916666666666667,0.7083333333333334,0.9485321649125197,0.05575263686478138,0.039853996286789574,-0.0762942023575306,-0.05432027454177538,0.08333333333333333,0.9166666666666666,0.0,-0.003918049557628413,-0.0027835403527000833,0.08333333333333333,0.9166666666666666,0.0037030356950339036,0.9166666666666666,-0.00018566365664203963,-0.00010075513273477554,0.0,0.0,0.08600554503779277,0.004544361184040706,0.009071060766776403,0.6666666666666666,0.3333333333333333,0.0,0.0001654826872680241,0.00039716323792776675,0.6666666666666666,0.3333333333333333,-0.0002743270820672698,0.3333333333333333,-1.5241093933582306e-06,1.791398972272873e-06,0.16666666666666666,0.16666666666666666,0.043537757919653856,-0.01623733000208934,-0.016209095095594723,0.16666666666666666,0.8333333333333334,0.0,-0.0008221346840388185,-0.0008234788403565138,0.16666666666666666,0.8333333333333334,0.000793936485933224,0.8333333333333334,-3.7426905085643135e-05,-2.00541689991951e-05,0.08333333333333333,0.08333333333333333,0.01127927924225632,-0.06005687235544125,-0.0030959148735895947,3,3
baseline_ema,1GU15S0GJ6PFNARO469W,3,-0.16068376068376064,-0.12516346662034122,-0.026299310848116875,0.296875,0.703125,0.8057377362915247,0.04736431688070297,0.03325062617659569,-0.059945945938428245,-0.06707557290792465,0.08333333333333333,0.9166666666666666,0.0,-0.0031361259632356753,-0.003481274079985608,0.08333333333333333,0.9166666666666666,0.002873686121171809,0.9166666666666666,-0.0001767581949631373,-9.900052100419998e-05,0.08333333333333333,0.08333333333333333,0.1049759368255465,-0.028119809615115326,-0.02336426234493653,0.25,0.75,0.0,-0.0014982790145372145,-0.0012710596036116795,0.25,0.75,0.0013364125022630642,0.75,-8.666453262170155e-05,-4.793579379717509e-05,0.08333333333333333,0.08333333333333333,0.064746604909649,-0.008657835268725952,-0.01337238292520245,0.3333333333333333,0.6666666666666666,0.0,-0.0004904959797179068,-0.0007389653625489897,0.3333333333333333,0.6666666666666666,0.0003857352971361934,0.6666666666666666,-2.553189794222514e-05,-1.4160449306170145e-05,0.0,0.08333333333333333,0.04190427303269276,-0.05128811066970229,-0.0026456299835177686,3,3
baseline_ema,1MHBF3G6DCPWHSKG7XCP,3,-0.031883394383394374,-0.031059602326022034,-0.029072043175498646,0.3125,0.6875,0.8655918131363856,0.052806047101815544,0.037440801660219826,-0.02954732005794843,-0.029795944690704346,0.4166666666666667,0.5833333333333334,0.0,-0.0015536441616730106,-0.0015553867860548243,0.4166666666666667,0.5833333333333334,0.0014290674896370776,0.5833333333333334,-8.900401492913564e-05,-4.577760895093282e-05,0.0,0.0,0.04983066881436569,-0.013920179568231106,-0.019423554961880047,0.3333333333333333,0.6666666666666666,0.0,-0.000765668140403399,-0.001041950201201051,0.3333333333333333,0.6666666666666666,0.0006282488695240063,0.5833333333333334,-5.037523806095123e-05,-3.154979397853216e-05,0.0,0.0,0.054967708351753373,-0.032781506422907114,-0.015363878260056177,0.3333333333333333,0.6666666666666666,0.0,-0.0016858851702811946,-0.0007899115908562663,0.3333333333333333,0.6666666666666666,0.001592229945062316,0.6666666666666666,-0.0001333939532438914,-7.836520671844482e-05,0.0,0.0,0.037462090087540346,0.0032341863649586835,0.00013224100860818414,3,3
baseline_ema,23X6SY44VT9KFHR7S7OC,3,-0.05963064713064712,-0.07765625638703007,-0.013595121291776499,0.296875,0.703125,0.842844523968501,0.04971033334732056,0.03492104013760885,-0.018104839604347944,-0.010359117140372595,0.25,0.75,0.0,-0.0009757819552459098,-0.0005584434228812866,0.3333333333333333,0.6666666666666666,0.0008511600809991138,0.6666666666666666,-6.352427105108897e-05,-2.6348978281021118e-05,0.08333333333333333,0.0,0.049848749698711,-0.02412707855304082,-0.023368035443127155,0.08333333333333333,0.9166666666666666,0.0,-0.0012694714076766274,-0.0012536785878130192,0.08333333333333333,0.9166666666666666,0.0011537075471683051,0.8333333333333334,-7.017888128757477e-05,-2.970173954963684e-05,0.0,0.0,0.04630554420332888,-0.012617082024614016,-0.013463789597153664,0.4166666666666667,0.5833333333333334,0.0,-0.0006564338003278158,-0.000695474865078242,0.4166666666666667,0.5833333333333334,0.0005967415249870656,0.5833333333333334,-3.84176770846049e-05,-2.0088938375314076e-05,0.0,0.0,0.023876910136300108,-0.005487757579733928,-0.00031934815491809393,3,3
baseline_ema,2XL5HSFSE93RMOJDRGR4,3,-0.043009768009768,-0.020205513296459032,-0.02441697008907795,0.28125,0.71875,0.9508830848449992,0.06068820382157961,0.04207864155371984,-0.031289043525854744,-0.04059589405854543,0.16666666666666666,0.8333333333333334,0.0,-0.0016731881315531032,-0.002118625665036178,0.16666666666666666,0.8333333333333334,0.0014400025746064693,0.8333333333333334,-0.00011812709271907806,-7.158176352580388e-05,0.16666666666666666,0.16666666666666666,0.09327422277866461,-0.044829332580169044,-0.04906811689337095,0.08333333333333333,0.9166666666666666,0.0,-0.0023074430215913135,-0.002516016896745373,0.08333333333333333,0.9166666666666666,0.002166663151719659,0.9166666666666666,-0.00014118881275256476,-7.431643704573314e-05,0.0,0.0,0.05631194794869879,-0.02399843403448661,-0.011656461438784996,0.3333333333333333,0.6666666666666666,0.0,-0.0012505209602860778,-0.0006117793854598838,0.3333333333333333,0.6666666666666666,0.0011520222251417134,0.6666666666666666,-6.587151437997818e-05,-3.1115797658761345e-05,0.0,0.08333333333333333,0.03939949405774948,-0.0072906094913681345,-0.0004226671712670253,3,3
baseline_ema,38CWS74285MFGZZXR09Z,3,-0.11268315018315017,-0.0994176093508757,-0.021396150191624958,0.2604166666666667,0.7395833333333334,0.7524322125173541,0.04064527899026871,0.02917590116461118,-0.03082042559981346,-0.034369085604945816,0.16666666666666666,0.8333333333333334,0.0,-0.0016377457404447848,-0.001816506067210381,0.16666666666666666,0.8333333333333334,0.001462614484699809,0.8333333333333334,-6.74668699502945e-05,-3.0067749321460724e-05,0.0,0.0,0.0700525022979977,-0.004270380983750026,-0.018447133091588814,0.25,0.75,0.0,-0.0003209491134160136,-0.0009867310413709252,0.25,0.75,0.00012886385277735557,0.75,-1.535688837369283e-05,-1.1907890439033508e-05,0.0,0.0,0.07683410425545951,-0.006169063834628711,-0.006518006479988496,0.5833333333333334,0.4166666666666667,0.0,-0.00035020526607995595,-0.0003564334505538058,0.5,0.5,0.0002630635288868588,0.4166666666666667,-1.9370267788569134e-05,-1.1449679732322693e-05,0.25,0.3333333333333333,0.03485669487723885,-0.02465136176518475,-0.0012875404743648289,3,3
experiment_A_ema,06SR5RBREL16DQ6M8LWS,3,-0.10671550671550671,-0.08835584429381083,-0.028537541007002194,0.2604166666666667,0.7395833333333334,0.8023360283134447,0.046564746648073196,0.03233512615164121,0.022906498052179813,-0.02840566945572694,0.3333333333333333,0.6666666666666666,0.0,0.0009388623842402818,-0.0015584943935433488,0.3333333333333333,0.6666666666666666,-0.0013572368620292652,0.6666666666666666,7.169786840677261e-05,4.0994336207707725e-05,0.0,0.0,0.16734979111558224,-0.06440431873003642,-0.0695589209596316,0.25,0.75,0.0,-0.0033769982403283514,-0.0036243902588560064,0.25,0.75,0.003121113560605506,0.75,-0.0002010483294725418,-0.00011579971760511398,0.0,0.0,0.10235387188914923,-0.008867858598629633,-0.012230849514404932,0.4166666666666667,0.5833333333333334,0.0,-0.0004809865666527413,-0.0006531720220199211,0.4166666666666667,0.5833333333333334,0.0004010716590714669,0.5833333333333334,-2.5203141073385876e-05,-1.5598256140947342e-05,0.0,0.0,0.03196596303251345,0.031774356650809445,0.001419848950893023,3,3
experiment_A_ema,0RZDK210BSMWAA6467LU,3,-0.24082722832722828,-0.21891812420805576,-0.016228859623273213,0.3333333333333333,0.6666666666666666,0.7998058505953952,0.048720682660738625,0.033735401928424835,0.00028066709637641907,-0.0605195127427578,0.25,0.75,0.0,-0.00027400374800398697,-0.003185053696166673,0.25,0.75,-0.0003027352934089067,0.75,-2.1576570967833202e-05,-1.1672265827655792e-05,0.0,0.08333333333333333,0.23069561656514634,-0.0048124513899286585,-0.007209221522013347,0.5,0.5,0.0,-0.0002868817999555536,-0.0004089531501982324,0.5,0.5,0.00018493789282196063,0.5,-2.049996207157771e-05,-1.163966953754425e-05,0.0,0.0,0.04077756285342607,0.0039822521309057874,0.0046586279446880026,0.75,0.25,0.0,0.00016372300968663564,0.00020076985467489447,0.75,0.25,-0.0002465013063462455,0.25,6.026898821194966e-06,3.83394459883372e-06,0.0,0.16666666666666666,0.033111318663836535,-0.003701585034529368,-0.0004377267576906226,3,3
experiment_A_ema,1D7CUD1955YZPGK8XHJX,3,-0.2496031746031746,-0.24800968059341857,-0.03245001037915548,0.2916666666666667,0.7083333333333334,1.0313901810599662,0.057347251723210015,0.040626835698882736,-0.07036570087075233,-0.06164534017443657,0.16666666666666666,0.8333333333333334,0.0,-0.0036329227894820923,-0.0031972110438892587,0.16666666666666666,0.8333333333333334,0.0034142998848458914,0.8333333333333334,-0.0001426121840874354,-7.626569519440334e-05,0.0,0.0,0.08744916185448776,-0.0687129870057106,-0.06573850413163503,0.0,1.0,0.0,-0.003492586084116567,-0.0033311896448011504,0.0,1.0,0.003397772629946163,1.0,-0.00019086028138796488,-0.00010503393908341725,0.0,0.0,0.037925381668165344,-0.008617730073941251,-0.018571500666439533,0.4166666666666667,0.5833333333333334,0.0,-0.00044683752010565847,-0.000960000841483973,0.4166666666666667,0.5833333333333334,0.0004231775914022388,0.5833333333333334,-2.0662943522135418e-05,-1.4154861370722452e-05,0.16666666666666666,0.16666666666666666,0.009463971481360465,-0.06174797079681108,-0.003186085269376434,3,3
experiment_A_ema,1GU15S0GJ6PFNARO469W,3,-0.3134615384615384,-0.3162355043512875,-0.03916786114374796,0.2552083333333333,0.7447916666666666,0.9642478615850658,0.05677344277501106,0.038392926255861916,-0.013855569685498873,-0.10126019145051639,0.25,0.75,0.0,-0.0009228035290961186,-0.005150830673507116,0.25,0.75,0.0004641899776314425,0.75,-7.113969574371974e-05,-4.3211194376150765e-05,0.0,0.0,0.1834454205858593,-0.05759145816167196,-0.04799375310540199,0.3333333333333333,0.6666666666666666,0.0,-0.0029852359040828482,-0.0024761613466361223,0.3333333333333333,0.6666666666666666,0.00276439315313771,0.6666666666666666,-0.00020369142293930054,-0.00012027006596326828,0.0,0.0,0.08833710037804789,-0.003918101700643699,-0.007915133610367775,0.5,0.5,0.0,-0.000218959039154328,-0.0004155381135329724,0.5,0.5,0.00016544658128963183,0.5,9.047798812389374e-06,6.341375410556793e-06,0.0,0.0,0.02140498314587476,-0.009937467984855175,-0.0007038444899417906,3,3
experiment_A_ema,1MHBF3G6DCPWHSKG7XCP,3,0.08922466422466423,0.09711567921827997,-0.0279885729153951,0.3333333333333333,0.6666666666666666,0.7902133094691273,0.045987822115421295,0.03231059946119785,-0.02260107733309269,-0.02194694895297289,0.25,0.75,0.0,-0.0012324391906629502,-0.0011988156099515164,0.25,0.75,0.001010838668437088,0.75,-6.327188263336818e-05,-3.696481386820475e-05,0.0,0.0,0.08864020889035223,-0.05268551905949911,-0.041955684777349234,0.08333333333333333,0.9166666666666666,0.0,-0.0027366821131478702,-0.002200000986374351,0.08333333333333333,0.9166666666666666,0.002561019656688155,0.75,-0.00017629594852526984,-0.00010476944347222646,0.0,0.0,0.07026498258388227,-0.015672669435540836,-0.019629784549276035,0.4166666666666667,0.5833333333333334,0.0,-0.0008407050345996999,-0.0010367402723573578,0.4166666666666667,0.5833333333333334,0.000741701682006953,0.5833333333333334,-5.559654285510381e-05,-3.511644899845123e-05,0.0,0.0,0.03960134103709507,-0.006928407897551854,-0.00039173415606325035,3,3
experiment_A_ema,23X6SY44VT9KFHR7S7OC,3,-0.10059523809523807,-0.0667380284507778,-0.018305942726631958,0.3489583333333333,0.6510416666666666,0.8314649769165036,0.05012831588586172,0.035060750941435494,0.036814951648314796,-0.047335355853041015,0.3333333333333333,0.6666666666666666,0.0,0.0014875284019572517,-0.002499607208951815,0.3333333333333333,0.6666666666666666,-0.002169435081836387,0.6666666666666666,0.0001154514029622078,7.043499499559402e-05,0.0,0.0,0.2727626719516429,-0.016180350134770077,-0.007856656642009815,0.4166666666666667,0.5833333333333334,0.0,-0.0008612527855990463,-0.000453274431251538,0.4166666666666667,0.5833333333333334,0.0007559324695969316,0.5833333333333334,-2.3779459297657013e-05,-1.4410043756167093e-05,0.0,0.0,0.04212812640083847,0.001459944372375806,-0.00409952395906051,0.3333333333333333,0.6666666666666666,0.0,4.222111608147746e-05,-0.0002312922846812171,0.3333333333333333,0.6666666666666666,-0.00010358051126009109,0.5833333333333334,4.064602156480153e-06,3.612600266933441e-06,0.0,0.0,0.024543758071452842,0.03535500727593899,0.0014453072858757743,3,3
experiment_A_ema,2XL5HSFSE93RMOJDRGR4,3,-0.07837301587301587,-0.09455712010896011,-0.01981992522875468,0.328125,0.671875,0.9970503706679672,0.060722230623165764,0.04084203019738197,0.01872026671965917,-0.015665913155923288,0.5,0.5,0.0,0.0007872451651221579,-0.0007987679945528625,0.5,0.5,-0.001099477471456195,0.5,4.699205358823141e-05,2.733338624238968e-05,0.08333333333333333,0.08333333333333333,0.1248929225336,-0.004870527734359105,-0.004631644735733668,0.3333333333333333,0.6666666666666666,0.0,-0.0002540548668869917,-0.0002489028548386951,0.3333333333333333,0.6666666666666666,0.00021170350808743152,0.6666666666666666,-1.3278797268867493e-05,-5.785065392653148e-06,0.0,0.0,0.01694054351981666,-0.02520269403855006,-0.03222353135546049,0.25,0.75,0.0,-0.0012863975656972244,-0.0016319759785346128,0.25,0.75,0.0012288033344072709,0.75,-7.038687666257222e-05,-3.779058655103048e-05,0.0,0.0,0.023037692515985118,0.04392296075820923,0.0020736427308193825,3,3
experiment_A_ema,38CWS74285MFGZZXR09Z,3,-0.11419413919413919,-0.13560074028094282,-0.022610433399677277,0.3020833333333333,0.6979166666666666,0.7203138150028537,0.03768263260523478,0.027198885877927143,-0.02461923658847809,-0.05824768543243408,0.25,0.75,0.0,-0.0014326525158951848,-0.003030431046226245,0.25,0.75,0.0010559637320382103,0.75,-6.3333660364151e-05,-3.519716362158457e-05,0.0,0.0,0.15067551354278244,-0.020581938326358795,-0.015598966429630915,0.16666666666666666,0.8333333333333334,0.0,-0.001097276122012066,-0.0008342954016223499,0.16666666666666666,0.8333333333333334,0.0009558736169531882,0.8333333333333334,-5.5705818037192025e-05,-3.341104214390119e-05,0.0,0.0,0.0565610020235511,-0.011027817924817404,-0.011861506849527359,0.4166666666666667,0.5833333333333334,0.0,-0.0005767749394639254,-0.0006160740606604062,0.4166666666666667,0.5833333333333334,0.0005221893109274937,0.5833333333333334,-3.045611083507538e-05,-1.8002154926458996e-05,0.0,0.0,0.02183425141456899,-0.013591418663660685,-0.0008558775764312595,3,3
