checkpoint,channel,n_cases,positive_case_fraction,negative_case_fraction,near_zero_case_fraction,majority_sign_fraction,high_bgs_negative_case_count,low_bgs_positive_case_count,high_bgs_negative_cases,low_bgs_positive_cases,case_mean_utility
baseline_ema,0,8,1.0,0.0,0.0,1.0,0,0,[],[],0.021398834884166718
baseline_ema,1,8,0.125,0.875,0.0,0.875,0,0,[],[],-0.03130854293704033
baseline_ema,2,8,0.125,0.875,0.0,0.875,3,0,"[""06SR5RBREL16DQ6M8LWS"", ""0RZDK210BSMWAA6467LU"", ""1GU15S0GJ6PFNARO469W""]",[],-0.02634146437048912
baseline_ema,3,8,0.0,1.0,0.0,1.0,0,0,[],[],-0.030053768306970596
baseline_ema,4,8,0.0,1.0,0.0,1.0,0,0,[],[],-0.04941677302122116
baseline_ema,5,8,0.625,0.375,0.0,0.625,0,1,[],"[""38CWS74285MFGZZXR09Z""]",0.005075389053672552
baseline_ema,6,8,0.25,0.75,0.0,0.75,0,0,[],[],-0.017529165372252464
baseline_ema,7,8,0.0,1.0,0.0,1.0,1,0,"[""38CWS74285MFGZZXR09Z""]",[],-0.06181976944208145
baseline_ema,8,8,0.0,1.0,0.0,1.0,0,0,[],[],-0.04255707934498787
baseline_ema,9,8,0.125,0.875,0.0,0.875,2,0,"[""0RZDK210BSMWAA6467LU"", ""1D7CUD1955YZPGK8XHJX""]",[],-0.062171682715415955
baseline_ema,10,8,0.375,0.625,0.0,0.625,0,0,[],[],-0.012037806212902069
baseline_ema,11,8,0.25,0.75,0.0,0.75,0,0,[],[],-0.008033589459955692
baseline_ema,12,8,0.5,0.5,0.0,0.5,0,0,[],[],-0.0021131252869963646
baseline_ema,13,8,0.0,1.0,0.0,1.0,0,0,[],[],-0.014482716098427773
baseline_ema,14,8,0.875,0.125,0.0,0.875,0,0,[],[],0.006550766993314028
baseline_ema,15,8,0.625,0.375,0.0,0.625,0,2,[],"[""1GU15S0GJ6PFNARO469W"", ""23X6SY44VT9KFHR7S7OC""]",0.006441575475037098
baseline_ema,16,8,1.0,0.0,0.0,1.0,0,1,[],"[""0RZDK210BSMWAA6467LU""]",0.0164632685482502
baseline_ema,17,8,0.0,1.0,0.0,1.0,1,0,"[""23X6SY44VT9KFHR7S7OC""]",[],-0.06133214384317398
baseline_ema,18,8,0.0,1.0,0.0,1.0,0,0,[],[],-0.06662142276763916
baseline_ema,19,8,1.0,0.0,0.0,1.0,0,0,[],[],0.04922601580619812
baseline_ema,20,8,0.0,1.0,0.0,1.0,0,0,[],[],-0.07231229543685913
baseline_ema,21,8,0.125,0.875,0.0,0.875,2,0,"[""1GU15S0GJ6PFNARO469W"", ""2XL5HSFSE93RMOJDRGR4""]",[],-0.0192161463201046
baseline_ema,22,8,0.0,1.0,0.0,1.0,0,0,[],[],-0.020251138135790825
baseline_ema,23,8,0.0,1.0,0.0,1.0,0,0,[],[],-0.028104744851589203
baseline_ema,24,8,0.0,1.0,0.0,1.0,3,0,"[""1D7CUD1955YZPGK8XHJX"", ""2XL5HSFSE93RMOJDRGR4"", ""38CWS74285MFGZZXR09Z""]",[],-0.04380523040890694
baseline_ema,25,8,0.0,1.0,0.0,1.0,0,0,[],[],-0.02649235539138317
baseline_ema,26,8,0.75,0.25,0.0,0.75,0,0,[],[],0.011902580969035625
baseline_ema,27,8,0.75,0.25,0.0,0.75,0,0,[],[],0.021938420832157135
baseline_ema,28,8,0.25,0.75,0.0,0.75,0,0,[],[],-0.0049328915774822235
baseline_ema,29,8,1.0,0.0,0.0,1.0,0,0,[],[],0.030470265075564384
baseline_ema,30,8,0.0,1.0,0.0,1.0,0,0,[],[],-0.025095144286751747
baseline_ema,31,8,0.125,0.875,0.0,0.875,0,0,[],[],-0.025765351951122284
baseline_ema,32,8,0.0,1.0,0.0,1.0,0,0,[],[],-0.06347028911113739
baseline_ema,33,8,1.0,0.0,0.0,1.0,0,0,[],[],0.17024590075016022
baseline_ema,34,8,0.25,0.75,0.0,0.75,0,0,[],[],-0.009729454293847084
baseline_ema,35,8,0.5,0.5,0.0,0.5,0,0,[],[],-0.0009637549519538879
baseline_ema,36,8,0.875,0.125,0.0,0.875,0,5,[],"[""0RZDK210BSMWAA6467LU"", ""1D7CUD1955YZPGK8XHJX"", ""1GU15S0GJ6PFNARO469W"", ""23X6SY44VT9KFHR7S7OC"", ""2XL5HSFSE93RMOJDRGR4""]",0.008989261463284492
baseline_ema,37,8,0.0,1.0,0.0,1.0,0,0,[],[],-0.05772331357002258
baseline_ema,38,8,0.0,1.0,0.0,1.0,0,0,[],[],-0.0318283811211586
baseline_ema,39,8,0.0,1.0,0.0,1.0,3,0,"[""06SR5RBREL16DQ6M8LWS"", ""1GU15S0GJ6PFNARO469W"", ""38CWS74285MFGZZXR09Z""]",[],-0.05541566014289856
baseline_ema,40,8,0.875,0.125,0.0,0.875,0,0,[],[],0.01512938179075718
baseline_ema,41,8,0.0,1.0,0.0,1.0,0,0,[],[],-0.06424281746149063
baseline_ema,42,8,0.0,1.0,0.0,1.0,0,0,[],[],-0.05210035294294357
baseline_ema,43,8,0.0,1.0,0.0,1.0,0,0,[],[],-0.051747724413871765
baseline_ema,44,8,0.125,0.875,0.0,0.875,0,0,[],[],-0.020304683595895767
baseline_ema,45,8,0.0,1.0,0.0,1.0,2,0,"[""1D7CUD1955YZPGK8XHJX"", ""1MHBF3G6DCPWHSKG7XCP""]",[],-0.05965038016438484
baseline_ema,46,8,0.0,1.0,0.0,1.0,0,0,[],[],-0.052086587995290756
baseline_ema,47,8,0.125,0.875,0.0,0.875,0,0,[],[],-0.03535148873925209
baseline_ema,48,8,0.0,1.0,0.0,1.0,1,0,"[""1D7CUD1955YZPGK8XHJX""]",[],-0.08012597262859344
baseline_ema,49,8,0.125,0.875,0.0,0.875,0,0,[],[],-0.014245247468352318
baseline_ema,50,8,0.125,0.875,0.0,0.875,0,0,[],[],-0.015118064358830452
baseline_ema,51,8,0.0,1.0,0.0,1.0,0,0,[],[],-0.15712088346481323
baseline_ema,52,8,0.0,1.0,0.0,1.0,0,0,[],[],-0.029316425323486328
baseline_ema,53,8,0.0,1.0,0.0,1.0,5,0,"[""06SR5RBREL16DQ6M8LWS"", ""1GU15S0GJ6PFNARO469W"", ""1MHBF3G6DCPWHSKG7XCP"", ""2XL5HSFSE93RMOJDRGR4"", ""38CWS74285MFGZZXR09Z""]",[],-0.0803757980465889
baseline_ema,54,8,0.25,0.75,0.0,0.75,0,0,[],[],-0.010751050896942616
baseline_ema,55,8,0.75,0.25,0.0,0.75,0,0,[],[],0.014485396444797516
baseline_ema,56,8,0.0,1.0,0.0,1.0,0,0,[],[],-0.0227678045630455
baseline_ema,57,8,0.0,1.0,0.0,1.0,0,0,[],[],-0.0482044592499733
baseline_ema,58,8,1.0,0.0,0.0,1.0,0,1,[],"[""1MHBF3G6DCPWHSKG7XCP""]",0.015670081600546837
baseline_ema,59,8,0.0,1.0,0.0,1.0,0,0,[],[],-0.09537336230278015
baseline_ema,60,8,1.0,0.0,0.0,1.0,0,0,[],[],0.04160180687904358
baseline_ema,61,8,0.25,0.75,0.0,0.75,2,0,"[""0RZDK210BSMWAA6467LU"", ""23X6SY44VT9KFHR7S7OC""]",[],-0.0018533673137426376
baseline_ema,62,8,0.625,0.375,0.0,0.625,0,0,[],[],0.00770517298951745
baseline_ema,63,8,0.0,1.0,0.0,1.0,0,0,[],[],-0.05520635470747948
experiment_A_ema,0,8,1.0,0.0,0.0,1.0,0,0,[],[],0.05471345782279968
experiment_A_ema,1,8,0.125,0.875,0.0,0.875,2,0,"[""1D7CUD1955YZPGK8XHJX"", ""1MHBF3G6DCPWHSKG7XCP""]",[],-0.04344499111175537
experiment_A_ema,2,8,0.0,1.0,0.0,1.0,2,0,"[""0RZDK210BSMWAA6467LU"", ""23X6SY44VT9KFHR7S7OC""]",[],-0.06337378174066544
experiment_A_ema,3,8,0.0,1.0,0.0,1.0,0,0,[],[],-0.03216218203306198
experiment_A_ema,4,8,0.0,1.0,0.0,1.0,0,0,[],[],-0.10059434175491333
experiment_A_ema,5,8,0.875,0.125,0.0,0.875,0,0,[],[],0.010322479531168938
experiment_A_ema,6,8,0.125,0.875,0.0,0.875,0,0,[],[],-0.020350506529211998
experiment_A_ema,7,8,0.0,1.0,0.0,1.0,0,0,[],[],-0.035327695310115814
experiment_A_ema,8,8,0.125,0.875,0.0,0.875,0,0,[],[],-0.03817958012223244
experiment_A_ema,9,8,0.875,0.125,0.0,0.875,0,3,[],"[""06SR5RBREL16DQ6M8LWS"", ""1GU15S0GJ6PFNARO469W"", ""38CWS74285MFGZZXR09Z""]",0.01382785476744175
experiment_A_ema,10,8,1.0,0.0,0.0,1.0,0,0,[],[],0.02542952075600624
experiment_A_ema,11,8,0.875,0.125,0.0,0.875,0,0,[],[],0.00819420162588358
experiment_A_ema,12,8,0.125,0.875,0.0,0.875,0,0,[],[],-0.005265369080007076
experiment_A_ema,13,8,0.125,0.875,0.0,0.875,0,0,[],[],-0.012560795992612839
experiment_A_ema,14,8,0.125,0.875,0.0,0.875,0,0,[],[],-0.01936955749988556
experiment_A_ema,15,8,0.375,0.625,0.0,0.625,0,0,[],[],-0.006354742217808962
experiment_A_ema,16,8,1.0,0.0,0.0,1.0,0,0,[],[],0.04610699415206909
experiment_A_ema,17,8,1.0,0.0,0.0,1.0,0,0,[],[],0.030473221093416214
experiment_A_ema,18,8,0.0,1.0,0.0,1.0,0,0,[],[],-0.06030012667179108
experiment_A_ema,19,8,0.375,0.625,0.0,0.625,0,0,[],[],-0.0028700088150799274
experiment_A_ema,20,8,0.0,1.0,0.0,1.0,0,0,[],[],-0.12782059609889984
experiment_A_ema,21,8,0.0,1.0,0.0,1.0,0,0,[],[],-0.033497586846351624
experiment_A_ema,22,8,0.0,1.0,0.0,1.0,0,0,[],[],-0.03618022799491882
experiment_A_ema,23,8,0.25,0.75,0.0,0.75,0,0,[],[],-0.010454177856445312
experiment_A_ema,24,8,0.0,1.0,0.0,1.0,0,0,[],[],-0.07955021411180496
experiment_A_ema,25,8,0.5,0.5,0.0,0.5,0,2,[],"[""1D7CUD1955YZPGK8XHJX"", ""2XL5HSFSE93RMOJDRGR4""]",-0.008898334577679634
experiment_A_ema,26,8,1.0,0.0,0.0,1.0,0,2,[],"[""0RZDK210BSMWAA6467LU"", ""1MHBF3G6DCPWHSKG7XCP""]",0.021968021988868713
experiment_A_ema,27,8,0.25,0.75,0.0,0.75,1,0,"[""1D7CUD1955YZPGK8XHJX""]",[],-0.013879917562007904
experiment_A_ema,28,8,0.125,0.875,0.0,0.875,0,0,[],[],-0.027612335979938507
experiment_A_ema,29,8,0.0,1.0,0.0,1.0,1,0,"[""1D7CUD1955YZPGK8XHJX""]",[],-0.03187622129917145
experiment_A_ema,30,8,0.0,1.0,0.0,1.0,0,0,[],[],-0.04882059246301651
experiment_A_ema,31,8,0.875,0.125,0.0,0.875,0,0,[],[],0.019199145957827568
experiment_A_ema,32,8,0.0,1.0,0.0,1.0,0,0,[],[],-0.08483424782752991
experiment_A_ema,33,8,1.0,0.0,0.0,1.0,0,0,[],[],0.33791583776474
experiment_A_ema,34,8,0.875,0.125,0.0,0.875,0,0,[],[],0.011166431941092014
experiment_A_ema,35,8,0.0,1.0,0.0,1.0,0,0,[],[],-0.05051339045166969
experiment_A_ema,36,8,0.125,0.875,0.0,0.875,0,1,[],"[""0RZDK210BSMWAA6467LU""]",-0.03388550505042076
experiment_A_ema,37,8,0.0,1.0,0.0,1.0,0,0,[],[],-0.1025259867310524
experiment_A_ema,38,8,0.0,1.0,0.0,1.0,0,0,[],[],-0.01945521868765354
experiment_A_ema,39,8,0.0,1.0,0.0,1.0,6,0,"[""06SR5RBREL16DQ6M8LWS"", ""0RZDK210BSMWAA6467LU"", ""1D7CUD1955YZPGK8XHJX"", ""1GU15S0GJ6PFNARO469W"", ""23X6SY44VT9KFHR7S7OC"", ""38CWS74285MFGZZXR09Z""]",[],-0.10288898646831512
experiment_A_ema,40,8,1.0,0.0,0.0,1.0,0,7,[],"[""06SR5RBREL16DQ6M8LWS"", ""0RZDK210BSMWAA6467LU"", ""1D7CUD1955YZPGK8XHJX"", ""1GU15S0GJ6PFNARO469W"", ""23X6SY44VT9KFHR7S7OC"", ""2XL5HSFSE93RMOJDRGR4"", ""38CWS74285MFGZZXR09Z""]",0.0334705114364624
experiment_A_ema,41,8,0.0,1.0,0.0,1.0,0,0,[],[],-0.08390405029058456
experiment_A_ema,42,8,0.0,1.0,0.0,1.0,0,0,[],[],-0.141771599650383
experiment_A_ema,43,8,0.0,1.0,0.0,1.0,0,0,[],[],-0.08497422933578491
experiment_A_ema,44,8,1.0,0.0,0.0,1.0,0,0,[],[],0.041959427297115326
experiment_A_ema,45,8,0.0,1.0,0.0,1.0,0,0,[],[],-0.037451229989528656
experiment_A_ema,46,8,0.0,1.0,0.0,1.0,5,0,"[""06SR5RBREL16DQ6M8LWS"", ""0RZDK210BSMWAA6467LU"", ""1GU15S0GJ6PFNARO469W"", ""23X6SY44VT9KFHR7S7OC"", ""38CWS74285MFGZZXR09Z""]",[],-0.19591572880744934
experiment_A_ema,47,8,0.125,0.875,0.0,0.875,0,0,[],[],-0.04368945583701134
experiment_A_ema,48,8,0.0,1.0,0.0,1.0,0,0,[],[],-0.04823159798979759
experiment_A_ema,49,8,0.0,1.0,0.0,1.0,0,0,[],[],-0.0715092346072197
experiment_A_ema,50,8,0.5,0.5,0.0,0.5,0,0,[],[],-0.0013496708124876022
experiment_A_ema,51,8,0.0,1.0,0.0,1.0,0,0,[],[],-0.10782251507043839
experiment_A_ema,52,8,0.0,1.0,0.0,1.0,0,0,[],[],-0.06117550656199455
experiment_A_ema,53,8,0.5,0.5,0.0,0.5,0,0,[],[],-0.004350592382252216
experiment_A_ema,54,8,0.25,0.75,0.0,0.75,0,0,[],[],-0.004102993290871382
experiment_A_ema,55,8,0.75,0.25,0.0,0.75,0,0,[],[],0.011579664424061775
experiment_A_ema,56,8,0.0,1.0,0.0,1.0,0,0,[],[],-0.041293926537036896
experiment_A_ema,57,8,0.375,0.625,0.0,0.625,1,0,"[""1MHBF3G6DCPWHSKG7XCP""]",[],-0.034409597516059875
experiment_A_ema,58,8,0.0,1.0,0.0,1.0,0,0,[],[],-0.02626912295818329
experiment_A_ema,59,8,0.0,1.0,0.0,1.0,3,0,"[""06SR5RBREL16DQ6M8LWS"", ""1GU15S0GJ6PFNARO469W"", ""38CWS74285MFGZZXR09Z""]",[],-0.06361208856105804
experiment_A_ema,60,8,1.0,0.0,0.0,1.0,0,0,[],[],0.07313379645347595
experiment_A_ema,61,8,0.0,1.0,0.0,1.0,0,0,[],[],-0.024126600474119186
experiment_A_ema,62,8,0.0,1.0,0.0,1.0,0,0,[],[],-0.03841333091259003
experiment_A_ema,63,8,0.125,0.875,0.0,0.875,0,0,[],[],-0.013113429769873619
