checkpoint,case_i,case_j,utility_rank_spearman,undefined_reason,sign_agreement_fraction
baseline_ema,06SR5RBREL16DQ6M8LWS,0RZDK210BSMWAA6467LU,0.8147893772893773,,0.84375
baseline_ema,06SR5RBREL16DQ6M8LWS,1D7CUD1955YZPGK8XHJX,0.7829212454212453,,0.84375
baseline_ema,06SR5RBREL16DQ6M8LWS,1GU15S0GJ6PFNARO469W,0.9170329670329669,,0.921875
baseline_ema,06SR5RBREL16DQ6M8LWS,1MHBF3G6DCPWHSKG7XCP,0.8090659340659341,,0.859375
baseline_ema,06SR5RBREL16DQ6M8LWS,23X6SY44VT9KFHR7S7OC,0.74010989010989,,0.84375
baseline_ema,06SR5RBREL16DQ6M8LWS,2XL5HSFSE93RMOJDRGR4,0.8256868131868131,,0.875
baseline_ema,06SR5RBREL16DQ6M8LWS,38CWS74285MFGZZXR09Z,0.8452838827838827,,0.875
baseline_ema,0RZDK210BSMWAA6467LU,1D7CUD1955YZPGK8XHJX,0.8981684981684981,,0.84375
baseline_ema,0RZDK210BSMWAA6467LU,1GU15S0GJ6PFNARO469W,0.7940934065934065,,0.859375
baseline_ema,0RZDK210BSMWAA6467LU,1MHBF3G6DCPWHSKG7XCP,0.7502747252747252,,0.828125
baseline_ema,0RZDK210BSMWAA6467LU,23X6SY44VT9KFHR7S7OC,0.6289835164835164,,0.8125
baseline_ema,0RZDK210BSMWAA6467LU,2XL5HSFSE93RMOJDRGR4,0.8388736263736263,,0.8125
baseline_ema,0RZDK210BSMWAA6467LU,38CWS74285MFGZZXR09Z,0.796657509157509,,0.8125
baseline_ema,1D7CUD1955YZPGK8XHJX,1GU15S0GJ6PFNARO469W,0.7432692307692307,,0.828125
baseline_ema,1D7CUD1955YZPGK8XHJX,1MHBF3G6DCPWHSKG7XCP,0.7080128205128204,,0.796875
baseline_ema,1D7CUD1955YZPGK8XHJX,23X6SY44VT9KFHR7S7OC,0.6068223443223443,,0.78125
baseline_ema,1D7CUD1955YZPGK8XHJX,2XL5HSFSE93RMOJDRGR4,0.8285714285714285,,0.875
baseline_ema,1D7CUD1955YZPGK8XHJX,38CWS74285MFGZZXR09Z,0.7760531135531136,,0.8125
baseline_ema,1GU15S0GJ6PFNARO469W,1MHBF3G6DCPWHSKG7XCP,0.779212454212454,,0.875
baseline_ema,1GU15S0GJ6PFNARO469W,23X6SY44VT9KFHR7S7OC,0.6656593406593406,,0.859375
baseline_ema,1GU15S0GJ6PFNARO469W,2XL5HSFSE93RMOJDRGR4,0.7363095238095237,,0.859375
baseline_ema,1GU15S0GJ6PFNARO469W,38CWS74285MFGZZXR09Z,0.7907509157509156,,0.890625
baseline_ema,1MHBF3G6DCPWHSKG7XCP,23X6SY44VT9KFHR7S7OC,0.6799450549450549,,0.828125
baseline_ema,1MHBF3G6DCPWHSKG7XCP,2XL5HSFSE93RMOJDRGR4,0.7940018315018315,,0.796875
baseline_ema,1MHBF3G6DCPWHSKG7XCP,38CWS74285MFGZZXR09Z,0.8629120879120877,,0.828125
baseline_ema,23X6SY44VT9KFHR7S7OC,2XL5HSFSE93RMOJDRGR4,0.625595238095238,,0.78125
baseline_ema,23X6SY44VT9KFHR7S7OC,38CWS74285MFGZZXR09Z,0.7047619047619047,,0.875
baseline_ema,2XL5HSFSE93RMOJDRGR4,38CWS74285MFGZZXR09Z,0.8198260073260073,,0.84375
experiment_A_ema,06SR5RBREL16DQ6M8LWS,0RZDK210BSMWAA6467LU,0.8199633699633699,,0.828125
experiment_A_ema,06SR5RBREL16DQ6M8LWS,1D7CUD1955YZPGK8XHJX,0.8259615384615383,,0.9375
experiment_A_ema,06SR5RBREL16DQ6M8LWS,1GU15S0GJ6PFNARO469W,0.930952380952381,,0.96875
experiment_A_ema,06SR5RBREL16DQ6M8LWS,1MHBF3G6DCPWHSKG7XCP,0.8434523809523807,,0.90625
experiment_A_ema,06SR5RBREL16DQ6M8LWS,23X6SY44VT9KFHR7S7OC,0.789514652014652,,0.890625
experiment_A_ema,06SR5RBREL16DQ6M8LWS,2XL5HSFSE93RMOJDRGR4,0.8106227106227105,,0.859375
experiment_A_ema,06SR5RBREL16DQ6M8LWS,38CWS74285MFGZZXR09Z,0.8118589743589744,,0.890625
experiment_A_ema,0RZDK210BSMWAA6467LU,1D7CUD1955YZPGK8XHJX,0.9105769230769228,,0.828125
experiment_A_ema,0RZDK210BSMWAA6467LU,1GU15S0GJ6PFNARO469W,0.8432234432234431,,0.796875
experiment_A_ema,0RZDK210BSMWAA6467LU,1MHBF3G6DCPWHSKG7XCP,0.8501373626373626,,0.796875
experiment_A_ema,0RZDK210BSMWAA6467LU,23X6SY44VT9KFHR7S7OC,0.844459706959707,,0.78125
experiment_A_ema,0RZDK210BSMWAA6467LU,2XL5HSFSE93RMOJDRGR4,0.7573717948717948,,0.75
experiment_A_ema,0RZDK210BSMWAA6467LU,38CWS74285MFGZZXR09Z,0.8191391941391941,,0.78125
experiment_A_ema,1D7CUD1955YZPGK8XHJX,1GU15S0GJ6PFNARO469W,0.8595695970695971,,0.90625
experiment_A_ema,1D7CUD1955YZPGK8XHJX,1MHBF3G6DCPWHSKG7XCP,0.8204670329670327,,0.875
experiment_A_ema,1D7CUD1955YZPGK8XHJX,23X6SY44VT9KFHR7S7OC,0.8724358974358972,,0.953125
experiment_A_ema,1D7CUD1955YZPGK8XHJX,2XL5HSFSE93RMOJDRGR4,0.8239010989010989,,0.890625
experiment_A_ema,1D7CUD1955YZPGK8XHJX,38CWS74285MFGZZXR09Z,0.8934981684981685,,0.890625
experiment_A_ema,1GU15S0GJ6PFNARO469W,1MHBF3G6DCPWHSKG7XCP,0.8490384615384615,,0.90625
experiment_A_ema,1GU15S0GJ6PFNARO469W,23X6SY44VT9KFHR7S7OC,0.7799450549450548,,0.890625
experiment_A_ema,1GU15S0GJ6PFNARO469W,2XL5HSFSE93RMOJDRGR4,0.8304487179487178,,0.828125
experiment_A_ema,1GU15S0GJ6PFNARO469W,38CWS74285MFGZZXR09Z,0.8624999999999998,,0.890625
experiment_A_ema,1MHBF3G6DCPWHSKG7XCP,23X6SY44VT9KFHR7S7OC,0.8592032967032965,,0.890625
experiment_A_ema,1MHBF3G6DCPWHSKG7XCP,2XL5HSFSE93RMOJDRGR4,0.7430860805860805,,0.828125
experiment_A_ema,1MHBF3G6DCPWHSKG7XCP,38CWS74285MFGZZXR09Z,0.7825549450549449,,0.828125
experiment_A_ema,23X6SY44VT9KFHR7S7OC,2XL5HSFSE93RMOJDRGR4,0.7505036630036629,,0.875
experiment_A_ema,23X6SY44VT9KFHR7S7OC,38CWS74285MFGZZXR09Z,0.8508699633699633,,0.90625
experiment_A_ema,2XL5HSFSE93RMOJDRGR4,38CWS74285MFGZZXR09Z,0.8576465201465201,,0.78125
