case_id,patch_index,valid,attempts,reason,start_padded,start_original,padding,original_shape,padded_shape,foreground_voxels,inner_voxels,outer_voxels,bgs_boundary_voxels,bgs_nonboundary_voxels
06SR5RBREL16DQ6M8LWS,0,True,1,,"[51, 14, 2]","[51, 14, 2]","[0, 0, 0]","[183, 140, 88]","[183, 140, 88]",143556,25699,28153,3221,9673
06SR5RBREL16DQ6M8LWS,1,True,1,,"[60, 20, 6]","[60, 20, 6]","[0, 0, 0]","[183, 140, 88]","[183, 140, 88]",138249,24682,27237,3202,9631
06SR5RBREL16DQ6M8LWS,2,True,1,,"[23, 2, 5]","[23, 2, 5]","[0, 0, 0]","[183, 140, 88]","[183, 140, 88]",135428,23674,25824,2856,10346
0RZDK210BSMWAA6467LU,0,True,1,,"[83, 29, 5]","[83, 29, 5]","[0, 0, 0]","[199, 143, 88]","[199, 143, 88]",196566,28177,30206,3513,9164
0RZDK210BSMWAA6467LU,1,True,1,,"[78, 19, 2]","[78, 19, 2]","[0, 0, 0]","[199, 143, 88]","[199, 143, 88]",207629,30281,32845,3854,8352
0RZDK210BSMWAA6467LU,2,True,1,,"[10, 28, 3]","[10, 28, 3]","[0, 0, 0]","[199, 143, 88]","[199, 143, 88]",144042,21253,23200,2635,10522
1D7CUD1955YZPGK8XHJX,0,True,1,,"[7, 26, 7]","[7, 26, 7]","[0, 0, 0]","[212, 141, 88]","[212, 141, 88]",78268,14567,16099,1822,12051
1D7CUD1955YZPGK8XHJX,1,True,1,,"[68, 16, 6]","[68, 16, 6]","[0, 0, 0]","[212, 141, 88]","[212, 141, 88]",190176,31785,34204,3819,8835
1D7CUD1955YZPGK8XHJX,2,True,1,,"[49, 14, 5]","[49, 14, 5]","[0, 0, 0]","[212, 141, 88]","[212, 141, 88]",169898,25421,26930,3027,9971
1GU15S0GJ6PFNARO469W,0,True,1,,"[38, 16, 6]","[38, 16, 6]","[0, 0, 0]","[180, 135, 88]","[180, 135, 88]",137805,24378,26564,3093,9889
1GU15S0GJ6PFNARO469W,1,True,1,,"[40, 15, 5]","[40, 15, 5]","[0, 0, 0]","[180, 135, 88]","[180, 135, 88]",136916,24105,26302,3072,9867
1GU15S0GJ6PFNARO469W,2,True,1,,"[27, 16, 7]","[27, 16, 7]","[0, 0, 0]","[180, 135, 88]","[180, 135, 88]",137800,24394,26515,3008,10000
1MHBF3G6DCPWHSKG7XCP,0,True,1,,"[45, 27, 7]","[45, 27, 7]","[0, 0, 0]","[190, 143, 88]","[190, 143, 88]",138731,25379,27612,3157,9864
1MHBF3G6DCPWHSKG7XCP,1,True,1,,"[49, 3, 7]","[49, 3, 7]","[0, 0, 0]","[190, 143, 88]","[190, 143, 88]",137982,25103,27446,3172,9815
1MHBF3G6DCPWHSKG7XCP,2,True,1,,"[42, 14, 1]","[42, 14, 1]","[0, 0, 0]","[190, 143, 88]","[190, 143, 88]",138674,25126,27250,3045,10120
23X6SY44VT9KFHR7S7OC,0,True,1,,"[10, 7, 6]","[10, 7, 6]","[0, 0, 0]","[187, 146, 88]","[187, 146, 88]",128816,19893,21545,2505,10740
23X6SY44VT9KFHR7S7OC,1,True,1,,"[44, 16, 1]","[44, 16, 1]","[0, 0, 0]","[187, 146, 88]","[187, 146, 88]",197150,27321,28834,3272,9602
23X6SY44VT9KFHR7S7OC,2,True,1,,"[28, 0, 6]","[28, 0, 6]","[0, 0, 0]","[187, 146, 88]","[187, 146, 88]",173276,24467,25867,2996,9998
2XL5HSFSE93RMOJDRGR4,0,True,1,,"[48, 14, 3]","[48, 14, 3]","[0, 0, 0]","[173, 148, 88]","[173, 148, 88]",185662,28994,31511,3518,9226
2XL5HSFSE93RMOJDRGR4,1,True,1,,"[0, 26, 2]","[0, 26, 2]","[0, 0, 0]","[173, 148, 88]","[173, 148, 88]",125003,18437,20089,2276,11253
2XL5HSFSE93RMOJDRGR4,2,True,1,,"[35, 0, 3]","[35, 0, 3]","[0, 0, 0]","[173, 148, 88]","[173, 148, 88]",186867,27679,29026,3005,10421
38CWS74285MFGZZXR09Z,0,True,1,,"[67, 14, 5]","[67, 14, 5]","[0, 0, 0]","[183, 147, 88]","[183, 147, 88]",155847,24991,27247,3157,9643
38CWS74285MFGZZXR09Z,1,True,1,,"[54, 24, 2]","[54, 24, 2]","[0, 0, 0]","[183, 147, 88]","[183, 147, 88]",162937,27300,29828,3461,9344
38CWS74285MFGZZXR09Z,2,True,1,,"[19, 12, 0]","[19, 12, 0]","[0, 0, 0]","[183, 147, 88]","[183, 147, 88]",124968,19802,21610,2467,10773
