checkpoint,case_id,patch_index,bgs_utility_spearman,bgs_spearman_undefined_reason,w_utility_spearman,w_spearman_undefined_reason,utility_mean,utility_positive_fraction,utility_negative_fraction,feature_shape,fd_unique_channels,fd_duplicate_memberships,boundary_ce,full_ce,supervised_ce_dice,high_utility_mean,high_utility_median,high_utility_positive_fraction,high_utility_negative_fraction,high_utility_near_zero_fraction,high_gain_plus_mean,high_gain_plus_median,high_gain_plus_positive_fraction,high_gain_plus_negative_fraction,high_gain_minus_mean,high_gain_minus_positive_fraction,high_full_ce_gain_plus_mean,high_supervised_gain_plus_mean,high_boundary_better_full_ce_worse_fraction,high_boundary_better_supervised_worse_fraction,high_central_curvature_mean,middle_utility_mean,middle_utility_median,middle_utility_positive_fraction,middle_utility_negative_fraction,middle_utility_near_zero_fraction,middle_gain_plus_mean,middle_gain_plus_median,middle_gain_plus_positive_fraction,middle_gain_plus_negative_fraction,middle_gain_minus_mean,middle_gain_minus_positive_fraction,middle_full_ce_gain_plus_mean,middle_supervised_gain_plus_mean,middle_boundary_better_full_ce_worse_fraction,middle_boundary_better_supervised_worse_fraction,middle_central_curvature_mean,low_utility_mean,low_utility_median,low_utility_positive_fraction,low_utility_negative_fraction,low_utility_near_zero_fraction,low_gain_plus_mean,low_gain_plus_median,low_gain_plus_positive_fraction,low_gain_plus_negative_fraction,low_gain_minus_mean,low_gain_minus_positive_fraction,low_full_ce_gain_plus_mean,low_supervised_gain_plus_mean,low_boundary_better_full_ce_worse_fraction,low_boundary_better_supervised_worse_fraction,low_central_curvature_mean,high_minus_low_utility,high_minus_low_gain_plus
baseline_ema,06SR5RBREL16DQ6M8LWS,0,-0.18818681318681318,,-0.14023495725374413,,-0.014629793353378773,0.265625,0.734375,"[1, 64, 28, 28, 20]",12,0,0.6463192142234132,0.05325141176581383,0.03860624134540558,-0.012485062703490257,-0.01730439066886902,0.25,0.75,0.0,-0.0007117153118070263,-0.0009630848217707655,0.25,0.75,0.0005821298895252458,0.75,-2.9617920517921448e-05,-5.492940545082092e-06,0.25,0.25,0.05183416891272329,-0.027798384428024292,-0.016573691740632057,0.0,1.0,0.0,-0.001465805472550985,-0.0008519536844485143,0.0,1.0,0.001337583267950082,1.0,-6.173644214868546e-05,-3.0299648642539978e-05,0.0,0.0,0.05128888184036117,0.0015773389022797346,-0.0007542108651250601,0.5,0.5,0.0,6.235450808270149e-05,-3.858304714554617e-05,0.5,0.5,-0.00010070847910551017,0.5,-7.828697562217712e-06,-5.737878382205963e-06,0.0,0.25,0.015341588409123471,-0.014062401605769992,-0.0007740698198897278
baseline_ema,06SR5RBREL16DQ6M8LWS,1,-0.2655677655677655,,-0.21103413418126196,,-0.01616683602333069,0.265625,0.734375,"[1, 64, 28, 28, 20]",12,0,0.6045022281613737,0.041002530604600906,0.03072185255587101,0.031244101002812386,-0.003576386719942093,0.5,0.5,0.0,0.0014149763398682014,-0.00028425870544163123,0.5,0.5,-0.00171320252331153,0.5,2.6378780603408813e-05,5.034729838371277e-06,0.25,0.25,0.11929047337730922,-0.0304645374417305,-0.024527616798877716,0.0,1.0,0.0,-0.00158971948809139,-0.0013122476670792693,0.0,1.0,0.0014376400288361735,1.0,1.7492100596427917e-05,2.3453496396541595e-05,0.0,0.0,0.060831783702086625,0.0004158145748078823,-0.0007757167331874371,0.5,0.5,0.0,-2.3701593576619384e-05,-7.91761196353713e-05,0.5,0.5,-5.7824337527739855e-05,0.5,-1.0431744158267975e-05,-7.644761353731155e-06,0.0,0.0,0.03261037244173259,0.030828286428004503,0.0014386779334448208
baseline_ema,06SR5RBREL16DQ6M8LWS,2,-0.09977106227106226,,-0.08678206604719199,,-0.028149008750915527,0.28125,0.71875,"[1, 64, 28, 28, 20]",12,0,0.7993334419616362,0.055487409234046936,0.040542565286159515,-0.08468694984912872,-0.10595792531967163,0.25,0.75,0.0,-0.004329346499428233,-0.0053766747875445,0.25,0.75,0.0041081748632761095,0.75,-0.00018282979726791382,-9.239837527275085e-05,0.0,0.0,0.08846865446088258,-0.0427335686981678,-0.0481681153178215,0.25,0.75,0.0,-0.0022438709571770965,-0.002526468501596213,0.25,0.75,0.0020465160194977072,0.75,-0.0001286705955862999,-7.306691259145737e-05,0.0,0.0,0.0789419750717446,0.004739746451377869,0.008940339088439941,0.5,0.5,0.0,0.00018435085951112873,0.00041463260001678437,0.5,0.5,-0.00028782228441351365,0.5,2.7035363018512726e-05,1.8769875168800354e-05,0.0,0.0,0.04138856996094286,-0.08942669630050659,-0.004513697358939361
baseline_ema,0RZDK210BSMWAA6467LU,0,-0.38076923076923075,,-0.3791323144159886,,-0.012632621452212334,0.265625,0.734375,"[1, 64, 28, 28, 20]",12,0,0.675304406877027,0.0458197295665741,0.032532140612602234,-0.0006921384483575821,-0.007145191542804241,0.25,0.75,0.0,-0.0001715815251532582,-0.0004279928118282039,0.25,0.75,-0.0001549653244828919,0.75,-2.7138739824295044e-05,-2.1347776055336e-05,0.25,0.25,0.13061873985447112,-0.020774951204657555,-0.025683274492621422,0.25,0.75,0.0,-0.0011162047908095385,-0.0013609643991587816,0.25,0.75,0.000975134940837119,0.75,-7.432978600263596e-05,-4.4582411646842957e-05,0.25,0.25,0.056427939988967765,0.0014031728496775031,0.0026159591507166624,0.5,0.5,0.0,3.1202782961259334e-05,0.00010199121196363681,0.5,0.5,-0.00011663960849342403,0.5,2.5192275643348694e-05,2.0751729607582092e-05,0.0,0.0,0.03417473021285477,-0.002095311298035085,-0.00020278430811451753
baseline_ema,0RZDK210BSMWAA6467LU,1,-0.20682234432234428,,-0.21077015613935352,,-0.025701742619276047,0.234375,0.765625,"[1, 64, 28, 28, 20]",12,0,0.6824536327317153,0.04593158885836601,0.03165855258703232,0.048042867332696915,0.013201874680817127,0.5,0.5,0.0,0.002230825847196638,0.0006266979047963028,0.5,0.5,-0.0025482396118728656,0.5,0.00013845879584550858,8.009746670722961e-05,0.0,0.0,0.12696550587047992,-0.039396122097969055,-0.028080372139811516,0.0,1.0,0.0,-0.0020516519869403504,-0.0014443037770454636,0.0,1.0,0.0018663508499730252,0.75,-0.00013051461428403854,-7.4777752161026e-05,0.0,0.0,0.07412045478691896,-0.013523305766284466,-0.01780294068157673,0.25,0.75,0.0,-0.0006766622403039657,-0.0008910473371074867,0.25,0.75,0.000648869493767773,0.75,-3.362540155649185e-05,-1.5272758901119232e-05,0.0,0.0,0.011117098614499275,0.06156617309898138,0.0029074880875006037
baseline_ema,0RZDK210BSMWAA6467LU,2,-0.32751831501831496,,-0.3214352610977903,,-0.030050169676542282,0.28125,0.71875,"[1, 64, 28, 28, 20]",12,0,0.8345211113756804,0.04516502097249031,0.03159061819314957,0.03165464103221893,0.02587796375155449,0.5,0.5,0.0,0.0015260791930704065,0.0013243587411428392,0.5,0.5,-0.0016862302839714405,0.5,9.717512875795364e-05,5.4319389164447784e-05,0.0,0.0,0.06406043636042467,-0.01119768712669611,0.0024053542874753475,0.5,0.5,0.0,-0.0005862903606981551,0.00011114794283895169,0.5,0.5,0.0005388792819932264,0.5,1.7639249563217163e-06,3.7597492337226868e-06,0.0,0.0,0.018964431481993668,-0.0033658910542726517,-0.003940379247069359,0.5,0.5,0.0,-0.00017932108277596281,-0.00020645929264939689,0.5,0.5,0.00014499108944968087,0.5,-7.896684110164642e-06,-4.05777245759964e-06,0.0,0.0,0.013731997330501674,0.035020532086491585,0.0017054002758463693
baseline_ema,1D7CUD1955YZPGK8XHJX,0,-0.2737637362637362,,-0.269136108363301,,-0.029884761199355125,0.3125,0.6875,"[1, 64, 28, 28, 20]",12,0,0.8633834235393065,0.02976723574101925,0.026590388268232346,-0.11009004712104797,-0.05181692913174629,0.25,0.75,0.0,-0.005674852904615002,-0.002627215373174563,0.25,0.75,0.0053048184318975344,0.75,-0.00018028775230050087,-0.00010431744158267975,0.0,0.0,0.1480137890869759,0.020945658907294273,0.0060523925349116325,0.5,0.5,0.0,0.0009732998476052468,0.0002655125547761372,0.5,0.5,-0.001123052542210956,0.5,4.0928367525339127e-05,3.29785980284214e-05,0.0,0.0,0.05990107784223929,-0.01463343482464552,-0.017709000036120415,0.25,0.75,0.0,-0.0007631211946399485,-0.0009451849566629589,0.25,0.75,0.0006922577000596508,0.75,-2.664932981133461e-05,-1.5778467059135437e-05,0.0,0.0,0.028345397832141288,-0.09545661229640245,-0.0049117317099750535
baseline_ema,1D7CUD1955YZPGK8XHJX,1,-0.19716117216117213,,-0.17956514947030808,,-0.023877061903476715,0.234375,0.765625,"[1, 64, 28, 28, 20]",12,0,0.9334762932156557,0.07220916450023651,0.04867158085107803,-0.04553797468543053,-0.04322025179862976,0.0,1.0,0.0,-0.002367603651848099,-0.002252343148047009,0.0,1.0,0.0021816553620704615,1.0,-0.0001640506088733673,-7.83037394285202e-05,0.0,0.0,0.07437931591103285,-0.013620938174426556,0.0055186571553349495,0.75,0.25,0.0,-0.0007420640729189631,0.00020991023701250056,0.75,0.25,0.0006266866781443337,0.25,-5.702115595340729e-05,-3.283936530351639e-05,0.25,0.25,0.046150957909829586,-0.008458219468593597,-0.007421387359499931,0.0,1.0,0.0,-0.0004457468537332754,-0.000381494249659331,0.0,1.0,0.00041072632577573986,1.0,-2.5540590286254883e-05,-1.0516494512557983e-05,0.0,0.0,0.014008211183025308,-0.03707975521683693,-0.0019218567981148238
baseline_ema,1D7CUD1955YZPGK8XHJX,2,-0.16076007326007324,,-0.1400375841799943,,-0.02715943194925785,0.328125,0.671875,"[1, 64, 28, 28, 20]",12,0,1.0487367779825965,0.06528151035308838,0.04430001974105835,-0.07325458526611328,-0.0679236426949501,0.0,1.0,0.0,-0.0037116921164221384,-0.0034710625368786774,0.0,1.0,0.0036226332911337145,1.0,-0.00021265260875225067,-0.00011964421719312668,0.0,0.0,0.035623530115369555,0.006308362819254398,0.015642132610082626,0.75,0.25,0.0,0.00026521228711778866,0.0007160669219946625,0.75,0.25,-0.0003266153821351869,0.25,1.152046024799347e-05,5.234964191913605e-06,0.25,0.25,0.02456123800689269,-0.025620335713028908,-0.023496897891163826,0.25,0.75,0.0,-0.0012575360037432315,-0.0011437573147472513,0.25,0.75,0.0012788254319642811,0.75,-6.0090795159339905e-05,-3.3867545425891876e-05,0.25,0.25,-0.008515771288397641,-0.047634249553084373,-0.002454156112678907
baseline_ema,1GU15S0GJ6PFNARO469W,0,-0.17014652014652012,,-0.1351744281138575,,-0.02585766464471817,0.28125,0.71875,"[1, 64, 28, 28, 20]",12,0,0.7965585693136502,0.04611731320619583,0.03247020021080971,-0.06003837287425995,-0.06878139823675156,0.0,1.0,0.0,-0.0031232121790293055,-0.0035373808402715534,0.0,1.0,0.0028832572063484663,1.0,-0.00017499830573797226,-9.959936141967773e-05,0.0,0.0,0.09598198907234677,-0.03669861704111099,-0.019502203911542892,0.0,1.0,0.0,-0.0019373557063954439,-0.0010771833992313518,0.0,1.0,0.001760562830564666,1.0,-9.628012776374817e-05,-5.2986666560173035e-05,0.0,0.0,0.07071715033228897,-0.00621089106425643,-0.01277405209839344,0.25,0.75,0.0,-0.0003507795550682924,-0.0006988098514287833,0.25,0.75,0.0002752045562346428,0.75,-9.90554690361023e-06,-4.324130713939667e-06,0.0,0.0,0.030229999533437628,-0.05382748181000352,-0.002772432623961013
baseline_ema,1GU15S0GJ6PFNARO469W,1,-0.16309523809523807,,-0.11807783400765254,,-0.02438807301223278,0.3125,0.6875,"[1, 64, 28, 28, 20]",12,0,0.7816586823854371,0.046028487384319305,0.03245201334357262,-0.05373188108205795,-0.05462870001792908,0.0,1.0,0.0,-0.0027860894525639224,-0.0028626579169213073,0.0,1.0,0.0025901179645949624,1.0,-0.0001550605520606041,-8.29063355922699e-05,0.0,0.0,0.0783885951876062,-0.05606687068939209,-0.05789611488580704,0.0,1.0,0.0,-0.0028583405916611238,-0.0029673411724985277,0.0,1.0,0.002779205867557616,1.0,-0.000156535767018795,-9.011104702949524e-05,0.0,0.0,0.03165388964136983,-0.002065679058432579,-0.003277106676250696,0.5,0.5,0.0,-0.00014474818577023263,-0.00020885094900974233,0.5,0.5,7.798465260130949e-05,0.5,-5.476176738739014e-07,-1.955777406692505e-08,0.0,0.25,0.02670541326756925,-0.051666202023625374,-0.0026413412667936897
baseline_ema,1GU15S0GJ6PFNARO469W,2,-0.14880952380952378,,-0.12223813773951363,,-0.028652194887399673,0.296875,0.703125,"[1, 64, 28, 28, 20]",12,0,0.8389959571754868,0.04994715005159378,0.03482966497540474,-0.06606758385896683,-0.07781662046909332,0.25,0.75,0.0,-0.003499076258113798,-0.004043783482763963,0.25,0.75,0.0031476831925719984,0.75,-0.00020021572709083557,-0.00011449586600065231,0.25,0.25,0.1405572262166865,0.008406058885157108,0.00730553176254034,0.75,0.25,0.0,0.000300859254444924,0.00023134576089484105,0.75,0.25,-0.000530531191333089,0.25,-7.177703082561493e-06,-7.096678018569946e-07,0.25,0.25,0.0918687747552882,-0.017696935683488846,-0.02406599000096321,0.25,0.75,0.0,-0.0009759601983151955,-0.0013092352872084434,0.25,0.75,0.000804016682572628,0.75,-6.614252924919128e-05,-3.8137659430503845e-05,0.0,0.0,0.0687774062970714,-0.04837064817547798,-0.0025231160597986024
baseline_ema,1MHBF3G6DCPWHSKG7XCP,0,-0.11419413919413918,,-0.10879079886135652,,-0.02657249942421913,0.28125,0.71875,"[1, 64, 28, 28, 20]",12,0,0.7760501909383618,0.04745319113135338,0.03425897657871246,-0.025027316063642502,-0.013673286885023117,0.5,0.5,0.0,-0.0012847583860361445,-0.00072444167914959,0.5,0.5,0.0012076773122539353,0.5,-8.553452789783478e-05,-3.904756158590317e-05,0.0,0.0,0.030832429512872565,0.010510015301406384,0.0010939035564661026,0.5,0.5,0.0,0.0004677211812375015,2.459188240916399e-05,0.5,0.5,-0.0005611848644354323,0.5,4.267599433660507e-05,2.555735409259796e-05,0.0,0.0,0.03738547327916119,-0.007782276254147291,-0.011901343241333961,0.25,0.75,0.0,-0.0003758850888012921,-0.0005876190723016483,0.25,0.75,0.00036621485344759397,0.75,-2.003367990255356e-05,-1.2605451047420502e-05,0.0,0.0,0.003868094141457056,-0.01724503980949521,-0.0009088732972348523
baseline_ema,1MHBF3G6DCPWHSKG7XCP,1,0.05778388278388279,,0.05248437709973032,,-0.0285900067538023,0.3125,0.6875,"[1, 64, 28, 28, 20]",12,0,0.8666373672634381,0.05195978283882141,0.03705263137817383,-0.04263105243444443,-0.0568060502409935,0.25,0.75,0.0,-0.002252407035067655,-0.0029537132733449822,0.25,0.75,0.002070953008916826,0.75,-0.0001262044534087181,-7.02887773513794e-05,0.0,0.0,0.07258161046033161,-0.03470972925424576,-0.030227672308683395,0.25,0.75,0.0,-0.0018174036719995068,-0.0016080329663884507,0.25,0.75,0.0016685922462510994,0.75,-0.0001231720671057701,-7.317494601011276e-05,0.0,0.0,0.059524570299362964,-0.029614008963108063,-0.008210012689232826,0.5,0.5,0.0,-0.0015495156395058385,-0.0004453165931608827,0.5,0.5,0.0014299684839148008,0.5,-0.00013568159192800522,-7.974356412887573e-05,0.0,0.0,0.047818862236415065,-0.013017043471336365,-0.0007028913955618166
baseline_ema,1MHBF3G6DCPWHSKG7XCP,2,-0.03923992673992674,,-0.0368723852164399,,-0.0320536233484745,0.34375,0.65625,"[1, 64, 28, 28, 20]",12,0,0.9540878812073568,0.059005167335271835,0.04101079702377319,-0.020983591675758362,-0.01890849694609642,0.5,0.5,0.0,-0.001123767063915232,-0.0009880054056699006,0.5,0.5,0.0010085721477404719,0.5,-5.5273063480854034e-05,-2.79964879155159e-05,0.0,0.0,0.046077966469892914,-0.017560824751853943,-0.02913689613342285,0.25,0.75,0.0,-0.0009473219304481917,-0.0015424095196238663,0.25,0.75,0.0007773392267563517,0.5,-7.062964141368866e-05,-4.7031790018081665e-05,0.0,0.0,0.06799308147673598,-0.06094823405146599,-0.025980278849601746,0.25,0.75,0.0,-0.0031322547825364533,-0.001336799107106268,0.25,0.75,0.0029805064978245532,0.75,-0.0002444665879011154,-0.00014274660497903824,0.0,0.0,0.06069931388474891,0.039964642375707626,0.0020084877186212213
baseline_ema,23X6SY44VT9KFHR7S7OC,0,-0.14798534798534796,,-0.2092763308284474,,-0.016618911176919937,0.328125,0.671875,"[1, 64, 28, 28, 20]",12,0,0.8475592069234557,0.04088297486305237,0.03054550290107727,-0.029943693429231644,-0.018221182748675346,0.25,0.75,0.0,-0.0015667769083730632,-0.0009323216623510211,0.5,0.5,0.0014619523018232217,0.5,-9.365566074848175e-05,-4.706624895334244e-05,0.0,0.0,0.04192984261992549,-0.017483526840806007,-0.014093833975493908,0.25,0.75,0.0,-0.0008982371551456703,-0.0007715081936516821,0.25,0.75,0.0008414270265872659,0.75,-4.173256456851959e-05,-2.2989697754383087e-05,0.0,0.0,0.022724051423361754,-0.02989034354686737,-0.04164385795593262,0.25,0.75,0.0,-0.0015228908367707072,-0.0020952979263701987,0.25,0.75,0.0014613617210456065,0.75,-8.479319512844086e-05,-5.2022747695446014e-05,0.0,0.0,0.024611646290040305,-5.334988236427307e-05,-4.3886071602355914e-05
baseline_ema,23X6SY44VT9KFHR7S7OC,1,0.058882783882783875,,0.08713265344032635,,-0.01107066310942173,0.28125,0.71875,"[1, 64, 28, 28, 20]",12,0,0.782788431496425,0.05144072696566582,0.03530459851026535,0.004328567069023848,0.0020127911120653152,0.5,0.5,0.0,0.00013477223428021157,4.010321891578794e-05,0.5,0.5,-0.0002656924054391663,0.5,1.2226402759552002e-05,1.9229017198085785e-05,0.25,0.0,0.05236806846358187,-0.034201186150312424,-0.037251077592372894,0.0,1.0,0.0,-0.0017972489042284434,-0.001958256077243703,0.0,1.0,0.0016386926632466492,1.0,-0.00010172929614782333,-4.396401345729828e-05,0.0,0.0,0.06342249639272877,0.004827806726098061,0.009596424177289009,0.75,0.25,0.0,0.0002198002826384604,0.0004640440385906275,0.75,0.25,-0.0002726881851821128,0.25,-9.173527359962463e-07,2.1513551473617554e-06,0.0,0.0,0.02115516101746095,-0.000499239657074213,-8.502804835824884e-05
baseline_ema,23X6SY44VT9KFHR7S7OC,2,-0.08978937728937728,,-0.11082509177296918,,-0.013095789588987827,0.28125,0.71875,"[1, 64, 28, 28, 20]",12,0,0.8981859334856226,0.056807298213243484,0.03891301900148392,-0.028699392452836037,-0.014868959784507751,0.0,1.0,0.0,-0.0014953411916448778,-0.0007831118252086267,0.0,1.0,0.001357220346613286,1.0,-0.00010914355516433716,-5.12097030878067e-05,0.0,0.0,0.055248338012625624,-0.020696522668004036,-0.018759194761514664,0.0,1.0,0.0,-0.0011129281636557686,-0.0010312714925436728,0.0,1.0,0.0009810029516710006,0.75,-6.707478314638138e-05,-2.2151507437229156e-05,0.0,0.0,0.052770084793896097,-0.012788709253072739,-0.008343935012817383,0.25,0.75,0.0,-0.0006662108468512007,-0.00045517070745515475,0.25,0.75,0.000601551039097703,0.75,-2.9542483389377594e-05,-1.0395422577857971e-05,0.0,0.0,0.025863923101399063,-0.015910683199763298,-0.0008291303447936771
baseline_ema,2XL5HSFSE93RMOJDRGR4,0,0.05151098901098901,,0.07902865444603117,,-0.022874027490615845,0.25,0.75,"[1, 64, 28, 28, 20]",12,0,0.8753505482342717,0.061630114912986755,0.042056627571582794,-0.030622947961091995,-0.03658083826303482,0.25,0.75,0.0,-0.001622875522950873,-0.0019226802739200632,0.25,0.75,0.001406095291216658,0.75,-0.00011367350816726685,-6.53071328997612e-05,0.25,0.25,0.08671209269368595,-0.05431101843714714,-0.05373309552669525,0.0,1.0,0.0,-0.002822548453397078,-0.0027620893994925177,0.0,1.0,0.00262843028128526,1.0,-0.0002032984048128128,-0.00011181458830833435,0.0,0.0,0.07764726884473826,-0.05181080475449562,-0.016249939799308777,0.25,0.75,0.0,-0.0026420969598339172,-0.0008556714706069446,0.25,0.75,0.0025247782621565795,0.75,-0.00017107371240854263,-9.542703628540039e-05,0.0,0.0,0.04692747907093508,0.021187856793403625,0.0010192214368830443
baseline_ema,2XL5HSFSE93RMOJDRGR4,1,-0.2617216117216117,,-0.2422565220591877,,-0.020672932267189026,0.328125,0.671875,"[1, 64, 28, 28, 20]",12,0,1.0858274449495822,0.06081360951066017,0.043482705950737,-0.01631748303771019,-0.04424070566892624,0.25,0.75,0.0,-0.0009348198299574673,-0.002230306233322432,0.25,0.75,0.0006797761374681133,0.75,-7.59987160563469e-05,-5.373358726501465e-05,0.25,0.25,0.10201747699576377,-0.05051274970173836,-0.05882161483168602,0.0,1.0,0.0,-0.0025404247815337677,-0.00295562165977048,0.0,1.0,0.002496827942800206,1.0,-9.85683873295784e-05,-4.449579864740372e-05,0.0,0.0,0.017438735493513487,-0.0024074753746390343,-0.0007856828160583973,0.5,0.5,0.0,-0.00013942600917832282,-2.747282575943366e-05,0.5,0.5,0.00011433901782537115,0.5,3.277882933616638e-05,3.664940595626831e-05,0.0,0.25,0.010034796541180667,-0.013910007663071156,-0.0007953938207791444
baseline_ema,2XL5HSFSE93RMOJDRGR4,2,0.08118131868131867,,0.10261132772377946,,-0.029703950509428978,0.265625,0.734375,"[1, 64, 28, 28, 20]",12,0,0.8914712613511435,0.05962088704109192,0.04069659113883972,-0.046926699578762054,-0.04096613824367523,0.0,1.0,0.0,-0.002461869041750969,-0.0022028904878660382,0.0,1.0,0.0022341362951346366,1.0,-0.00016470905393362045,-9.57045704126358e-05,0.0,0.0,0.09109309864654412,-0.029664229601621628,-0.03464964032173157,0.25,0.75,0.0,-0.0015593558298430954,-0.0018303396309731212,0.25,0.75,0.0013747312310735116,0.75,-0.00012169964611530304,-6.663892418146133e-05,0.0,0.0,0.07384983950784461,-0.01777702197432518,-0.017933761700987816,0.25,0.75,0.0,-0.0009700399118459935,-0.0009521938600132729,0.25,0.75,0.0008169493954431895,0.75,-5.931966006755829e-05,-3.456976264715195e-05,0.0,0.0,0.0612362065611327,-0.029149677604436874,-0.0014918291299049757
baseline_ema,38CWS74285MFGZZXR09Z,0,0.006868131868131868,,0.0427567581868702,,-0.019864775240421295,0.234375,0.765625,"[1, 64, 28, 28, 20]",12,0,0.7442973706828,0.04201175644993782,0.029863620176911354,-0.014567257836461067,-0.028524218127131462,0.25,0.75,0.0,-0.000820823319379993,-0.001521106445932341,0.25,0.75,0.000656185149608135,0.75,-2.935808151960373e-05,-7.928814738988876e-06,0.0,0.0,0.06585526790874317,0.03200734034180641,-0.007086549885571003,0.5,0.5,0.0,0.0014560276761590718,-0.00040724165369798726,0.5,0.5,-0.0017439984504999118,0.5,7.760804146528244e-05,3.578281030058861e-05,0.0,0.0,0.11518830973633597,0.002381702419370413,0.0011052577756345272,0.75,0.25,0.0,6.336334918577435e-05,2.710406588174452e-05,0.75,0.25,-0.00015894558487447585,0.25,2.2137537598609924e-06,7.008202373981476e-07,0.25,0.5,0.038232894275491695,-0.01694896025583148,-0.0008841866685657673
baseline_ema,38CWS74285MFGZZXR09Z,1,-0.08438644688644688,,-0.06104895139112994,,-0.01837976649403572,0.234375,0.765625,"[1, 64, 28, 28, 20]",12,0,0.7133369464103343,0.0431729294359684,0.0306361336261034,-0.02105693705379963,-0.03174213320016861,0.25,0.75,0.0,-0.0011583604752785082,-0.0017091328807959938,0.25,0.75,0.0009758435794879894,0.75,-5.010794848203659e-05,-2.091890200972557e-05,0.0,0.0,0.0730067583162075,-0.023489732295274734,-0.02423318661749363,0.0,1.0,0.0,-0.0012877790360833197,-0.0012730447434855519,0.0,1.0,0.0011129853610022389,1.0,-7.283128798007965e-05,-4.080403596162796e-05,0.0,0.0,0.0699174700324434,0.0005836365162394941,-0.005365010350942612,0.5,0.5,0.0,-1.155814324785287e-05,-0.00028849516516316065,0.25,0.75,-6.961072099262444e-05,0.5,8.754432201385498e-08,-1.3420358300209045e-06,0.0,0.0,0.03246754569616871,-0.021640573570039123,-0.0011468023320306553
baseline_ema,38CWS74285MFGZZXR09Z,2,-0.2605311355311355,,-0.27996063484836736,,-0.025943908840417862,0.3125,0.6875,"[1, 64, 28, 28, 20]",12,0,0.7996623204589282,0.0367511510848999,0.027027949690818787,-0.05683708190917969,-0.042840905487537384,0.0,1.0,0.0,-0.0029340534266758533,-0.002219278874902808,0.0,1.0,0.0027558147250033027,1.0,-0.00012293457984924316,-6.135553121566772e-05,0.0,0.0,0.07129548066904244,-0.021328750997781754,-0.024021662771701813,0.25,0.75,0.0,-0.001131095980323793,-0.0012799067269292363,0.25,0.75,0.0010176046478297396,0.75,-5.084741860628128e-05,-3.070244565606117e-05,0.0,0.0,0.04539653299759915,-0.02147253043949604,-0.015294266864657402,0.5,0.5,0.0,-0.0011024210041777893,-0.0008079092523800013,0.5,0.5,0.0010177468925276767,0.5,-6.0412101447582245e-05,-3.370782360434532e-05,0.5,0.5,0.033869644660056146,-0.03536455146968365,-0.001831632422498064
experiment_A_ema,06SR5RBREL16DQ6M8LWS,0,-0.10920329670329669,,-0.09330299155949108,,-0.025800734758377075,0.265625,0.734375,"[1, 64, 28, 28, 20]",12,0,0.6951967595709521,0.04163382574915886,0.029392367228865623,0.015306930989027023,0.0025893747806549072,0.5,0.5,0.0,0.0004889752766872868,-9.687229412469467e-05,0.5,0.5,-0.0009917727468410076,0.5,8.646398782730103e-06,1.150183379650116e-05,0.0,0.0,0.20111898806147718,-0.08027397096157074,-0.0822409838438034,0.25,0.75,0.0,-0.004162870957713921,-0.004232341842616449,0.25,0.75,0.0039296537278302734,0.75,-0.0002275938168168068,-0.0001249578781425953,0.0,0.0,0.09328689195347016,-0.021049026399850845,-0.030919156968593597,0.25,0.75,0.0,-0.0010755192512773015,-0.0015691770814014738,0.25,0.75,0.0010096823138317224,0.75,-5.6308694183826447e-05,-3.3511314541101456e-05,0.0,0.0,0.026334774978242766,0.03635595738887787,0.0015644945279645883
experiment_A_ema,06SR5RBREL16DQ6M8LWS,1,-0.04780219780219779,,-0.020975460640454618,,-0.02697507105767727,0.234375,0.765625,"[1, 64, 28, 28, 20]",12,0,0.7301240247022216,0.04092709347605705,0.02890128456056118,-0.0015283236280083656,-0.02654399164021015,0.25,0.75,0.0,-0.0002721241408565056,-0.0014116972601396771,0.25,0.75,-0.0001226260116791167,0.75,-3.51686030626297e-05,-1.9733794033527374e-05,0.0,0.0,0.15790006101423779,-0.05481071025133133,-0.04992278665304184,0.25,0.75,0.0,-0.0029029921688537574,-0.0026272667282727924,0.25,0.75,0.0026143297340000538,0.75,-0.0001751566305756569,-0.00010296003893017769,0.0,0.0,0.11546497394150365,-0.022943496704101562,-0.03897172585129738,0.25,0.75,0.0,-0.0011988228986917204,-0.0020215825937144882,0.25,0.75,0.001101141236064529,0.75,-7.069110870361328e-05,-4.3720006942749023e-05,0.0,0.0,0.03907266505087658,0.021415173076093197,0.0009266987578352148
experiment_A_ema,06SR5RBREL16DQ6M8LWS,2,-0.16314102564102562,,-0.1507890806814868,,-0.03283681720495224,0.28125,0.71875,"[1, 64, 28, 28, 20]",12,0,0.9816873006671607,0.05713332071900368,0.038711726665496826,0.05494088679552078,-0.06126239150762558,0.25,0.75,0.0,0.002599736016890064,-0.003166913626365675,0.25,0.75,-0.0029573118275676713,0.75,0.00024161580950021744,0.00013121496886014938,0.0,0.0,0.14303032427103177,-0.058128274977207184,-0.07651299238204956,0.25,0.75,0.0,-0.003065131594417375,-0.004013562205678778,0.25,0.75,0.0028193572199861905,0.75,-0.00020039454102516174,-0.00011948123574256897,0.0,0.0,0.09830974977247385,0.017388947308063507,0.03319833427667618,0.75,0.25,0.0,0.000831382450010798,0.0016312436090561988,0.75,0.25,-0.0009076085726818506,0.25,5.1390379667282104e-05,3.0436553061008453e-05,0.0,0.0,0.030490449068421015,0.037551939487457275,0.001768353566879266
experiment_A_ema,0RZDK210BSMWAA6467LU,0,-0.2521062271062271,,-0.21746176678216933,,-0.011469146236777306,0.34375,0.65625,"[1, 64, 28, 28, 20]",12,0,0.7734920718213609,0.05099231004714966,0.03541205823421478,-0.012861795723438263,-0.05284593254327774,0.25,0.75,0.0,-0.0009024965232990734,-0.0028087554310410323,0.25,0.75,0.00031568885168717364,0.75,-6.0325488448143005e-05,-3.095157444477081e-05,0.0,0.25,0.23472306864475986,0.013180630281567574,0.021612461656332016,0.75,0.25,0.0,0.0006296696672194457,0.0010438263576781903,0.75,0.25,-0.0006955150717772307,0.25,2.7399510145187378e-05,1.0972842574119568e-05,0.0,0.0,0.026338161823113986,0.007497459650039673,0.009182315319776535,0.75,0.25,0.0,0.0003576564301908669,0.0004618094356576563,0.75,0.25,-0.000404566473405088,0.25,2.0480714738368988e-05,1.3004057109355927e-05,0.0,0.25,0.018764017285688436,-0.020359255373477936,-0.0012601529534899403
experiment_A_ema,0RZDK210BSMWAA6467LU,1,-0.2656135531135531,,-0.2288300239009234,,-0.014676498249173164,0.328125,0.671875,"[1, 64, 28, 28, 20]",12,0,0.7233014292158744,0.04877590388059616,0.03330313786864281,-0.012620508670806885,-0.06877797096967697,0.25,0.75,0.0,-0.0009378792945962944,-0.0035446474595620114,0.25,0.75,0.0003258724034257976,0.75,-7.768254727125168e-05,-4.803203046321869e-05,0.0,0.0,0.24480275646818755,0.007863297127187252,0.0033834725618362427,0.5,0.5,0.0,0.00034160192836610315,9.504870213700167e-05,0.5,0.5,-0.0004191348730334665,0.5,2.631358802318573e-05,1.583527773618698e-05,0.0,0.0,0.031013177866934243,0.012086432427167892,0.012894950807094574,1.0,0.0,0.0,0.0005669236398501143,0.0005921662858144883,1.0,0.0,-0.000626497431483547,0.0,2.8913840651512146e-05,1.3807788491249084e-05,0.0,0.25,0.023829516653361967,-0.024706941097974777,-0.0015048029344464087
experiment_A_ema,0RZDK210BSMWAA6467LU,2,-0.20476190476190473,,-0.21046258194107445,,-0.02254093438386917,0.328125,0.671875,"[1, 64, 28, 28, 20]",12,0,0.9026240507489505,0.04639383405447006,0.032491009682416916,0.026324305683374405,-0.05993463471531868,0.25,0.75,0.0,0.0010183645738834068,-0.0032017581978969756,0.25,0.75,-0.0015497671353396913,0.75,7.327832281589508e-05,4.3966807425022125e-05,0.0,0.0,0.21256102458249157,-0.0354812815785408,-0.0466235987842083,0.25,0.75,0.0,-0.0018319169954522097,-0.0023657345104098892,0.25,0.75,0.0016694636232765792,0.75,-0.00011521298438310623,-6.17271289229393e-05,0.0,0.0,0.06498134887022998,-0.007637135684490204,-0.008101382292807102,0.5,0.5,0.0,-0.0004334110409810743,-0.0004516661574474612,0.5,0.5,0.0002915599858498985,0.5,-3.1313858926296234e-05,-1.531001180410385e-05,0.0,0.0,0.0567404220524592,0.03396144136786461,0.0014517756148644811
experiment_A_ema,1D7CUD1955YZPGK8XHJX,0,-0.2806776556776556,,-0.26614827802368146,,-0.032396383583545685,0.234375,0.765625,"[1, 64, 28, 28, 20]",12,0,0.9936869423286345,0.03434043750166893,0.029197780415415764,-0.1196444183588028,-0.11572225391864777,0.0,1.0,0.0,-0.0061579898354037765,-0.005906078328213882,0.0,1.0,0.00585534344390265,1.0,-0.00018784962594509125,-0.00011133681982755661,0.0,0.0,0.1210585566004507,-0.05146715044975281,-0.05333297699689865,0.0,1.0,0.0,-0.0026252842837440893,-0.0026892472188979055,0.0,1.0,0.002562856190754109,1.0,-0.00010325945913791656,-5.655083805322647e-05,0.0,0.0,0.02497123719600313,-0.01624237187206745,-0.039586685597896576,0.25,0.75,0.0,-0.000847013202978586,-0.0019886550145677417,0.25,0.75,0.0008191485451448655,0.75,-1.9567087292671204e-05,-1.5110708773136139e-05,0.0,0.0,0.011145863133488197,-0.10340204648673534,-0.005310976632425191
experiment_A_ema,1D7CUD1955YZPGK8XHJX,1,-0.19949633699633698,,-0.19732463298761121,,-0.033280082046985626,0.3125,0.6875,"[1, 64, 28, 28, 20]",12,0,1.0063419609789102,0.0728689432144165,0.048758044838905334,-0.03868082910776138,-0.042883679270744324,0.25,0.75,0.0,-0.001968093871189347,-0.00220167649487113,0.25,0.75,0.001894369158523701,0.75,-0.00011965259909629822,-6.041117012500763e-05,0.0,0.0,0.029489885066258378,-0.05902174115180969,-0.05711740255355835,0.0,1.0,0.0,-0.002986787189967477,-0.0028733497758280935,0.0,1.0,0.002890710756239645,1.0,-0.00020559504628181458,-0.00011588819324970245,0.0,0.0,0.038430573491154967,-0.009340503253042698,-0.007492423057556152,0.5,0.5,0.0,-0.0004644277751673642,-0.00039803675431393515,0.5,0.5,0.00044704787343569086,0.5,-4.147551953792572e-05,-2.435501664876938e-05,0.25,0.25,0.006951960692624935,-0.029340325854718685,-0.0015036660960219828
experiment_A_ema,1D7CUD1955YZPGK8XHJX,2,-0.2686355311355311,,-0.28055613076896313,,-0.03167356550693512,0.328125,0.671875,"[1, 64, 28, 28, 20]",12,0,1.0941416398723538,0.06483237445354462,0.04392468184232712,-0.052771855145692825,-0.026330087333917618,0.25,0.75,0.0,-0.002772684661853153,-0.0014838783085827645,0.25,0.75,0.002493187052111323,0.75,-0.00012033432722091675,-5.704909563064575e-05,0.0,0.0,0.11179904389675419,-0.0956500694155693,-0.08676513284444809,0.0,1.0,0.0,-0.004865686778638134,-0.004430971939677453,0.0,1.0,0.004739750942844734,1.0,-0.0002637263387441635,-0.00014266278594732285,0.0,0.0,0.05037433431733794,-0.00027031509671360254,-0.008635393343865871,0.5,0.5,0.0,-2.9071582171025234e-05,-0.0004933107555702421,0.5,0.5,3.3363556261600813e-06,0.5,-9.462237358093262e-07,-2.998858690261841e-06,0.25,0.25,0.010294090617968264,-0.05250154004897922,-0.002743613079682128
experiment_A_ema,1GU15S0GJ6PFNARO469W,0,-0.343543956043956,,-0.33501484311053786,,-0.036352742463350296,0.25,0.75,"[1, 64, 28, 28, 20]",12,0,0.8722329013065759,0.050782617181539536,0.034755825996398926,-0.031283795833587646,-0.11803197115659714,0.25,0.75,0.0,-0.001823495060248842,-0.005998740065613295,0.25,0.75,0.00133047793854707,0.75,-0.00013066455721855164,-8.023157715797424e-05,0.0,0.0,0.19720684868069766,-0.05057897791266441,-0.03831135854125023,0.5,0.5,0.0,-0.002648455505165681,-0.0020153986964370207,0.5,0.5,0.0024128850080010755,0.5,-0.00017739366739988327,-0.00010552536696195602,0.0,0.0,0.0942281988658422,0.0016378741711378098,-0.0031076688319444656,0.5,0.5,0.0,5.066161636380073e-05,-0.00017588867509643613,0.5,0.5,-0.00011476442523941643,0.5,2.842862159013748e-05,1.8306076526641846e-05,0.0,0.0,0.02564112355021297,-0.032921670004725456,-0.0018741566766126427
experiment_A_ema,1GU15S0GJ6PFNARO469W,1,-0.3147893772893773,,-0.29916887568562983,,-0.038098715245723724,0.25,0.75,"[1, 64, 28, 28, 20]",12,0,0.8975369178361139,0.05036819726228714,0.03452557697892189,0.011426730081439018,-0.044553887099027634,0.25,0.75,0.0,0.00032989148962392356,-0.0023314001968620657,0.25,0.75,-0.0007743716884722751,0.75,9.32253897190094e-07,7.860362529754639e-07,0.0,0.0,0.1777920795393406,-0.01931171491742134,-0.03347840905189514,0.25,0.75,0.0,-0.001032347585969734,-0.0017078478600177083,0.25,0.75,0.0008956558420522842,0.75,-8.061621338129044e-05,-4.87007200717926e-05,0.0,0.0,0.05467669756697989,0.001157563179731369,-0.005150226876139641,0.5,0.5,0.0,5.996979574329764e-05,-0.00026665600531194933,0.5,0.5,-7.8314939581825e-05,0.5,2.9046088457107544e-05,1.7552636563777924e-05,0.0,0.0,0.007338057535388741,0.01026916690170765,0.0002699216938806259
experiment_A_ema,1GU15S0GJ6PFNARO469W,2,-0.282051282051282,,-0.3145227942576949,,-0.043052125722169876,0.265625,0.734375,"[1, 64, 28, 28, 20]",12,0,1.1229737656125076,0.06916951388120651,0.04589737579226494,-0.021709643304347992,-0.14119471609592438,0.25,0.75,0.0,-0.0012748070166634373,-0.007122351758045986,0.25,0.75,0.0008364636828195327,0.75,-8.368678390979767e-05,-5.018804222345352e-05,0.0,0.0,0.17533733353753964,-0.10288368165493011,-0.07219149172306061,0.25,0.75,0.0,-0.00527490462111313,-0.0037052374834536383,0.25,0.75,0.0049846386093597705,0.75,-0.0003530643880367279,-0.0002065841108560562,0.0,0.0,0.11610640470132158,-0.014549742452800274,-0.015487505123019218,0.5,0.5,0.0,-0.0007675085295700823,-0.0008040696601905317,0.5,0.5,0.0006894191086901369,0.5,-3.0331313610076904e-05,-1.683458685874939e-05,0.0,0.0,0.031235768352022568,-0.007159900851547718,-0.000507298487093355
experiment_A_ema,1MHBF3G6DCPWHSKG7XCP,0,0.09409340659340659,,0.09593787747689243,,-0.02425330877304077,0.34375,0.65625,"[1, 64, 28, 28, 20]",12,0,0.7331311401692104,0.04229418560862541,0.030291816219687462,-0.020867183804512024,-0.0103774918243289,0.5,0.5,0.0,-0.0012173640143932352,-0.0006958132500005099,0.5,0.5,0.0008934958950522209,0.5,-6.944499909877777e-05,-3.8865022361278534e-05,0.0,0.0,0.12954724773641677,-0.07863378524780273,-0.08223335444927216,0.0,1.0,0.0,-0.00406994041820824,-0.004290524161434328,0.0,1.0,0.003838917107066797,0.75,-0.0002638325095176697,-0.0001579783856868744,0.0,0.0,0.0924093244565549,-0.011043822392821312,-0.005802014842629433,0.5,0.5,0.0,-0.0006279057552933676,-0.0003517641859918097,0.5,0.5,0.00048304154664605137,0.5,-4.9175694584846497e-05,-3.1140632927417755e-05,0.0,0.0,0.05794568345893757,-0.009823361411690712,-0.0005894582590998676
experiment_A_ema,1MHBF3G6DCPWHSKG7XCP,1,0.11923076923076922,,0.13343259012137956,,-0.03302578255534172,0.3125,0.6875,"[1, 64, 28, 28, 20]",12,0,0.8598149710496124,0.04992400109767914,0.03455650061368942,-0.028223847970366478,-0.027058623731136322,0.0,1.0,0.0,-0.0014917193543118046,-0.0014342264023033402,0.0,1.0,0.0012835371272992557,1.0,-7.700454443693161e-05,-4.5658089220523834e-05,0.0,0.0,0.08327289080503063,-0.04273997247219086,-0.004888914991170168,0.25,0.75,0.0,-0.0022615926098521477,-0.00029323042659606946,0.25,0.75,0.002043930347922829,0.5,-0.00014178641140460968,-8.522067219018936e-05,0.0,0.0,0.08706490477172754,-0.009582363069057465,-0.015018671751022339,0.5,0.5,0.0,-0.0005392417624551504,-0.0008197132404345608,0.5,0.5,0.00044221645563474743,0.5,-2.3980624973773956e-05,-1.7510727047920227e-05,0.0,0.0,0.03881012272815009,-0.018641484901309013,-0.0009524775918566541
experiment_A_ema,1MHBF3G6DCPWHSKG7XCP,2,0.05434981684981685,,0.06197657005656791,,-0.02668662741780281,0.34375,0.65625,"[1, 64, 28, 28, 20]",12,0,0.7776938171885592,0.045745279639959335,0.032083481550216675,-0.018712200224399567,-0.028404731303453445,0.25,0.75,0.0,-0.000988234203283811,-0.0014664071775506993,0.25,0.75,0.0008554829829597876,0.75,-4.336610436439514e-05,-2.637133002281189e-05,0.0,0.0,0.05310048812960931,-0.03668279945850372,-0.03874478489160538,0.0,1.0,0.0,-0.001878513311383223,-0.002016248371092655,0.0,1.0,0.00180021151507484,1.0,-0.00012326892465353012,-7.110927253961563e-05,0.0,0.0,0.03132071852336437,-0.02639182284474373,-0.03806866705417633,0.25,0.75,0.0,-0.0013549675860505817,-0.001938743390645703,0.25,0.75,0.00129984704374006,0.75,-9.363330900669098e-05,-5.6697987020015717e-05,0.0,0.0,0.022048216924197554,0.007679622620344162,0.0003667333827667707
experiment_A_ema,23X6SY44VT9KFHR7S7OC,0,-0.10004578754578755,,-0.04307313272397625,,-0.024219809100031853,0.375,0.625,"[1, 64, 28, 28, 20]",12,0,0.9200591989867647,0.04602847993373871,0.03421317785978317,0.06043248623609543,-0.10172081738710403,0.25,0.75,0.0,0.0026562700366925818,-0.005185490899868361,0.25,0.75,-0.003412596140772578,0.75,0.00016111880540847778,0.00010220333933830261,0.0,0.0,0.30253044163197623,-0.05147457495331764,-0.03666214644908905,0.25,0.75,0.0,-0.0026337497713007363,-0.0019464124787175185,0.25,0.75,0.0025153963416559566,0.75,-0.00015070941299200058,-9.091850370168686e-05,0.0,0.0,0.04734137185788966,-0.004461649805307388,-0.008605113252997398,0.25,0.75,0.0,-0.00022804839774334673,-0.0004364335251817453,0.25,0.75,0.00020058251118565407,0.75,-8.592382073402405e-06,-2.946704626083374e-06,0.0,0.0,0.010986354623088165,0.06489413604140282,0.0028843184344359285
experiment_A_ema,23X6SY44VT9KFHR7S7OC,1,-0.11094322344322342,,-0.08797971178866501,,-0.015595859847962856,0.328125,0.671875,"[1, 64, 28, 28, 20]",12,0,0.7514543243047398,0.04801110550761223,0.032722048461437225,0.02368389442563057,-0.006667656823992729,0.5,0.5,0.0,0.0008393116032930636,-0.0004988869542291163,0.5,0.5,-0.0014638036825585787,0.5,7.169507443904877e-05,4.304666072130203e-05,0.0,0.0,0.249796831706206,-0.02216397225856781,-0.007157169748097658,0.25,0.75,0.0,-0.0011617075588240267,-0.00039039647750349626,0.25,0.75,0.0010554872927751036,0.75,-7.275119423866272e-05,-3.990158438682556e-05,0.0,0.0,0.04248810641955813,0.010249283164739609,0.009099171496927738,0.5,0.5,0.0,0.00047824159821527323,0.00044389133264816083,0.5,0.5,-0.0005552898919358451,0.25,3.217719495296478e-05,1.8283724784851074e-05,0.0,0.0,0.03081931748822874,0.01343461126089096,0.0003610700050777904
experiment_A_ema,23X6SY44VT9KFHR7S7OC,2,-0.09079670329670328,,-0.06916124083969213,,-0.015102159231901169,0.34375,0.65625,"[1, 64, 28, 28, 20]",12,0,0.8228814074580062,0.05634536221623421,0.03824702650308609,0.026328474283218384,-0.033617593348026276,0.25,0.75,0.0,0.0009670035658861098,-0.0018144437727579676,0.25,0.75,-0.0016319054221780038,0.75,0.00011354032903909683,6.605498492717743e-05,0.0,0.0,0.26596074251674645,0.025097496807575226,0.020249346271157265,0.75,0.25,0.0,0.001211698973327624,0.0009769856624664008,0.75,0.25,-0.0013030862256402653,0.25,0.00015212222933769226,8.758995682001114e-05,0.0,0.0,0.03655490092506763,-0.001407800242304802,-0.01279263012111187,0.25,0.75,0.0,-0.00012352985222749413,-0.0007013346615100668,0.25,0.75,4.396584696991779e-05,0.75,-1.1391006410121918e-05,-4.499219357967377e-06,0.0,0.0,0.03182560210304163,0.027736274525523186,0.001090533418113604
experiment_A_ema,2XL5HSFSE93RMOJDRGR4,0,-0.11556776556776557,,-0.12667594010617825,,-0.015543000772595406,0.359375,0.640625,"[1, 64, 28, 28, 20]",12,0,0.8149159628258265,0.056140556931495667,0.03790215402841568,-0.03411726653575897,-0.042999282479286194,0.25,0.75,0.0,-0.0017581621922065083,-0.0022210436785211063,0.25,0.75,0.0016319252406371276,0.75,-0.00012385938316583633,-6.659049540758133e-05,0.0,0.0,0.05049478062775224,-0.0190940760076046,-0.016570748761296272,0.25,0.75,0.0,-0.0009739364907629944,-0.0008340225279668267,0.25,0.75,0.0009009270946724879,0.75,-4.575401544570923e-05,-2.5399960577487946e-05,0.0,0.0,0.02920375843620259,-0.029120206832885742,-0.027091048657894135,0.25,0.75,0.0,-0.0015229665063809517,-0.0014057155839778401,0.25,0.75,0.0013514725354949464,0.75,-7.935427129268646e-05,-3.931298851966858e-05,0.0,0.0,0.06859758835440209,-0.00499705970287323,-0.0002351956858255566
experiment_A_ema,2XL5HSFSE93RMOJDRGR4,1,-0.06849816849816849,,-0.09826470035629926,,-0.021169748157262802,0.3125,0.6875,"[1, 64, 28, 28, 20]",12,0,1.232112481864775,0.06185055151581764,0.04205027222633362,0.027667559683322906,-0.00999046117067337,0.5,0.5,0.0,0.0011962467984825143,-0.00046720433444791265,0.5,0.5,-0.00157005982105074,0.5,8.855480700731277e-05,4.536658525466919e-05,0.0,0.0,0.14952520902724584,0.03257288038730621,0.026012837886810303,0.5,0.5,0.0,0.0016685362681918559,0.0013012179405615942,0.5,0.5,-0.0016284629418678032,0.5,0.0001196935772895813,6.907153874635696e-05,0.0,0.0,-0.016029330529665483,-0.02744509093463421,-0.046222321689128876,0.25,0.75,0.0,-0.0013654762462094183,-0.0023240554382848444,0.25,0.75,0.0013790421521518992,0.75,-8.773244917392731e-05,-4.9171969294548035e-05,0.0,0.0,-0.005426362376992344,0.055112650617957115,0.0025617230446919326
experiment_A_ema,2XL5HSFSE93RMOJDRGR4,2,-0.05105311355311354,,-0.058730719864402835,,-0.02274702675640583,0.3125,0.6875,"[1, 64, 28, 28, 20]",12,0,0.9441226673132999,0.06417558342218399,0.04257366433739662,0.06261050701141357,0.005992004182189703,0.75,0.25,0.0,0.0029236508890904678,0.0002919440293104314,0.75,0.25,-0.0033602978339549727,0.25,0.00017628073692321777,0.00010322406888008118,0.25,0.25,0.17465877794580195,-0.02809038758277893,-0.023337023332715034,0.25,0.75,0.0,-0.0014567643780898365,-0.0012139039771108528,0.25,0.75,0.0013626463714576098,0.75,-0.00011377595365047455,-6.102677434682846e-05,0.0,0.0,0.037647202652912874,-0.019042784348130226,-0.023357223719358444,0.25,0.75,0.0,-0.0009707499445013035,-0.0011661569133411542,0.25,0.75,0.0009558953155749672,0.75,-4.4073909521102905e-05,-2.4886801838874817e-05,0.0,0.0,0.005941851570545607,0.0816532913595438,0.0038944008335917712
experiment_A_ema,38CWS74285MFGZZXR09Z,0,-0.16163003663003664,,-0.2003341306138618,,-0.019727041944861412,0.28125,0.71875,"[1, 64, 28, 28, 20]",12,0,0.5887994844442452,0.03189126029610634,0.02355244942009449,-0.07608719170093536,-0.08431738615036011,0.25,0.75,0.0,-0.004020133154112482,-0.0043676322839684145,0.25,0.75,0.003636939523887023,0.75,-0.00020465906709432602,-0.00011971918866038322,0.0,0.0,0.1532774520901947,-0.04449575021862984,-0.029259784147143364,0.0,1.0,0.0,-0.002310373480634259,-0.0015457716718105807,0.0,1.0,0.002131113834190318,1.0,-0.00011514965444803238,-7.04457052052021e-05,0.0,0.0,0.07170385857757643,-0.017583386972546577,-0.016938824206590652,0.5,0.5,0.0,-0.0009417747435593038,-0.0008950071589693964,0.5,0.5,0.0008234006074218092,0.5,-4.750210791826248e-05,-2.9875431209802628e-05,0.0,0.0,0.047349654455008924,-0.058503804728388786,-0.003078358410553178
experiment_A_ema,38CWS74285MFGZZXR09Z,1,-0.17005494505494503,,-0.20042466110724066,,-0.017935091629624367,0.296875,0.703125,"[1, 64, 28, 28, 20]",12,0,0.6375042479518765,0.03803383558988571,0.027400072664022446,-0.0671561062335968,-0.052210282534360886,0.0,1.0,0.0,-0.0035273620709786735,-0.002745025300055326,0.0,1.0,0.003165488299600283,1.0,-0.0002058017998933792,-0.00011443439871072769,0.0,0.0,0.14474950855134502,-0.042708706110715866,-0.040999770164489746,0.0,1.0,0.0,-0.002245217756087492,-0.002158724356323638,0.0,1.0,0.0020264427452142963,1.0,-0.00011720042675733566,-6.330152973532677e-05,0.0,0.0,0.08751000434927822,-0.003515073098242283,0.0059973448514938354,0.5,0.5,0.0,-0.00021281083201785123,0.0002778207038599545,0.5,0.5,0.00014142191889854328,0.5,-1.6434118151664734e-05,-1.1722557246685028e-05,0.0,0.0,0.02855556524770097,-0.06364103313535452,-0.0033145512389608223
experiment_A_ema,38CWS74285MFGZZXR09Z,2,-0.010897435897435897,,-0.006043429121725985,,-0.03016916662454605,0.328125,0.671875,"[1, 64, 28, 28, 20]",12,0,0.9346377126124397,0.043122801929712296,0.030644135549664497,0.0693855881690979,-0.03821538761258125,0.5,0.5,0.0,0.0032495376774056006,-0.001978635554654995,0.5,0.5,-0.0036345366273726754,0.5,0.00022045988589525223,0.0001285620965063572,0.0,0.0,0.15399957998680763,0.025458641350269318,0.023462655022740364,0.5,0.5,0.0,0.001263762870685553,0.001201609823267169,0.5,0.5,-0.0012899357285450497,0.5,6.523262709379196e-05,3.35141085088253e-05,0.0,0.0,0.01046914314379865,-0.01198499370366335,-0.02464304119348526,0.25,0.75,0.0,-0.0005757392428146213,-0.0012310357268717764,0.25,0.75,0.0006017454064621286,0.75,-2.743210643529892e-05,-1.2408476322889328e-05,0.0,0.0,-0.010402465459002915,0.08137058187276125,0.003825276920220222
