mode,labeled_logits_mean_abs_diff,labeled_logits_max_abs_diff,labeled_logits_relative_l2,unlabeled_logits_mean_abs_diff,unlabeled_logits_max_abs_diff,unlabeled_logits_relative_l2,layer,original_running_mean_change_l2,guided_running_mean_change_l2,branch_running_mean_difference_l2,original_running_var_change_l2,guided_running_var_change_l2,branch_running_var_difference_l2,original_num_batches_increment,guided_num_batches_increment,valid_bgs_samples,w_mean,w_max,relative_x3_change
train,0.039201926440000534,0.5521154403686523,0.003392568008552665,0.06420118361711502,1.8119652271270752,0.009155067349381334,__logits__,,,,,,,,,2,0.25929033756256104,0.9999959468841553,0.03687659651041031
train,0.039201926440000534,0.5521154403686523,0.003392568008552665,0.06420118361711502,1.8119652271270752,0.009155067349381334,block_five_up.conv.1,0.013826881666664407,0.013826881666664407,0.0,0.14368170792296572,0.14368170792296572,0.0,1,1,2,0.25929033756256104,0.9999959468841553,0.03687659651041031
train,0.039201926440000534,0.5521154403686523,0.003392568008552665,0.06420118361711502,1.8119652271270752,0.009155067349381334,block_six.conv.1,0.05278319466693431,0.05278319466693431,0.0,0.05322995568835619,0.05322995568835619,0.0,1,1,2,0.25929033756256104,0.9999959468841553,0.03687659651041031
train,0.039201926440000534,0.5521154403686523,0.003392568008552665,0.06420118361711502,1.8119652271270752,0.009155067349381334,block_six.conv.4,0.0076119079844344795,0.0076119079844344795,0.0,0.02600445345913591,0.02600445345913591,0.0,1,1,2,0.25929033756256104,0.9999959468841553,0.03687659651041031
train,0.039201926440000534,0.5521154403686523,0.003392568008552665,0.06420118361711502,1.8119652271270752,0.009155067349381334,block_six.conv.7,0.007259470608235108,0.007259470608235108,0.0,0.009610876294548988,0.009610876294548988,0.0,1,1,2,0.25929033756256104,0.9999959468841553,0.03687659651041031
train,0.039201926440000534,0.5521154403686523,0.003392568008552665,0.06420118361711502,1.8119652271270752,0.009155067349381334,block_six_up.conv.1,0.004228098343516995,0.004228098343516995,0.0,0.006213436248271219,0.006213436248271219,0.0,1,1,2,0.25929033756256104,0.9999959468841553,0.03687659651041031
train,0.039201926440000534,0.5521154403686523,0.003392568008552665,0.06420118361711502,1.8119652271270752,0.009155067349381334,block_seven.conv.1,0.042192640603082,0.0463347110703306,0.009628768052374842,0.03444051033463169,0.04154224227004001,0.010850075247308402,1,1,2,0.25929033756256104,0.9999959468841553,0.03687659651041031
train,0.039201926440000534,0.5521154403686523,0.003392568008552665,0.06420118361711502,1.8119652271270752,0.009155067349381334,block_seven.conv.4,0.004744926508813651,0.004739165300780276,0.00020463557722028282,0.010254407210506567,0.010350013232498461,0.0008556543673303569,1,1,2,0.25929033756256104,0.9999959468841553,0.03687659651041031
train,0.039201926440000534,0.5521154403686523,0.003392568008552665,0.06420118361711502,1.8119652271270752,0.009155067349381334,block_seven.conv.7,0.0036170463689757454,0.0036153481952622742,0.00015347445017743237,0.007927468190810565,0.007826341791449512,0.00043914950090159484,1,1,2,0.25929033756256104,0.9999959468841553,0.03687659651041031
train,0.039201926440000534,0.5521154403686523,0.003392568008552665,0.06420118361711502,1.8119652271270752,0.009155067349381334,block_seven_up.conv.1,0.0031969947798207356,0.0034703164567207955,0.0006835699290976392,0.004384505605387508,0.005893524997617616,0.0018537053970132504,1,1,2,0.25929033756256104,0.9999959468841553,0.03687659651041031
train,0.039201926440000534,0.5521154403686523,0.003392568008552665,0.06420118361711502,1.8119652271270752,0.009155067349381334,block_eight.conv.1,0.03816097221811561,0.03818499672636384,6.644197906436942e-05,0.06269748372089108,0.06140002659695688,0.0025758597144621095,1,1,2,0.25929033756256104,0.9999959468841553,0.03687659651041031
train,0.039201926440000534,0.5521154403686523,0.003392568008552665,0.06420118361711502,1.8119652271270752,0.009155067349381334,block_eight.conv.4,0.0037565087881349705,0.0037085252133109005,8.766274046026128e-05,0.008252263594568082,0.008257169186611634,0.00023204428680765235,1,1,2,0.25929033756256104,0.9999959468841553,0.03687659651041031
train,0.039201926440000534,0.5521154403686523,0.003392568008552665,0.06420118361711502,1.8119652271270752,0.009155067349381334,block_eight_up.conv.1,0.004080812848641088,0.004078193266641425,1.2656771238296082e-05,0.011274029619623777,0.011070304342947522,0.00023579677704234887,1,1,2,0.25929033756256104,0.9999959468841553,0.03687659651041031
train,0.039201926440000534,0.5521154403686523,0.003392568008552665,0.06420118361711502,1.8119652271270752,0.009155067349381334,block_nine.conv.1,0.050798036774380814,0.05063050539745645,0.00018786577396577456,0.08018068342157016,0.07996371565551307,0.00027189108865125123,1,1,2,0.25929033756256104,0.9999959468841553,0.03687659651041031
eval,0.0,0.0,0.0,0.09693928062915802,1.866790533065796,0.015577331951590627,__logits__,,,,,,,,,2,0.25929033756256104,0.9999959468841553,0.03687659651041031
eval,0.0,0.0,0.0,0.09693928062915802,1.866790533065796,0.015577331951590627,block_five_up.conv.1,0.0,0.0,0.0,0.0,0.0,0.0,0,0,2,0.25929033756256104,0.9999959468841553,0.03687659651041031
eval,0.0,0.0,0.0,0.09693928062915802,1.866790533065796,0.015577331951590627,block_six.conv.1,0.0,0.0,0.0,0.0,0.0,0.0,0,0,2,0.25929033756256104,0.9999959468841553,0.03687659651041031
eval,0.0,0.0,0.0,0.09693928062915802,1.866790533065796,0.015577331951590627,block_six.conv.4,0.0,0.0,0.0,0.0,0.0,0.0,0,0,2,0.25929033756256104,0.9999959468841553,0.03687659651041031
eval,0.0,0.0,0.0,0.09693928062915802,1.866790533065796,0.015577331951590627,block_six.conv.7,0.0,0.0,0.0,0.0,0.0,0.0,0,0,2,0.25929033756256104,0.9999959468841553,0.03687659651041031
eval,0.0,0.0,0.0,0.09693928062915802,1.866790533065796,0.015577331951590627,block_six_up.conv.1,0.0,0.0,0.0,0.0,0.0,0.0,0,0,2,0.25929033756256104,0.9999959468841553,0.03687659651041031
eval,0.0,0.0,0.0,0.09693928062915802,1.866790533065796,0.015577331951590627,block_seven.conv.1,0.0,0.0,0.0,0.0,0.0,0.0,0,0,2,0.25929033756256104,0.9999959468841553,0.03687659651041031
eval,0.0,0.0,0.0,0.09693928062915802,1.866790533065796,0.015577331951590627,block_seven.conv.4,0.0,0.0,0.0,0.0,0.0,0.0,0,0,2,0.25929033756256104,0.9999959468841553,0.03687659651041031
eval,0.0,0.0,0.0,0.09693928062915802,1.866790533065796,0.015577331951590627,block_seven.conv.7,0.0,0.0,0.0,0.0,0.0,0.0,0,0,2,0.25929033756256104,0.9999959468841553,0.03687659651041031
eval,0.0,0.0,0.0,0.09693928062915802,1.866790533065796,0.015577331951590627,block_seven_up.conv.1,0.0,0.0,0.0,0.0,0.0,0.0,0,0,2,0.25929033756256104,0.9999959468841553,0.03687659651041031
eval,0.0,0.0,0.0,0.09693928062915802,1.866790533065796,0.015577331951590627,block_eight.conv.1,0.0,0.0,0.0,0.0,0.0,0.0,0,0,2,0.25929033756256104,0.9999959468841553,0.03687659651041031
eval,0.0,0.0,0.0,0.09693928062915802,1.866790533065796,0.015577331951590627,block_eight.conv.4,0.0,0.0,0.0,0.0,0.0,0.0,0,0,2,0.25929033756256104,0.9999959468841553,0.03687659651041031
eval,0.0,0.0,0.0,0.09693928062915802,1.866790533065796,0.015577331951590627,block_eight_up.conv.1,0.0,0.0,0.0,0.0,0.0,0.0,0,0,2,0.25929033756256104,0.9999959468841553,0.03687659651041031
eval,0.0,0.0,0.0,0.09693928062915802,1.866790533065796,0.015577331951590627,block_nine.conv.1,0.0,0.0,0.0,0.0,0.0,0.0,0,0,2,0.25929033756256104,0.9999959468841553,0.03687659651041031
