case_id,is_prespecified_anomaly,baseline_dice,guidance_dice,delta_dice,utility_delta_dice,outcome_dice,loo_mean_utility_delta_dice,loo_median_utility_delta_dice,baseline_jaccard,guidance_jaccard,delta_jaccard,utility_delta_jaccard,outcome_jaccard,loo_mean_utility_delta_jaccard,loo_median_utility_delta_jaccard,baseline_hd95,guidance_hd95,delta_hd95,utility_delta_hd95,outcome_hd95,loo_mean_utility_delta_hd95,loo_median_utility_delta_hd95,baseline_asd,guidance_asd,delta_asd,utility_delta_asd,outcome_asd,loo_mean_utility_delta_asd,loo_median_utility_delta_asd
UPT6DX9IQY9JAZ7HJKA7,0,0.8683311242752937,0.8721245357538345,0.0037934114785408424,0.0037934114785408424,improved,-0.011465713687059936,-0.0014147522629424092,0.7673014102461955,0.7732454188430578,0.0059440085968622824,0.0059440085968622824,improved,-0.013958484126295304,-0.002345460671224875,5.385164807134504,5.196152422706632,-0.18901238442787172,0.18901238442787172,improved,-2.670386443411373,-0.6981760699724653,2.2760205539827125,2.2536883388676214,-0.022332215115091092,0.022332215115091092,improved,-0.9322622306058413,-0.02652955365859433
UTBUJIWZMKP64E3N73YC,0,0.8692076334392632,0.8718070624568247,0.0025994290175614942,0.0025994290175614942,improved,-0.011402872504903128,-0.0014147522629424092,0.768671295582695,0.7727464278896545,0.00407513230695955,0.00407513230695955,improved,-0.013860122216300423,-0.002345460671224875,9.695359714832659,10.816653826391969,1.12129411155931,-1.12129411155931,worsened,-2.6014229436225738,-0.45947006933817924,1.967619878853823,1.8213046487638997,-0.1463152300899233,0.1463152300899233,improved,-0.9387876524466221,-0.02652955365859433
ULHWPWKKLTE921LQLH1P,0,0.8860095856295824,0.8779365334189544,-0.00807305221062804,-0.00807305221062804,worsened,-0.010841162966577363,-0.0010794160190471525,0.7953475848625854,0.7824303700877527,-0.012917214774832653,-0.012917214774832653,worsened,-0.012965788159363991,-0.0018638104817287893,11.489125293076057,12.84523257866513,1.3561072855890721,-1.3561072855890721,worsened,-2.5890643555157444,-0.45947006933817924,1.2580722509936353,1.2799262009004546,0.021853949906819325,-0.021853949906819325,worsened,-0.9299366429731092,-0.02652955365859433
V0MZOWJ6MU3RMRCV9EXR,0,0.9125812537441547,0.903006424021067,-0.009574829723087652,-0.009574829723087652,worsened,-0.010762122044868962,-0.0010794160190471525,0.8392178789323949,0.8231647329522819,-0.01605314598011298,-0.01605314598011298,worsened,-0.012800739148559764,-0.0018638104817287893,4.242640687119285,5.744562646538029,1.5019219594187438,-1.5019219594187438,worsened,-2.581389898998393,-0.45947006933817924,1.1963831126875135,1.2747599574239996,0.0783768447364861,-0.0783768447364861,worsened,-0.926961753771548,-0.021853949906819325
VDOF02M8ZHEAADFMS6NP,0,0.8989073817856271,0.8909549527864281,-0.007952428999199013,-0.007952428999199013,worsened,-0.010847511556652575,-0.0010794160190471525,0.8163776297432391,0.8033532587561834,-0.013024370987055778,-0.013024370987055778,worsened,-0.012960148358720669,-0.0018638104817287893,6.4031242374328485,6.4031242374328485,0.0,-0.0,tie,-2.6604384231783267,-0.6981760699724653,1.8724975852084786,1.920969815269229,0.0484722300607503,-0.0484722300607503,worsened,-0.9285356808597447,-0.021853949906819325
VG4C826RAAKVMV9BQLVD,0,0.8330280178469077,0.846900340591422,0.013872322744514332,0.013872322744514332,improved,-0.01199618270105854,-0.0014147522629424092,0.7138372048229901,0.7344554598392607,0.02061825501627068,0.02061825501627068,improved,-0.014730812885211535,-0.002345460671224875,12.0,10.770329614269007,-1.2296703857309925,1.2296703857309925,improved,-2.725157917164169,-0.6981760699724653,3.512583303028978,3.201863312463453,-0.31071999056552535,0.31071999056552535,improved,-0.9474405345769171,-0.02652955365859433
VIXBEFTNVHZWKAKURJBN,0,0.9243010020613989,0.9232215860423517,-0.0010794160190471525,-0.0010794160190471525,worsened,-0.011209249081923726,-0.0014147522629424092,0.8592561709480706,0.8573923604663418,-0.0018638104817287893,-0.0018638104817287893,worsened,-0.013547546280053668,-0.002345460671224875,4.2008034155938905,4.898979485566356,0.6981760699724653,-0.6981760699724653,worsened,-2.623692314232408,-0.45947006933817924,1.309568514715904,1.3808899628950184,0.07132144817911446,-0.07132144817911446,worsened,-0.9273330904324621,-0.021853949906819325
VQ2L3WM8KEVF6L44E6G9,0,0.8682922565984967,0.8583959698426724,-0.009896286755824324,-0.009896286755824324,worsened,-0.010745203253672295,-0.0010794160190471525,0.7672407135686153,0.7519209350762142,-0.015319778492401182,-0.015319778492401182,worsened,-0.0128393374373867,-0.0018638104817287893,6.164414002968976,7.0,0.835585997031024,-0.835585997031024,worsened,-2.6164602128082732,-0.45947006933817924,1.9769343586064214,2.101472405694074,0.1245380470876527,-0.1245380470876527,worsened,-0.9245322168056972,-0.021853949906819325
WBG9WYZ1B25WDT5WAT8T,0,0.9082624519589343,0.9131557469180933,0.0048932949591590225,0.0048932949591590225,improved,-0.011523602291302998,-0.0014147522629424092,0.8319421216103213,0.8401900680145347,0.008247946404213335,0.008247946404213335,improved,-0.014079744010892728,-0.002345460671224875,6.0,5.656854249492381,-0.3431457505076194,0.3431457505076194,improved,-2.678498725836622,-0.6981760699724653,1.596653505078235,1.5193297057664803,-0.07732379931175459,0.07732379931175459,improved,-0.935156524510929,-0.02652955365859433
WMDG2EFA6L2SNDZXIRU0,0,0.9240788202176379,0.9289871736592061,0.004908353441568258,0.004908353441568258,improved,-0.011524394843008746,-0.0014147522629424092,0.8588722274289284,0.8673912681635846,0.008519040734656147,0.008519040734656147,improved,-0.014094012133547612,-0.002345460671224875,3.605551275463989,3.0,-0.6055512754639891,0.6055512754639891,improved,-2.6923095429395896,-0.6981760699724653,1.2317856705918713,1.0532813441135909,-0.1785043264782804,0.1785043264782804,improved,-0.9404818154144303,-0.02652955365859433
WNPKE0W404QE9AELX1LR,0,0.8439913579423282,0.8294128427579122,-0.014578515184415997,-0.014578515184415997,worsened,-0.01049877017848326,-0.0010794160190471525,0.7300908723658334,0.7085442870499409,-0.021546585315892486,-0.021546585315892486,worsened,-0.012511610762466105,-0.0018638104817287893,8.306623862918075,9.797958971132712,1.4913351082146367,-1.4913351082146367,worsened,-2.5819471016933457,-0.45947006933817924,2.7361494163783493,3.4397187077050635,0.7035692913267142,-0.7035692913267142,worsened,-0.8940568881615361,-0.021853949906819325
WSJB9P4JCXUVHBOYFVWL,1,0.7983683398407805,0.6086118683945176,-0.18975647144626284,-0.18975647144626284,worsened,-0.0012788777436492152,-0.0010794160190471525,0.6644035491999225,0.43741343954993933,-0.22699010964998317,-0.22699010964998317,worsened,-0.001698793692250806,-0.0018638104817287893,17.233687939614086,53.74011537017761,36.50642743056353,-36.50642743056353,worsened,-0.7390475057802464,-0.45947006933817924,2.7052407714275684,18.011386068631627,15.306145297204058,-15.306145297204058,worsened,-0.1255002562732547,-0.021853949906819325
WW8F5CO4S4K5IM5Z7EXX,0,0.8581867215758449,0.8672652152710671,0.00907849369522229,0.00907849369522229,improved,-0.011743875908990538,-0.0014147522629424092,0.7515998787124367,0.7656383709259944,0.014038492213557685,0.014038492213557685,improved,-0.014384509579805587,-0.002345460671224875,13.416407864998739,20.049937655763422,6.633529790764683,-6.633529790764683,worsened,-2.311305276295975,-0.45947006933817924,2.1657071899159583,4.006859624855997,1.8411524349400383,-1.8411524349400383,worsened,-0.8341840911292557,-0.021853949906819325
X18LU5AOBNNDMLTA0JZL,0,0.9023562263393293,0.9009414740763869,-0.0014147522629424092,-0.0014147522629424092,worsened,-0.011191599805929238,-0.0010794160190471525,0.8220847673830899,0.819739306711865,-0.002345460671224875,-0.002345460671224875,worsened,-0.01352219627008019,-0.0018638104817287893,6.0,6.782329983125268,0.7823299831252681,-0.7823299831252681,worsened,-2.619263160908576,-0.45947006933817924,1.2642069618120433,1.2907365154706376,0.02652955365859433,-0.02652955365859433,worsened,-0.9296905585651212,-0.021853949906819325
XYDLYJ5CS19FDBVLJIPI,0,0.8989027547567842,0.918704942661666,0.019802187904881863,0.019802187904881863,improved,-0.012308280867393674,-0.0014147522629424092,0.8163699969644643,0.8496339055901242,0.033263908625659866,0.033263908625659866,improved,-0.015396373601495176,-0.002345460671224875,6.324555320336759,5.385164807134504,-0.9393905132022553,0.9393905132022553,improved,-2.70988002913634,-0.6981760699724653,1.5051913988527172,1.2346360446767888,-0.27055535417592846,0.27055535417592846,improved,-0.9453266063458853,-0.02652955365859433
Y7ZU0B2APPF54WG6PDMF,0,0.918002272907966,0.9150473593403079,-0.0029549135676580907,-0.0029549135676580907,worsened,-0.011110538684628413,-0.0010794160190471525,0.8484327184079946,0.8433984351463715,-0.00503428326162314,-0.00503428326162314,worsened,-0.013380679291638177,-0.0018638104817287893,4.123105625617661,4.58257569495584,0.45947006933817924,-0.45947006933817924,worsened,-2.6362557879500015,-0.6981760699724653,1.4146323063939574,1.6555252910937845,0.24089298469982712,-0.24089298469982712,worsened,-0.9184082727208457,-0.021853949906819325
YDKD1HVHSME6NVMA8I39,0,0.7679119463128676,0.7620837289360081,-0.005828217376859568,-0.005828217376859568,worsened,-0.01095931216835465,-0.0010794160190471525,0.6232606054533385,0.6156181534644466,-0.007642451988891907,-0.007642451988891907,worsened,-0.013243407253360873,-0.0018638104817287893,16.15549442140351,15.362291495737216,-0.7932029256662947,0.7932029256662947,improved,-2.702185945581816,-0.6981760699724653,5.674518279090318,5.203166938799656,-0.4713513402906617,0.4713513402906617,improved,-0.9558948161413976,-0.02652955365859433
Z9GMG63CJLL0VW893BB1,0,0.8632064526049457,0.8797218864678275,0.01651543386288179,0.01651543386288179,improved,-0.012135293812551564,-0.0014147522629424092,0.7593344056033486,0.7852709749850552,0.02593656938170652,0.02593656938170652,improved,-0.015010724167602895,-0.002345460671224875,6.782329983125268,6.324555320336759,-0.4577746627885091,0.4577746627885091,improved,-2.684531826482985,-0.6981760699724653,2.1703420914623233,1.87953413779332,-0.29080795366900336,0.29080795366900336,improved,-0.9463925326349946,-0.02652955365859433
ZIJLJAVQV3FJ6JSQOH1E,0,0.8607803303687533,0.8216291375548448,-0.03915119281390855,-0.03915119281390855,worsened,-0.009205471355878389,-0.0010794160190471525,0.7555876652370116,0.6972585318767468,-0.058329133360264795,-0.058329133360264795,worsened,-0.010575687181183352,-0.0018638104817287893,18.0,16.431676725154983,-1.5683232748450173,1.5683232748450173,improved,-2.7429817534333276,-0.6981760699724653,2.9295369903012403,3.954802426358883,1.0252654360576425,-1.0252654360576425,worsened,-0.8771255121230658,-0.021853949906819325
ZQPMJ4XEC5A4BISD45P1,0,0.8665101238805104,0.8672521245604162,0.0007420006799058187,0.0007420006799058187,improved,-0.011305113118710724,-0.0014147522629424092,0.7644621642735918,0.765617966154969,0.0011558018813772053,0.0011558018813772053,improved,-0.013706473246532931,-0.002345460671224875,12.24744871391589,17.535672121359738,5.288223407443848,-5.288223407443848,worsened,-2.382110875418124,-0.45947006933817924,3.4103902538832265,3.3808331121175947,-0.029557141765631734,0.029557141765631734,improved,-0.9326424899032383,-0.02652955365859433
