case_id,mode,checkpoint_iteration,prediction,dice,jaccard,hd95,asd,foreground_voxels,gt_foreground_voxels,tp_voxels,fp_voxels,fn_voxels,connectivity,severe_failure,severe_failure_reasons,tracked_case
UPT6DX9IQY9JAZ7HJKA7,bgs,29000,raw,0.8687374178183429,0.7679361374641859,6.782329983125268,3.4134916953054852,249584,206418,198073,51511,8345,26,False,,False
UPT6DX9IQY9JAZ7HJKA7,bgs,29000,lcc,0.8721245357538345,0.7732454188430578,5.196152422706632,2.2536883388676214,247813,206418,198073,49740,8345,26,False,,False
UTBUJIWZMKP64E3N73YC,bgs,29000,raw,0.8716843460914997,0.7725536228022483,10.04987562112089,1.9066598684229867,231259,261027,214559,16700,46468,26,False,,False
UTBUJIWZMKP64E3N73YC,bgs,29000,lcc,0.8718070624568247,0.7727464278896545,10.816653826391969,1.8213046487638997,231153,261027,214543,16610,46484,26,False,,False
ULHWPWKKLTE921LQLH1P,bgs,29000,raw,0.8798616229480958,0.7854936862924083,11.704699910719626,1.9477937995657115,214480,254962,206522,7958,48440,26,False,,False
ULHWPWKKLTE921LQLH1P,bgs,29000,lcc,0.8779365334189544,0.7824303700877527,12.84523257866513,1.2799262009004546,212213,254962,205075,7138,49887,26,False,,False
V0MZOWJ6MU3RMRCV9EXR,bgs,29000,raw,0.878967070397939,0.7840689128640945,32.402160090975606,6.334795442277696,233589,229095,203342,30247,25753,26,False,,False
V0MZOWJ6MU3RMRCV9EXR,bgs,29000,lcc,0.903006424021067,0.8231647329522819,5.744562646538029,1.2747599574239996,219378,229095,202487,16891,26608,26,False,,False
VDOF02M8ZHEAADFMS6NP,bgs,29000,raw,0.8613537858881251,0.7564718305061653,32.61901286060018,7.501385821308356,109470,96796,88834,20636,7962,26,False,,False
VDOF02M8ZHEAADFMS6NP,bgs,29000,lcc,0.8909549527864281,0.8033532587561834,6.4031242374328485,1.920969815269229,102617,96796,88834,13783,7962,26,False,,False
VG4C826RAAKVMV9BQLVD,bgs,29000,raw,0.8424287671932336,0.727755444604989,12.727922061357855,4.82489571382424,353711,370920,305225,48486,65695,26,False,,False
VG4C826RAAKVMV9BQLVD,bgs,29000,lcc,0.846900340591422,0.7344554598392607,10.770329614269007,3.201863312463453,349885,370920,305225,44660,65695,26,False,,False
VIXBEFTNVHZWKAKURJBN,bgs,29000,raw,0.9230071020079583,0.8570224592277477,5.0,1.4900951835801768,187105,183072,170838,16267,12234,26,False,,False
VIXBEFTNVHZWKAKURJBN,bgs,29000,lcc,0.9232215860423517,0.8573923604663418,4.898979485566356,1.3808899628950184,187019,183072,170838,16181,12234,26,False,,False
VQ2L3WM8KEVF6L44E6G9,bgs,29000,raw,0.8414024273646559,0.7262249181575646,34.38022687534217,6.482380923372058,224108,220407,187008,37100,33399,26,False,,False
VQ2L3WM8KEVF6L44E6G9,bgs,29000,lcc,0.8583959698426724,0.7519209350762142,7.0,2.101472405694074,215308,220407,187008,28300,33399,26,False,,False
WBG9WYZ1B25WDT5WAT8T,bgs,29000,raw,0.9094114182677763,0.8338721251081899,6.557438524302,2.623795749049144,239458,256344,225444,14014,30900,26,False,,False
WBG9WYZ1B25WDT5WAT8T,bgs,29000,lcc,0.9131557469180933,0.8401900680145347,5.656854249492381,1.5193297057664803,237425,256344,225444,11981,30900,26,False,,False
WMDG2EFA6L2SNDZXIRU0,bgs,29000,raw,0.8577789299984774,0.7509745289476528,46.95742752749558,12.28790829312181,258528,227490,208448,50080,19042,26,True,hd95_above_40_voxel,False
WMDG2EFA6L2SNDZXIRU0,bgs,29000,lcc,0.9289871736592061,0.8673912681635846,3.0,1.0532813441135909,221274,227490,208448,12826,19042,26,False,,False
WNPKE0W404QE9AELX1LR,bgs,29000,raw,0.8134405037278493,0.6855454836301589,21.8792030259713,6.066805574738379,211471,183663,160709,50762,22954,26,False,,False
WNPKE0W404QE9AELX1LR,bgs,29000,lcc,0.8294128427579122,0.7085442870499409,9.797958971132712,3.4397187077050635,203746,183663,160661,43085,23002,26,False,,False
WSJB9P4JCXUVHBOYFVWL,bgs,29000,raw,0.5931148822728707,0.4215801807833947,52.23600269938248,18.668400788844888,253543,171083,125926,127617,45157,26,True,dice_below_0.70;hd95_above_40_voxel,True
WSJB9P4JCXUVHBOYFVWL,bgs,29000,lcc,0.6086118683945176,0.43741343954993933,53.74011537017761,18.011386068631627,230572,171083,122226,108346,48857,26,True,dice_below_0.70;hd95_above_40_voxel,True
WW8F5CO4S4K5IM5Z7EXX,bgs,29000,raw,0.7874800776803054,0.649457434211689,53.563046963368315,17.993074415475846,200639,172686,146993,53646,25693,26,True,hd95_above_40_voxel,False
WW8F5CO4S4K5IM5Z7EXX,bgs,29000,lcc,0.8672652152710671,0.7656383709259944,20.049937655763422,4.006859624855997,161567,172686,144943,16624,27743,26,False,,False
X18LU5AOBNNDMLTA0JZL,bgs,29000,raw,0.8149067433562845,0.6876309005961012,50.07993610219566,15.025439146390555,227997,191008,170725,57272,20283,26,True,hd95_above_40_voxel,False
X18LU5AOBNNDMLTA0JZL,bgs,29000,lcc,0.9009414740763869,0.819739306711865,6.782329983125268,1.2907365154706376,186910,191008,170241,16669,20767,26,False,,False
XYDLYJ5CS19FDBVLJIPI,bgs,29000,raw,0.9161284412074573,0.8452370890034655,6.4031242374328485,2.28174903987828,179877,191250,170000,9877,21250,26,False,,False
XYDLYJ5CS19FDBVLJIPI,bgs,29000,lcc,0.918704942661666,0.8496339055901242,5.385164807134504,1.2346360446767888,178834,191250,169999,8835,21251,26,False,,False
Y7ZU0B2APPF54WG6PDMF,bgs,29000,raw,0.9113260631990141,0.837097346039991,5.656854249492381,2.545364419003946,217639,212431,195967,21672,16464,26,False,,False
Y7ZU0B2APPF54WG6PDMF,bgs,29000,lcc,0.9150473593403079,0.8433984351463715,4.58257569495584,1.6555252910937845,215890,212431,195967,19923,16464,26,False,,False
YDKD1HVHSME6NVMA8I39,bgs,29000,raw,0.7592936693445425,0.6119850044961181,16.0,5.890813735407097,213503,295607,193282,20221,102325,26,False,,False
YDKD1HVHSME6NVMA8I39,bgs,29000,lcc,0.7620837289360081,0.6156181534644466,15.362291495737216,5.203166938799656,211004,295607,193040,17964,102567,26,False,,False
Z9GMG63CJLL0VW893BB1,bgs,29000,raw,0.8544488718842297,0.7458845361966928,32.758967784522845,7.742862148017238,197214,180983,161575,35639,19408,26,False,,False
Z9GMG63CJLL0VW893BB1,bgs,29000,lcc,0.8797218864678275,0.7852709749850552,6.324555320336759,1.87953413779332,186349,180983,161575,24774,19408,26,False,,False
ZIJLJAVQV3FJ6JSQOH1E,bgs,29000,raw,0.8225829429922076,0.6986334520094892,14.352700094407323,4.073352541221085,395193,531347,381078,14115,150269,26,False,,False
ZIJLJAVQV3FJ6JSQOH1E,bgs,29000,lcc,0.8216291375548448,0.6972585318767468,16.431676725154983,3.954802426358883,393535,531347,379955,13580,151392,26,False,,False
ZQPMJ4XEC5A4BISD45P1,bgs,29000,raw,0.8664077324567552,0.7643027896921526,19.390719429665317,3.6729601921428703,331574,331915,287426,44148,44489,26,False,,False
ZQPMJ4XEC5A4BISD45P1,bgs,29000,lcc,0.8672521245604162,0.765617966154969,17.535672121359738,3.3808331121175947,330928,331915,287426,43502,44489,26,False,,False
