case_id,model,component_id,volume_rank,foreground_voxels,gt_overlap_tp_voxels,fp_voxels,gt_coverage_fraction,component_gt_overlap_fraction,retained_by_lcc,guidance_added_fp_voxels,guidance_added_fp_fraction,centroid_voxel,bbox_min_voxel,bbox_max_voxel_inclusive,fp_distance_to_gt_max_voxels,fp_distance_to_gt_p95_voxels,fp_distance_gt_gt10_voxels,fp_distance_gt_gt20_voxels,fp_distance_gt_gt30_voxels,baseline_raw_rank1_overlap_voxels,baseline_raw_rank2_overlap_voxels
WSJB9P4JCXUVHBOYFVWL,baseline,11,1,138050,123401,14649,0.7212931734888913,0.8938862730894603,1,,,"[120.73145961608112, 65.80023180007244, 55.51675479898587]","[66, 24, 26]","[174, 100, 86]",18.110770276274835,10.862780491200215,954,0,0,138050,0
WSJB9P4JCXUVHBOYFVWL,baseline,2,2,55323,0,55323,0.0,0.0,0,,,"[43.30435804276702, 33.40785929902572, 35.890732606691614]","[21, 2, 14]","[70, 66, 68]",69.87846592477543,61.87891401761993,55323,53520,43081,0,55323
WSJB9P4JCXUVHBOYFVWL,baseline,12,3,16324,0,16324,0.0,0.0,0,,,"[93.09048027444254, 117.3921832884097, 29.93561627052193]","[68, 101, 21]","[117, 134, 39]",49.26459174701441,42.82522621072771,16324,15674,7821,0,0
WSJB9P4JCXUVHBOYFVWL,baseline,15,4,2496,0,2496,0.0,0.0,0,,,"[84.5400641025641, 124.18469551282051, 50.14663461538461]","[74, 112, 45]","[101, 134, 56]",39.8622628559895,33.421549934136806,2496,1878,386,0,0
WSJB9P4JCXUVHBOYFVWL,baseline,22,5,1328,0,1328,0.0,0.0,0,,,"[163.84111445783134, 32.24322289156626, 64.40512048192771]","[156, 20, 61]","[172, 47, 68]",20.808652046684813,17.72004514666935,1128,4,0,0,0
WSJB9P4JCXUVHBOYFVWL,baseline,21,6,1198,0,1198,0.0,0.0,0,,,"[119.28130217028381, 28.526711185308848, 47.38313856427379]","[113, 21, 41]","[127, 35, 55]",22.737634001804146,20.09975124224178,1197,65,0,0,0
WSJB9P4JCXUVHBOYFVWL,baseline,17,7,742,0,742,0.0,0.0,0,,,"[88.60646900269542, 120.01617250673854, 70.33153638814017]","[81, 115, 66]","[99, 126, 75]",31.416556144810016,29.410032068390116,742,742,16,0,0
WSJB9P4JCXUVHBOYFVWL,baseline,4,8,741,741,0,0.004331231039904608,1.0,0,,,"[43.50472334682861, 79.23481781376518, 66.92442645074225]","[33, 74, 64]","[53, 84, 70]",0,0,0,0,0,0,0
WSJB9P4JCXUVHBOYFVWL,baseline,7,9,482,482,0,0.0028173459665776263,1.0,0,,,"[55.481327800829874, 105.19502074688796, 52.24688796680498]","[49, 100, 50]","[64, 111, 55]",0,0,0,0,0,0,0
WSJB9P4JCXUVHBOYFVWL,baseline,9,10,179,0,179,0.0,0.0,0,,,"[61.55865921787709, 1.6312849162011174, 60.57541899441341]","[56, 0, 58]","[68, 5, 63]",57.619441163551734,56.46588303969842,179,179,179,0,0
WSJB9P4JCXUVHBOYFVWL,baseline,18,11,94,0,94,0.0,0.0,0,,,"[105.76595744680851, 117.29787234042553, 48.92553191489362]","[102, 114, 47]","[109, 121, 50]",28.792360097775937,27.929363475915416,94,94,0,0,0
WSJB9P4JCXUVHBOYFVWL,baseline,10,12,93,0,93,0.0,0.0,0,,,"[65.02150537634408, 34.46236559139785, 51.473118279569896]","[62, 30, 49]","[68, 38, 53]",29.086079144497972,27.777666505208774,93,93,0,0,0
WSJB9P4JCXUVHBOYFVWL,baseline,16,13,92,0,92,0.0,0.0,0,,,"[81.33695652173913, 73.3913043478261, 86.25]","[75, 68, 85]","[85, 78, 87]",14.560219778561036,13.748583504537349,92,0,0,0,0
WSJB9P4JCXUVHBOYFVWL,baseline,20,14,62,0,62,0.0,0.0,0,,,"[115.37096774193549, 24.838709677419356, 84.66129032258064]","[112, 23, 84]","[119, 27, 86]",17.11724276862369,16.0312195418814,62,0,0,0,0
WSJB9P4JCXUVHBOYFVWL,baseline,3,15,20,0,20,0.0,0.0,0,,,"[23.7, 16.3, 40.7]","[22, 15, 40]","[26, 17, 42]",54.16641025580336,53.849742080830296,20,20,20,0,0
WSJB9P4JCXUVHBOYFVWL,baseline,1,16,13,0,13,0.0,0.0,0,,,"[1.5384615384615385, 55.76923076923077, 50.07692307692308]","[0, 54, 49]","[3, 57, 51]",30.430248109405877,30.251922251745587,13,13,2,0,0
WSJB9P4JCXUVHBOYFVWL,baseline,13,17,11,11,0,6.429627724554748e-05,1.0,0,,,"[70.63636363636364, 80.45454545454545, 48.63636363636363]","[70, 79, 48]","[71, 82, 49]",0,0,0,0,0,0,0
WSJB9P4JCXUVHBOYFVWL,baseline,8,18,7,0,7,0.0,0.0,0,,,"[52.714285714285715, 6.428571428571429, 58.57142857142857]","[52, 5, 58]","[53, 8, 59]",54.644304369257,54.50093613522091,7,7,7,0,0
WSJB9P4JCXUVHBOYFVWL,baseline,6,19,5,0,5,0.0,0.0,0,,,"[47.8, 17.0, 65.6]","[47, 17, 65]","[49, 17, 66]",46.8187996428785,46.803836428318995,5,5,5,0,0
WSJB9P4JCXUVHBOYFVWL,baseline,5,20,1,0,1,0.0,0.0,0,,,"[35.0, 22.0, 41.0]","[35, 22, 41]","[35, 22, 41]",47.265209192385896,47.265209192385896,1,1,1,0,0
WSJB9P4JCXUVHBOYFVWL,baseline,14,21,1,1,0,5.8451161132315895e-06,1.0,0,,,"[71.0, 77.0, 49.0]","[71, 77, 49]","[71, 77, 49]",0,0,0,0,0,0,0
WSJB9P4JCXUVHBOYFVWL,baseline,19,22,1,0,1,0.0,0.0,0,,,"[112.0, 22.0, 87.0]","[112, 22, 87]","[112, 22, 87]",18.601075237738275,18.601075237738275,1,0,0,0,0
WSJB9P4JCXUVHBOYFVWL,baseline,23,23,1,0,1,0.0,0.0,0,,,"[171.0, 52.0, 65.0]","[171, 52, 65]","[171, 52, 65]",11.224972160321824,11.224972160321824,1,0,0,0,0
WSJB9P4JCXUVHBOYFVWL,guidance,2,1,230572,122226,108346,0.7144251620558443,0.5300990579948996,1,51014,0.8700412729815465,"[97.2919738736707, 53.131364606283505, 47.57638394948216]","[19, 0, 12]","[170, 100, 80]",68.99275324264136,59.30430001273095,81135,70635,56358,125441,44354
WSJB9P4JCXUVHBOYFVWL,guidance,7,2,11031,0,11031,0.0,0.0,0,1403,0.023928096326363543,"[95.50911068806091, 120.82821140422446, 31.115311395159097]","[68, 105, 24]","[120, 134, 39]",49.39635614091387,45.17742799230607,11031,10863,6659,0,0
WSJB9P4JCXUVHBOYFVWL,guidance,11,3,5786,0,5786,0.0,0.0,0,4598,0.07841866493843162,"[126.27428275146906, 23.021431040442447, 44.91047355686139]","[109, 7, 26]","[154, 37, 59]",34.9857113690718,30.54504869860253,5630,2811,395,0,0
WSJB9P4JCXUVHBOYFVWL,guidance,17,4,1795,1344,451,0.007855836056183256,0.7487465181058496,0,350,0.005969232868301668,"[162.95821727019498, 93.47799442896935, 61.30139275766017]","[144, 85, 55]","[178, 106, 67]",11.045361017187261,6.632821228400685,6,0,0,865,0
WSJB9P4JCXUVHBOYFVWL,guidance,3,5,1566,1554,12,0.00908331043996189,0.9923371647509579,0,12,0.00020465941262748575,"[44.2816091954023, 79.26117496807151, 65.4463601532567]","[33, 69, 62]","[53, 87, 69]",1.4142135623730951,1.1863961030678924,0,0,0,0,0
WSJB9P4JCXUVHBOYFVWL,guidance,23,6,656,0,656,0.0,0.0,0,22,0.0003752089231503906,"[161.9954268292683, 29.158536585365855, 64.80335365853658]","[156, 21, 62]","[169, 37, 68]",19.0,16.695762653959854,550,0,0,0,0
WSJB9P4JCXUVHBOYFVWL,guidance,6,7,550,0,550,0.0,0.0,0,516,0.008800354742981888,"[72.6509090909091, 76.02545454545455, 85.91090909090909]","[66, 68, 84]","[84, 84, 87]",17.233687939614086,16.792855623746664,550,0,0,0,0
WSJB9P4JCXUVHBOYFVWL,guidance,5,8,488,488,0,0.0028524166632570157,1.0,0,0,0.0,"[55.31967213114754, 106.26229508196721, 53.131147540983605]","[49, 100, 50]","[62, 111, 56]",0,0,0,0,0,0,0
WSJB9P4JCXUVHBOYFVWL,guidance,18,9,374,309,65,0.001806140878988561,0.8262032085561497,0,0,0.0,"[151.29144385026737, 67.87433155080214, 78.93315508021391]","[145, 61, 76]","[157, 74, 81]",2.8284271247461903,2.23606797749979,0,0,0,374,0
WSJB9P4JCXUVHBOYFVWL,guidance,4,10,220,0,220,0.0,0.0,0,220,0.0037520892315039056,"[44.56818181818182, 51.88181818181818, 65.71818181818182]","[42, 48, 62]","[48, 56, 69]",18.05547008526779,17.329125456131127,220,0,0,0,0
WSJB9P4JCXUVHBOYFVWL,guidance,1,11,197,0,197,0.0,0.0,0,197,0.0033598253573012245,"[16.538071065989847, 31.309644670050762, 41.24873096446701]","[15, 22, 36]","[17, 42, 45]",51.633322573702344,48.65387335195773,197,197,197,0,0
WSJB9P4JCXUVHBOYFVWL,guidance,20,12,131,0,131,0.0,0.0,0,131,0.0022341985878500527,"[151.10687022900763, 129.12213740458014, 26.931297709923665]","[148, 126, 25]","[156, 132, 29]",47.89572005931219,47.67598976424087,131,131,131,0,0
WSJB9P4JCXUVHBOYFVWL,guidance,14,13,76,0,76,0.0,0.0,0,76,0.0012961762799740765,"[135.25, 5.881578947368421, 66.05263157894737]","[133, 2, 65]","[137, 9, 68]",18.681541692269406,17.81117951197414,76,0,0,0,0
WSJB9P4JCXUVHBOYFVWL,guidance,24,14,39,0,39,0.0,0.0,0,39,0.0006651430910393287,"[160.05128205128204, 130.82051282051282, 37.76923076923077]","[158, 126, 37]","[163, 134, 40]",42.83689998120779,42.003491386123166,39,39,39,0,0
WSJB9P4JCXUVHBOYFVWL,guidance,16,15,20,0,20,0.0,0.0,0,20,0.0003410990210458096,"[137.0, 132.95, 45.4]","[135, 132, 44]","[139, 134, 47]",42.37924020083418,42.37924020083418,20,20,20,0,0
WSJB9P4JCXUVHBOYFVWL,guidance,19,16,10,0,10,0.0,0.0,0,10,0.0001705495105229048,"[148.2, 21.4, 32.8]","[148, 20, 31]","[149, 22, 34]",24.758836806279895,24.758836806279895,10,10,0,0,0
WSJB9P4JCXUVHBOYFVWL,guidance,25,17,7,0,7,0.0,0.0,0,7,0.00011938465736603336,"[167.42857142857142, 22.0, 35.142857142857146]","[166, 22, 34]","[169, 22, 36]",29.017236257093817,28.897518192718184,7,7,0,0,0
WSJB9P4JCXUVHBOYFVWL,guidance,13,18,6,0,6,0.0,0.0,0,6,0.00010232970631374287,"[130.83333333333334, 22.0, 36.166666666666664]","[130, 22, 35]","[132, 22, 37]",23.0,22.89025708633924,6,6,0,0,0
WSJB9P4JCXUVHBOYFVWL,guidance,9,19,5,5,0,2.9225580566157946e-05,1.0,0,0,0.0,"[76.6, 79.8, 65.2]","[76, 79, 65]","[77, 81, 66]",0,0,0,0,0,0,0
WSJB9P4JCXUVHBOYFVWL,guidance,21,20,3,0,3,0.0,0.0,0,3,5.116485315687144e-05,"[148.33333333333334, 132.0, 36.666666666666664]","[148, 132, 36]","[149, 132, 37]",43.12771730569565,43.08226323379645,3,3,3,0,0
WSJB9P4JCXUVHBOYFVWL,guidance,10,21,2,0,2,0.0,0.0,0,2,3.410990210458096e-05,"[86.5, 40.5, 33.0]","[86, 40, 33]","[87, 41, 33]",18.2208671582886,18.16714521034828,2,0,0,0,0
WSJB9P4JCXUVHBOYFVWL,guidance,12,22,2,0,2,0.0,0.0,0,2,3.410990210458096e-05,"[112.0, 17.0, 47.5]","[112, 17, 47]","[112, 17, 48]",28.61817604250837,28.61029218745872,2,2,0,0,0
WSJB9P4JCXUVHBOYFVWL,guidance,8,23,1,0,1,0.0,0.0,0,1,1.705495105229048e-05,"[76.0, 38.0, 25.0]","[76, 38, 25]","[76, 38, 25]",27.748873851023216,27.748873851023216,1,1,0,0,0
WSJB9P4JCXUVHBOYFVWL,guidance,15,24,1,0,1,0.0,0.0,0,1,1.705495105229048e-05,"[134.0, 22.0, 28.0]","[134, 22, 28]","[134, 22, 28]",25.67099530598687,25.67099530598687,1,1,0,0,0
WSJB9P4JCXUVHBOYFVWL,guidance,22,25,1,0,1,0.0,0.0,0,1,1.705495105229048e-05,"[148.0, 134.0, 37.0]","[148, 134, 37]","[148, 134, 37]",44.46346815083142,44.46346815083142,1,1,1,0,0
WSJB9P4JCXUVHBOYFVWL,guidance,26,26,1,0,1,0.0,0.0,0,1,1.705495105229048e-05,"[169.0, 17.0, 33.0]","[169, 17, 33]","[169, 17, 33]",33.54101966249684,33.54101966249684,1,1,1,0,0
WSJB9P4JCXUVHBOYFVWL,guidance,27,27,1,0,1,0.0,0.0,0,0,0.0,"[169.0, 37.0, 64.0]","[169, 37, 64]","[169, 37, 64]",14.730919862656235,14.730919862656235,1,0,0,0,0
WSJB9P4JCXUVHBOYFVWL,guidance,28,28,1,0,1,0.0,0.0,0,1,1.705495105229048e-05,"[173.0, 17.0, 33.0]","[173, 17, 33]","[173, 17, 33]",35.510561809129406,35.510561809129406,1,1,1,0,0
WSJB9P4JCXUVHBOYFVWL,guidance,29,29,1,0,1,0.0,0.0,0,1,1.705495105229048e-05,"[175.0, 17.0, 33.0]","[175, 17, 33]","[175, 17, 33]",36.61966684720111,36.61966684720111,1,1,1,0,0
