channel,observed_valid_records,top8_count,top8_frequency,first_observed_iteration,last_observed_iteration,longest_consecutive_500_records,longest_run_start,longest_run_end,early_observed_records,early_top8_count,early_top8_frequency,middle_observed_records,middle_top8_count,middle_top8_frequency,late_observed_records,late_top8_count,late_top8_frequency
0,60,0,0.0,,,0,,,20,0,0.0,20,0,0.0,20,0,0.0
1,60,35,0.5833333333333334,2000,29000,6,18500,21000,20,10,0.5,20,10,0.5,20,15,0.75
2,60,14,0.23333333333333334,5000,29500,2,11500,12000,20,3,0.15,20,6,0.3,20,5,0.25
3,60,0,0.0,,,0,,,20,0,0.0,20,0,0.0,20,0,0.0
4,60,2,0.03333333333333333,9000,24500,1,9000,9000,20,1,0.05,20,0,0.0,20,1,0.05
5,60,4,0.06666666666666667,1500,24500,2,1500,2000,20,2,0.1,20,0,0.0,20,2,0.1
6,60,0,0.0,,,0,,,20,0,0.0,20,0,0.0,20,0,0.0
7,60,1,0.016666666666666666,18000,18000,1,18000,18000,20,0,0.0,20,1,0.05,20,0,0.0
8,60,2,0.03333333333333333,3500,20500,1,3500,3500,20,1,0.05,20,0,0.0,20,1,0.05
9,60,0,0.0,,,0,,,20,0,0.0,20,0,0.0,20,0,0.0
10,60,0,0.0,,,0,,,20,0,0.0,20,0,0.0,20,0,0.0
11,60,1,0.016666666666666666,12000,12000,1,12000,12000,20,0,0.0,20,1,0.05,20,0,0.0
12,60,0,0.0,,,0,,,20,0,0.0,20,0,0.0,20,0,0.0
13,60,1,0.016666666666666666,0,0,1,0,0,20,1,0.05,20,0,0.0,20,0,0.0
14,60,34,0.5666666666666667,1000,29500,6,13500,16000,20,12,0.6,20,15,0.75,20,7,0.35
15,60,17,0.2833333333333333,500,27000,4,500,2000,20,6,0.3,20,5,0.25,20,6,0.3
16,60,3,0.05,0,19000,2,0,500,20,2,0.1,20,1,0.05,20,0,0.0
17,60,1,0.016666666666666666,12500,12500,1,12500,12500,20,0,0.0,20,1,0.05,20,0,0.0
18,60,0,0.0,,,0,,,20,0,0.0,20,0,0.0,20,0,0.0
19,60,31,0.5166666666666667,0,28000,5,25000,27000,20,12,0.6,20,9,0.45,20,10,0.5
20,60,0,0.0,,,0,,,20,0,0.0,20,0,0.0,20,0,0.0
21,60,0,0.0,,,0,,,20,0,0.0,20,0,0.0,20,0,0.0
22,60,0,0.0,,,0,,,20,0,0.0,20,0,0.0,20,0,0.0
23,60,0,0.0,,,0,,,20,0,0.0,20,0,0.0,20,0,0.0
24,60,1,0.016666666666666666,28000,28000,1,28000,28000,20,0,0.0,20,0,0.0,20,1,0.05
25,60,0,0.0,,,0,,,20,0,0.0,20,0,0.0,20,0,0.0
26,60,0,0.0,,,0,,,20,0,0.0,20,0,0.0,20,0,0.0
27,60,32,0.5333333333333333,500,29500,9,500,4500,20,16,0.8,20,12,0.6,20,4,0.2
28,60,0,0.0,,,0,,,20,0,0.0,20,0,0.0,20,0,0.0
29,60,30,0.5,1500,29000,5,27000,29000,20,8,0.4,20,9,0.45,20,13,0.65
30,60,0,0.0,,,0,,,20,0,0.0,20,0,0.0,20,0,0.0
31,60,24,0.4,3500,29000,3,3500,4500,20,7,0.35,20,9,0.45,20,8,0.4
32,60,3,0.05,2000,24500,1,2000,2000,20,2,0.1,20,0,0.0,20,1,0.05
33,60,59,0.9833333333333333,0,29500,56,0,27500,20,20,1.0,20,20,1.0,20,19,0.95
34,60,0,0.0,,,0,,,20,0,0.0,20,0,0.0,20,0,0.0
35,60,0,0.0,,,0,,,20,0,0.0,20,0,0.0,20,0,0.0
36,60,0,0.0,,,0,,,20,0,0.0,20,0,0.0,20,0,0.0
37,60,3,0.05,0,1000,3,0,1000,20,3,0.15,20,0,0.0,20,0,0.0
38,60,0,0.0,,,0,,,20,0,0.0,20,0,0.0,20,0,0.0
39,60,46,0.7666666666666667,1500,29500,22,5500,16000,20,15,0.75,20,17,0.85,20,14,0.7
40,60,0,0.0,,,0,,,20,0,0.0,20,0,0.0,20,0,0.0
41,60,0,0.0,,,0,,,20,0,0.0,20,0,0.0,20,0,0.0
42,60,0,0.0,,,0,,,20,0,0.0,20,0,0.0,20,0,0.0
43,60,1,0.016666666666666666,27000,27000,1,27000,27000,20,0,0.0,20,0,0.0,20,1,0.05
44,60,1,0.016666666666666666,1000,1000,1,1000,1000,20,1,0.05,20,0,0.0,20,0,0.0
45,60,0,0.0,,,0,,,20,0,0.0,20,0,0.0,20,0,0.0
46,60,48,0.8,500,29500,24,500,12000,20,19,0.95,20,17,0.85,20,12,0.6
47,60,21,0.35,2000,28500,4,19500,21000,20,7,0.35,20,6,0.3,20,8,0.4
48,60,1,0.016666666666666666,0,0,1,0,0,20,1,0.05,20,0,0.0,20,0,0.0
49,60,4,0.06666666666666667,26500,29500,2,27500,28000,20,0,0.0,20,0,0.0,20,4,0.2
50,60,2,0.03333333333333333,0,500,2,0,500,20,2,0.1,20,0,0.0,20,0,0.0
51,60,3,0.05,3500,25500,1,3500,3500,20,1,0.05,20,0,0.0,20,2,0.1
52,60,0,0.0,,,0,,,20,0,0.0,20,0,0.0,20,0,0.0
53,60,2,0.03333333333333333,9500,26000,1,9500,9500,20,1,0.05,20,0,0.0,20,1,0.05
54,60,1,0.016666666666666666,17000,17000,1,17000,17000,20,0,0.0,20,1,0.05,20,0,0.0
55,60,2,0.03333333333333333,14000,29000,1,14000,14000,20,0,0.0,20,1,0.05,20,1,0.05
56,60,0,0.0,,,0,,,20,0,0.0,20,0,0.0,20,0,0.0
57,60,11,0.18333333333333332,5500,27500,2,16000,16500,20,1,0.05,20,3,0.15,20,7,0.35
58,60,0,0.0,,,0,,,20,0,0.0,20,0,0.0,20,0,0.0
59,60,33,0.55,4500,29500,7,21000,24000,20,5,0.25,20,16,0.8,20,12,0.6
60,60,0,0.0,,,0,,,20,0,0.0,20,0,0.0,20,0,0.0
61,60,6,0.1,0,28000,1,0,0,20,1,0.05,20,0,0.0,20,5,0.25
62,60,0,0.0,,,0,,,20,0,0.0,20,0,0.0,20,0,0.0
63,60,0,0.0,,,0,,,20,0,0.0,20,0,0.0,20,0,0.0
