iteration,phase,expected_500_iteration_record,observed,valid,logged_count,log_line_numbers,top8_indices,previous_observed_valid_iteration,iteration_gap,adjacent_record_top8_jaccard,consecutive_500_top8_jaccard,retained_channels,entered_channels,exited_channels
0,early,1,1,1,1,4,"[50, 13, 19, 16, 61, 48, 33, 37]",,,,,,,
500,early,1,1,1,1,1009,"[33, 46, 37, 15, 27, 19, 50, 16]",0,500,0.45454545454545453,0.45454545454545453,"[16, 19, 33, 37, 50]","[15, 27, 46]","[13, 48, 61]"
1000,early,1,1,1,1,2016,"[33, 46, 15, 27, 14, 19, 44, 37]",500,500,0.6,0.6,"[15, 19, 27, 33, 37, 46]","[14, 44]","[16, 50]"
1500,early,1,1,1,1,3021,"[33, 46, 27, 19, 15, 5, 39, 29]",1000,500,0.45454545454545453,0.45454545454545453,"[15, 19, 27, 33, 46]","[5, 29, 39]","[14, 37, 44]"
2000,early,1,1,1,1,4028,"[33, 46, 27, 5, 47, 15, 1, 32]",1500,500,0.45454545454545453,0.45454545454545453,"[5, 15, 27, 33, 46]","[1, 32, 47]","[19, 29, 39]"
2500,early,1,1,1,1,5033,"[33, 46, 19, 27, 1, 14, 29, 39]",2000,500,0.3333333333333333,0.3333333333333333,"[1, 27, 33, 46]","[14, 19, 29, 39]","[5, 15, 32, 47]"
3000,early,1,1,1,1,6040,"[33, 46, 19, 14, 39, 1, 27, 29]",2500,500,1.0,1.0,"[1, 14, 19, 27, 29, 33, 39, 46]",[],[]
3500,early,1,1,1,1,7045,"[33, 46, 27, 39, 8, 51, 1, 31]",3000,500,0.45454545454545453,0.45454545454545453,"[1, 27, 33, 39, 46]","[8, 31, 51]","[14, 19, 29]"
4000,early,1,1,1,1,8052,"[33, 19, 14, 39, 46, 31, 47, 27]",3500,500,0.45454545454545453,0.45454545454545453,"[27, 31, 33, 39, 46]","[14, 19, 47]","[1, 8, 51]"
4500,early,1,1,1,1,9057,"[46, 33, 39, 27, 19, 59, 14, 31]",4000,500,0.7777777777777778,0.7777777777777778,"[14, 19, 27, 31, 33, 39, 46]",[59],[47]
5000,early,1,1,1,1,10064,"[33, 15, 19, 2, 47, 14, 46, 1]",4500,500,0.3333333333333333,0.3333333333333333,"[14, 19, 33, 46]","[1, 2, 15, 47]","[27, 31, 39, 59]"
5500,early,1,1,1,1,11069,"[33, 14, 46, 1, 59, 47, 39, 57]",5000,500,0.45454545454545453,0.45454545454545453,"[1, 14, 33, 46, 47]","[39, 57, 59]","[2, 15, 19]"
6000,early,1,1,1,1,12076,"[33, 27, 29, 1, 31, 46, 39, 47]",5500,500,0.45454545454545453,0.45454545454545453,"[1, 33, 39, 46, 47]","[27, 29, 31]","[14, 57, 59]"
6500,early,1,1,1,1,13081,"[33, 46, 39, 27, 2, 14, 15, 29]",6000,500,0.45454545454545453,0.45454545454545453,"[27, 29, 33, 39, 46]","[2, 14, 15]","[1, 31, 47]"
7000,early,1,1,1,1,14088,"[39, 1, 33, 46, 27, 31, 47, 14]",6500,500,0.45454545454545453,0.45454545454545453,"[14, 27, 33, 39, 46]","[1, 31, 47]","[2, 15, 29]"
7500,early,1,1,1,1,15093,"[27, 33, 46, 39, 29, 19, 59, 14]",7000,500,0.45454545454545453,0.45454545454545453,"[14, 27, 33, 39, 46]","[19, 29, 59]","[1, 31, 47]"
8000,early,1,1,1,1,16100,"[33, 46, 39, 27, 14, 2, 59, 31]",7500,500,0.6,0.6,"[14, 27, 33, 39, 46, 59]","[2, 31]","[19, 29]"
8500,early,1,1,1,1,17105,"[33, 39, 27, 46, 59, 19, 29, 1]",8000,500,0.45454545454545453,0.45454545454545453,"[27, 33, 39, 46, 59]","[1, 19, 29]","[2, 14, 31]"
9000,early,1,1,1,1,18112,"[33, 39, 27, 46, 1, 47, 4, 32]",8500,500,0.45454545454545453,0.45454545454545453,"[1, 27, 33, 39, 46]","[4, 32, 47]","[19, 29, 59]"
9500,early,1,1,1,1,19117,"[33, 14, 46, 19, 53, 29, 31, 39]",9000,500,0.23076923076923078,0.23076923076923078,"[33, 39, 46]","[14, 19, 29, 31, 53]","[1, 4, 27, 32, 47]"
10000,middle,1,1,1,1,20124,"[33, 46, 27, 14, 59, 39, 31, 1]",9500,500,0.45454545454545453,0.45454545454545453,"[14, 31, 33, 39, 46]","[1, 27, 59]","[19, 29, 53]"
10500,middle,1,1,1,1,21129,"[33, 46, 19, 27, 14, 29, 39, 59]",10000,500,0.6,0.6,"[14, 27, 33, 39, 46, 59]","[19, 29]","[1, 31]"
11000,middle,1,1,1,1,22136,"[14, 39, 27, 33, 46, 59, 19, 15]",10500,500,0.7777777777777778,0.7777777777777778,"[14, 19, 27, 33, 39, 46, 59]",[15],[29]
11500,middle,1,1,1,1,23141,"[33, 46, 39, 2, 1, 27, 47, 15]",11000,500,0.45454545454545453,0.45454545454545453,"[15, 27, 33, 39, 46]","[1, 2, 47]","[14, 19, 59]"
12000,middle,1,1,1,1,24148,"[33, 39, 46, 31, 59, 14, 11, 2]",11500,500,0.3333333333333333,0.3333333333333333,"[2, 33, 39, 46]","[11, 14, 31, 59]","[1, 15, 27, 47]"
12500,middle,1,1,1,1,25153,"[15, 33, 1, 47, 39, 14, 29, 17]",12000,500,0.23076923076923078,0.23076923076923078,"[14, 33, 39]","[1, 15, 17, 29, 47]","[2, 11, 31, 46, 59]"
13000,middle,1,1,1,1,26160,"[33, 29, 39, 1, 19, 31, 47, 59]",12500,500,0.45454545454545453,0.45454545454545453,"[1, 29, 33, 39, 47]","[19, 31, 59]","[14, 15, 17]"
13500,middle,1,1,1,1,27165,"[33, 46, 39, 59, 27, 14, 47, 29]",13000,500,0.45454545454545453,0.45454545454545453,"[29, 33, 39, 47, 59]","[14, 27, 46]","[1, 19, 31]"
14000,middle,1,1,1,1,28172,"[39, 33, 27, 59, 1, 14, 46, 55]",13500,500,0.6,0.6,"[14, 27, 33, 39, 46, 59]","[1, 55]","[29, 47]"
14500,middle,1,1,1,1,29177,"[33, 39, 46, 2, 27, 14, 1, 31]",14000,500,0.6,0.6,"[1, 14, 27, 33, 39, 46]","[2, 31]","[55, 59]"
15000,middle,1,1,1,1,30184,"[39, 33, 59, 27, 46, 31, 14, 15]",14500,500,0.6,0.6,"[14, 27, 31, 33, 39, 46]","[15, 59]","[1, 2]"
15500,middle,1,1,1,1,31189,"[33, 46, 2, 39, 19, 59, 14, 27]",15000,500,0.6,0.6,"[14, 27, 33, 39, 46, 59]","[2, 19]","[15, 31]"
16000,middle,1,1,1,1,32196,"[33, 46, 19, 14, 59, 39, 57, 2]",15500,500,0.7777777777777778,0.7777777777777778,"[2, 14, 19, 33, 39, 46, 59]",[57],[27]
16500,middle,1,1,1,1,33201,"[46, 33, 29, 59, 19, 57, 1, 31]",16000,500,0.45454545454545453,0.45454545454545453,"[19, 33, 46, 57, 59]","[1, 29, 31]","[2, 14, 39]"
17000,middle,1,1,1,1,34208,"[46, 33, 59, 14, 19, 39, 31, 54]",16500,500,0.45454545454545453,0.45454545454545453,"[19, 31, 33, 46, 59]","[14, 39, 54]","[1, 29, 57]"
17500,middle,1,1,1,1,35213,"[39, 33, 46, 59, 27, 14, 29, 15]",17000,500,0.45454545454545453,0.45454545454545453,"[14, 33, 39, 46, 59]","[15, 27, 29]","[19, 31, 54]"
18000,middle,1,1,1,1,36220,"[19, 31, 57, 47, 29, 33, 14, 7]",17500,500,0.23076923076923078,0.23076923076923078,"[14, 29, 33]","[7, 19, 31, 47, 57]","[15, 27, 39, 46, 59]"
18500,middle,1,1,1,1,37225,"[33, 27, 39, 46, 59, 29, 1, 31]",18000,500,0.23076923076923078,0.23076923076923078,"[29, 31, 33]","[1, 27, 39, 46, 59]","[7, 14, 19, 47, 57]"
19000,middle,1,1,1,1,38232,"[33, 39, 14, 59, 2, 46, 1, 16]",18500,500,0.45454545454545453,0.45454545454545453,"[1, 33, 39, 46, 59]","[2, 14, 16]","[27, 29, 31]"
19500,middle,1,1,1,1,39237,"[46, 33, 19, 29, 59, 47, 1, 27]",19000,500,0.3333333333333333,0.3333333333333333,"[1, 33, 46, 59]","[19, 27, 29, 47]","[2, 14, 16, 39]"
20000,late,1,1,1,1,40244,"[33, 47, 2, 1, 31, 46, 57, 5]",19500,500,0.3333333333333333,0.3333333333333333,"[1, 33, 46, 47]","[2, 5, 31, 57]","[19, 27, 29, 59]"
20500,late,1,1,1,1,41249,"[15, 39, 33, 1, 47, 29, 14, 8]",20000,500,0.23076923076923078,0.23076923076923078,"[1, 33, 47]","[8, 14, 15, 29, 39]","[2, 5, 31, 46, 57]"
21000,late,1,1,1,1,42256,"[47, 33, 29, 59, 1, 57, 31, 19]",20500,500,0.3333333333333333,0.3333333333333333,"[1, 29, 33, 47]","[19, 31, 57, 59]","[8, 14, 15, 39]"
21500,late,1,1,1,1,43261,"[33, 39, 46, 27, 2, 59, 15, 29]",21000,500,0.23076923076923078,0.23076923076923078,"[29, 33, 59]","[2, 15, 27, 39, 46]","[1, 19, 31, 47, 57]"
22000,late,1,1,1,1,44268,"[27, 39, 31, 59, 33, 1, 46, 57]",21500,500,0.45454545454545453,0.45454545454545453,"[27, 33, 39, 46, 59]","[1, 31, 57]","[2, 15, 29]"
22500,late,1,1,1,1,45273,"[39, 33, 19, 14, 61, 46, 59, 1]",22000,500,0.45454545454545453,0.45454545454545453,"[1, 33, 39, 46, 59]","[14, 19, 61]","[27, 31, 57]"
23000,late,1,1,1,1,46280,"[33, 39, 14, 2, 15, 19, 59, 46]",22500,500,0.6,0.6,"[14, 19, 33, 39, 46, 59]","[2, 15]","[1, 61]"
23500,late,1,1,1,1,47285,"[19, 46, 14, 33, 61, 29, 59, 57]",23000,500,0.45454545454545453,0.45454545454545453,"[14, 19, 33, 46, 59]","[29, 57, 61]","[2, 15, 39]"
24000,late,1,1,1,1,48292,"[39, 33, 15, 46, 27, 59, 29, 1]",23500,500,0.3333333333333333,0.3333333333333333,"[29, 33, 46, 59]","[1, 15, 27, 39]","[14, 19, 57, 61]"
24500,late,1,1,1,1,49297,"[39, 4, 33, 15, 32, 1, 5, 51]",24000,500,0.3333333333333333,0.3333333333333333,"[1, 15, 33, 39]","[4, 5, 32, 51]","[27, 29, 46, 59]"
25000,late,1,1,1,1,50304,"[47, 57, 1, 33, 14, 29, 19, 31]",24500,500,0.14285714285714285,0.14285714285714285,"[1, 33]","[14, 19, 29, 31, 47, 57]","[4, 5, 15, 32, 39, 51]"
25500,late,1,1,1,1,51309,"[39, 33, 1, 59, 29, 61, 51, 19]",25000,500,0.3333333333333333,0.3333333333333333,"[1, 19, 29, 33]","[39, 51, 59, 61]","[14, 31, 47, 57]"
26000,late,1,1,1,1,52316,"[57, 46, 33, 19, 59, 29, 47, 53]",25500,500,0.3333333333333333,0.3333333333333333,"[19, 29, 33, 59]","[46, 47, 53, 57]","[1, 39, 51, 61]"
26500,late,1,1,1,1,53321,"[19, 1, 61, 33, 39, 14, 31, 49]",26000,500,0.14285714285714285,0.14285714285714285,"[19, 33]","[1, 14, 31, 39, 49, 61]","[29, 46, 47, 53, 57, 59]"
27000,late,1,1,1,1,54328,"[15, 33, 47, 39, 19, 29, 1, 43]",26500,500,0.3333333333333333,0.3333333333333333,"[1, 19, 33, 39]","[15, 29, 43, 47]","[14, 31, 49, 61]"
27500,late,1,1,1,1,55333,"[33, 1, 59, 46, 49, 29, 31, 57]",27000,500,0.23076923076923078,0.23076923076923078,"[1, 29, 33]","[31, 46, 49, 57, 59]","[15, 19, 39, 43, 47]"
28000,late,1,1,1,1,56340,"[1, 39, 49, 24, 61, 19, 29, 47]",27500,500,0.23076923076923078,0.23076923076923078,"[1, 29, 49]","[19, 24, 39, 47, 61]","[31, 33, 46, 57, 59]"
28500,late,1,1,1,1,57345,"[33, 47, 46, 39, 29, 31, 1, 2]",28000,500,0.3333333333333333,0.3333333333333333,"[1, 29, 39, 47]","[2, 31, 33, 46]","[19, 24, 49, 61]"
29000,late,1,1,1,1,58352,"[39, 59, 33, 31, 1, 46, 55, 29]",28500,500,0.6,0.6,"[1, 29, 31, 33, 39, 46]","[55, 59]","[2, 47]"
29500,late,1,1,1,1,59357,"[39, 33, 46, 59, 27, 2, 49, 14]",29000,500,0.3333333333333333,0.3333333333333333,"[33, 39, 46, 59]","[2, 14, 27, 49]","[1, 29, 31, 55]"
