case_id,baseline_raw_dice,guidance_raw_dice,delta_raw_dice,baseline_lcc_dice,guidance_lcc_dice,delta_lcc_dice,lcc_change_in_signed_gap_dice,lcc_change_in_absolute_gap_dice,lcc_gap_effect_dice,baseline_raw_jaccard,guidance_raw_jaccard,delta_raw_jaccard,baseline_lcc_jaccard,guidance_lcc_jaccard,delta_lcc_jaccard,lcc_change_in_signed_gap_jaccard,lcc_change_in_absolute_gap_jaccard,lcc_gap_effect_jaccard,baseline_raw_hd95,guidance_raw_hd95,delta_raw_hd95,baseline_lcc_hd95,guidance_lcc_hd95,delta_lcc_hd95,lcc_change_in_signed_gap_hd95,lcc_change_in_absolute_gap_hd95,lcc_gap_effect_hd95,baseline_raw_asd,guidance_raw_asd,delta_raw_asd,baseline_lcc_asd,guidance_lcc_asd,delta_lcc_asd,lcc_change_in_signed_gap_asd,lcc_change_in_absolute_gap_asd,lcc_gap_effect_asd,baseline_raw_tp_voxels,guidance_raw_tp_voxels,delta_raw_tp_voxels,baseline_lcc_tp_voxels,guidance_lcc_tp_voxels,delta_lcc_tp_voxels,lcc_change_in_signed_gap_tp_voxels,lcc_change_in_absolute_gap_tp_voxels,baseline_raw_fp_voxels,guidance_raw_fp_voxels,delta_raw_fp_voxels,baseline_lcc_fp_voxels,guidance_lcc_fp_voxels,delta_lcc_fp_voxels,lcc_change_in_signed_gap_fp_voxels,lcc_change_in_absolute_gap_fp_voxels,baseline_raw_fn_voxels,guidance_raw_fn_voxels,delta_raw_fn_voxels,baseline_lcc_fn_voxels,guidance_lcc_fn_voxels,delta_lcc_fn_voxels,lcc_change_in_signed_gap_fn_voxels,lcc_change_in_absolute_gap_fn_voxels,baseline_raw_foreground_voxels,guidance_raw_foreground_voxels,delta_raw_foreground_voxels,baseline_lcc_foreground_voxels,guidance_lcc_foreground_voxels,delta_lcc_foreground_voxels,lcc_change_in_signed_gap_foreground_voxels,lcc_change_in_absolute_gap_foreground_voxels,baseline_raw_component_count,guidance_raw_component_count,delta_raw_component_count,baseline_lcc_component_count,guidance_lcc_component_count,delta_lcc_component_count,lcc_change_in_signed_gap_component_count,lcc_change_in_absolute_gap_component_count,baseline_raw_largest_component_fraction,guidance_raw_largest_component_fraction,delta_raw_largest_component_fraction,baseline_lcc_largest_component_fraction,guidance_lcc_largest_component_fraction,delta_lcc_largest_component_fraction,lcc_change_in_signed_gap_largest_component_fraction,lcc_change_in_absolute_gap_largest_component_fraction
UPT6DX9IQY9JAZ7HJKA7,0.8647930262682318,0.8687374178183429,0.003944391550111059,0.8683311242752937,0.8721245357538345,0.0037934114785408424,-0.00015098007157021698,-0.00015098007157021698,narrowed,0.7617932643819092,0.7679361374641859,0.006142873082276679,0.7673014102461955,0.7732454188430578,0.0059440085968622824,-0.00019886448541439616,-0.00019886448541439616,narrowed,6.082762530298219,6.782329983125268,0.6995674528270488,5.385164807134504,5.196152422706632,-0.18901238442787172,-0.8885798372549205,-0.5105550683991771,ranking_reversed_narrowed,2.7624264848760833,3.4134916953054852,0.6510652104294019,2.2760205539827125,2.2536883388676214,-0.022332215115091092,-0.673397425544493,-0.6287329953143108,ranking_reversed_narrowed,192608,198073,5465,192608,198073,5465,0,0,46417,51511,5094,44602,49740,5138,44,44,13810,8345,-5465,13810,8345,-5465,0,0,239025,249584,10559,237210,247813,10603,44,44,4,6,2,1,1,0,-2,-2,0.9924066520238469,0.9929041925764472,0.0004975405526003174,1.0,1.0,0.0,-0.0004975405526003174,-0.0004975405526003174
UTBUJIWZMKP64E3N73YC,0.8573168515904376,0.8716843460914997,0.014367494501062117,0.8692076334392632,0.8718070624568247,0.0025994290175614942,-0.011768065483500623,-0.011768065483500623,narrowed,0.7502664695665545,0.7725536228022483,0.022287153235693746,0.768671295582695,0.7727464278896545,0.00407513230695955,-0.018212020928734196,-0.018212020928734196,narrowed,14.352700094407323,10.04987562112089,-4.302824473286433,9.695359714832659,10.816653826391969,1.12129411155931,5.424118584845743,-3.1815303617271233,ranking_reversed_narrowed,4.793438623974912,1.9066598684229867,-2.886778755551925,1.967619878853823,1.8213046487638997,-0.1463152300899233,2.740463525462002,-2.740463525462002,narrowed,214688,214559,-129,214437,214543,106,235,-23,25122,16700,-8422,17944,16610,-1334,7088,-7088,46339,46468,129,46590,46484,-106,-235,-23,239810,231259,-8551,232381,231153,-1228,7323,-7323,12,5,-7,1,1,0,7,-7,0.9690213085359243,0.9995416394605183,0.030520330924594052,1.0,1.0,0.0,-0.030520330924594052,-0.030520330924594052
ULHWPWKKLTE921LQLH1P,0.8855857922416278,0.8798616229480958,-0.005724169293532033,0.8860095856295824,0.8779365334189544,-0.00807305221062804,-0.002348882917096007,0.002348882917096007,widened,0.7946648437145922,0.7854936862924083,-0.009171157422183884,0.7953475848625854,0.7824303700877527,-0.012917214774832653,-0.0037460573526487684,0.0037460573526487684,widened,11.180339887498949,11.704699910719626,0.5243600232206767,11.489125293076057,12.84523257866513,1.3561072855890721,0.8317472623683955,0.8317472623683955,widened,2.072611854960332,1.9477937995657115,-0.12481805539462054,1.2580722509936353,1.2799262009004546,0.021853949906819325,0.14667200530143987,-0.10296410548780122,ranking_reversed_narrowed,210405,206522,-3883,209726,205075,-4651,-768,768,9810,7958,-1852,8729,7138,-1591,261,-261,44557,48440,3883,45236,49887,4651,768,768,220215,214480,-5735,218455,212213,-6242,-507,507,6,6,0,1,1,0,0,0,0.9920078105487818,0.9894302499067512,-0.0025775606420306296,1.0,1.0,0.0,0.0025775606420306296,-0.0025775606420306296
V0MZOWJ6MU3RMRCV9EXR,0.9014442768789841,0.878967070397939,-0.02247720648104512,0.9125812537441547,0.903006424021067,-0.009574829723087652,0.012902376757957468,-0.012902376757957468,narrowed,0.8205721912020678,0.7840689128640945,-0.03650327833797329,0.8392178789323949,0.8231647329522819,-0.01605314598011298,0.020450132357860307,-0.020450132357860307,narrowed,24.939927826679853,32.402160090975606,7.4622322642957535,4.242640687119285,5.744562646538029,1.5019219594187438,-5.96031030487701,-5.96031030487701,narrowed,5.586924671243769,6.334795442277696,0.7478707710339272,1.1963831126875135,1.2747599574239996,0.0783768447364861,-0.6694939262974411,-0.6694939262974411,narrowed,204128,203342,-786,204128,202487,-1641,-855,855,19668,30247,10579,14141,16891,2750,-7829,-7829,24967,25753,786,24967,26608,1641,855,855,223796,233589,9793,218269,219378,1109,-8684,-8684,12,11,-1,1,1,0,1,-1,0.9753034013119091,0.9391623749406008,-0.03614102637130823,1.0,1.0,0.0,0.03614102637130823,-0.03614102637130823
VDOF02M8ZHEAADFMS6NP,0.8509968217278243,0.8613537858881251,0.010356964160300741,0.8989073817856271,0.8909549527864281,-0.007952428999199013,-0.018309393159499754,-0.0024045351611017285,ranking_reversed_narrowed,0.740639223476752,0.7564718305061653,0.015832607029413248,0.8163776297432391,0.8033532587561834,-0.013024370987055778,-0.028856978016469026,-0.0028082360423574704,ranking_reversed_narrowed,36.70830779135733,32.61901286060018,-4.0892949307571484,6.4031242374328485,6.4031242374328485,0.0,4.0892949307571484,-4.0892949307571484,narrowed,8.545174573477162,7.501385821308356,-1.0437887521688056,1.8724975852084786,1.920969815269229,0.0484722300607503,1.092260982229556,-0.9953165221080553,ranking_reversed_narrowed,88359,88834,475,88359,88834,475,0,0,22505,20636,-1869,11437,13783,2346,4215,477,8437,7962,-475,8437,7962,-475,0,0,110864,109470,-1394,99796,102617,2821,4215,1427,13,14,1,1,1,0,-1,-1,0.9001659691153124,0.9373983739837398,0.03723240486842738,1.0,1.0,0.0,-0.03723240486842738,-0.03723240486842738
VG4C826RAAKVMV9BQLVD,0.8214067540930015,0.8424287671932336,0.021022013100232106,0.8330280178469077,0.846900340591422,0.013872322744514332,-0.007149690355717775,-0.007149690355717775,narrowed,0.6969382837934722,0.727755444604989,0.030817160811516753,0.7138372048229901,0.7344554598392607,0.02061825501627068,-0.010198905795246072,-0.010198905795246072,narrowed,19.544820285692065,12.727922061357855,-6.81689822433421,12.0,10.770329614269007,-1.2296703857309925,5.5872278386032175,-5.5872278386032175,narrowed,7.0073016335812435,4.82489571382424,-2.182405919757003,3.512583303028978,3.201863312463453,-0.31071999056552535,1.8716859291914778,-1.8716859291914778,narrowed,296488,305225,8737,296488,305225,8737,0,0,54495,48486,-6009,44424,44660,236,6245,-5773,74432,65695,-8737,74432,65695,-8737,0,0,350983,353711,2728,340912,349885,8973,6245,6245,20,15,-5,1,1,0,5,-5,0.9713063025844556,0.9891832597798768,0.01787695719542115,1.0,1.0,0.0,-0.01787695719542115,-0.01787695719542115
VIXBEFTNVHZWKAKURJBN,0.9242610488095463,0.9230071020079583,-0.0012539468015879685,0.9243010020613989,0.9232215860423517,-0.0010794160190471525,0.000174530782540816,-0.000174530782540816,narrowed,0.8591871176429224,0.8570224592277477,-0.0021646584151747694,0.8592561709480706,0.8573923604663418,-0.0018638104817287893,0.00030084793344598015,-0.00030084793344598015,narrowed,4.242640687119285,5.0,0.7573593128807152,4.2008034155938905,4.898979485566356,0.6981760699724653,-0.059183242908249944,-0.059183242908249944,narrowed,1.3318830547752345,1.4900951835801768,0.1582121288049423,1.309568514715904,1.3808899628950184,0.07132144817911446,-0.08689068062582783,-0.08689068062582783,narrowed,171059,170838,-221,171059,170838,-221,0,0,16022,16267,245,16006,16181,175,-70,-70,12013,12234,221,12013,12234,221,0,0,187081,187105,24,187065,187019,-46,-70,22,2,3,1,1,1,0,-1,-1,0.9999144755480247,0.9995403650356751,-0.00037411051234959025,1.0,1.0,0.0,0.00037411051234959025,-0.00037411051234959025
VQ2L3WM8KEVF6L44E6G9,0.855475742675217,0.8414024273646559,-0.014073315310561108,0.8682922565984967,0.8583959698426724,-0.009896286755824324,0.004177028554736784,-0.004177028554736784,narrowed,0.747450949335762,0.7262249181575646,-0.021226031178197324,0.7672407135686153,0.7519209350762142,-0.015319778492401182,0.005906252685796143,-0.005906252685796143,narrowed,14.7648230602334,34.38022687534217,19.615403815108767,6.164414002968976,7.0,0.835585997031024,-18.779817818077742,-18.779817818077742,narrowed,4.136595783951863,6.482380923372058,2.3457851394201947,1.9769343586064214,2.101472405694074,0.1245380470876527,-2.221247092332542,-2.221247092332542,narrowed,188765,187008,-1757,188765,187008,-1757,0,0,32138,37100,4962,25624,28300,2676,-2286,-2286,31642,33399,1757,31642,33399,1757,0,0,220903,224108,3205,214389,215308,919,-2286,-2286,11,14,3,1,1,0,-3,-3,0.970511944156485,0.9607332179127921,-0.009778726243692915,1.0,1.0,0.0,0.009778726243692915,-0.009778726243692915
WBG9WYZ1B25WDT5WAT8T,0.8925615201329515,0.9094114182677763,0.016849898134824737,0.9082624519589343,0.9131557469180933,0.0048932949591590225,-0.011956603175665714,-0.011956603175665714,narrowed,0.8059693936588752,0.8338721251081899,0.027902731449314655,0.8319421216103213,0.8401900680145347,0.008247946404213335,-0.01965478504510132,-0.01965478504510132,narrowed,11.180339887498949,6.557438524302,-4.622901363196949,6.0,5.656854249492381,-0.3431457505076194,4.279755612689329,-4.279755612689329,narrowed,3.514108216190458,2.623795749049144,-0.8903124671413143,1.596653505078235,1.5193297057664803,-0.07732379931175459,0.8129886678295597,-0.8129886678295597,narrowed,222886,225444,2558,222854,225444,2590,32,32,20200,14014,-6186,11528,11981,453,6639,-5733,33458,30900,-2558,33490,30900,-2590,-32,32,243086,239458,-3628,234382,237425,3043,6671,-585,6,6,0,1,1,0,0,0,0.964193742132414,0.9915099934017656,0.027316251269351555,1.0,1.0,0.0,-0.027316251269351555,-0.027316251269351555
WMDG2EFA6L2SNDZXIRU0,0.8430100845862576,0.8577789299984774,0.014768845412219789,0.9240788202176379,0.9289871736592061,0.004908353441568258,-0.00986049197065153,-0.00986049197065153,narrowed,0.7286235371246043,0.7509745289476528,0.02235099182304856,0.8588722274289284,0.8673912681635846,0.008519040734656147,-0.013831951088392413,-0.013831951088392413,narrowed,40.86135051528409,46.95742752749558,6.096077012211495,3.605551275463989,3.0,-0.6055512754639891,-6.701628287675485,-5.4905257367475055,ranking_reversed_narrowed,10.911944450494646,12.28790829312181,1.3759638426271632,1.2317856705918713,1.0532813441135909,-0.1785043264782804,-1.5544681691054436,-1.1974595161488828,ranking_reversed_narrowed,208943,208448,-495,208943,208448,-495,0,0,59274,50080,-9194,15786,12826,-2960,6234,-6234,18547,19042,495,18547,19042,495,0,0,268217,258528,-9689,224729,221274,-3455,6234,-6234,11,6,-5,1,1,0,5,-5,0.8378626261571787,0.8558995544002971,0.018036928243118422,1.0,1.0,0.0,-0.018036928243118422,-0.018036928243118422
WNPKE0W404QE9AELX1LR,0.8376955617074705,0.8134405037278493,-0.024255057979621242,0.8439913579423282,0.8294128427579122,-0.014578515184415997,0.009676542795205245,-0.009676542795205245,narrowed,0.7207195757921031,0.6855454836301589,-0.035174092161944226,0.7300908723658334,0.7085442870499409,-0.021546585315892486,0.01362750684605174,-0.01362750684605174,narrowed,11.789826122551595,21.8792030259713,10.089376903419705,8.306623862918075,9.797958971132712,1.4913351082146367,-8.598041795205068,-8.598041795205068,narrowed,3.9181071080322063,6.066805574738379,2.148698466706173,2.7361494163783493,3.4397187077050635,0.7035692913267142,-1.4451291753794586,-1.4451291753794586,narrowed,164461,160709,-3752,164461,160661,-3800,-48,48,44527,50762,6235,41598,43085,1487,-4748,-4748,19202,22954,3752,19202,23002,3800,48,48,208988,211471,2483,206059,203746,-2313,-4796,-170,7,7,0,1,1,0,0,0,0.9859848412349035,0.9634701684864592,-0.02251467274844432,1.0,1.0,0.0,0.02251467274844432,-0.02251467274844432
WSJB9P4JCXUVHBOYFVWL,0.6418795561701262,0.5931148822728707,-0.04876467389725547,0.7983683398407805,0.6086118683945176,-0.18975647144626284,-0.14099179754900737,0.14099179754900737,widened,0.47262344005369517,0.4215801807833947,-0.051043259270300456,0.6644035491999225,0.43741343954993933,-0.22699010964998317,-0.17594685037968272,0.17594685037968272,widened,50.566787519082126,52.23600269938248,1.6692151803003554,17.233687939614086,53.74011537017761,36.50642743056353,34.83721225026317,34.83721225026317,widened,18.750467412395295,18.668400788844888,-0.08206662355040706,2.7052407714275684,18.011386068631627,15.306145297204058,15.388211920754465,15.22407867365365,ranking_reversed_widened,124636,125926,1290,123401,122226,-1175,-2465,-115,92628,127617,34989,14649,108346,93697,58708,58708,46447,45157,-1290,47682,48857,1175,2465,-115,217264,253543,36279,138050,230572,92522,56243,56243,23,29,6,1,1,0,-6,-6,0.6354020914647618,0.9093999834347626,0.2739978919700008,1.0,1.0,0.0,-0.2739978919700008,-0.2739978919700008
WW8F5CO4S4K5IM5Z7EXX,0.7990828382316398,0.7874800776803054,-0.011602760551334468,0.8581867215758449,0.8672652152710671,0.00907849369522229,0.020681254246556757,-0.0025242668561121784,ranking_reversed_narrowed,0.665393803728297,0.649457434211689,-0.01593636951660804,0.7515998787124367,0.7656383709259944,0.014038492213557685,0.029974861730165725,-0.0018978773030503548,ranking_reversed_narrowed,37.960505792204614,53.563046963368315,15.6025411711637,13.416407864998739,20.049937655763422,6.633529790764683,-8.969011380399017,-8.969011380399017,narrowed,12.50451057836841,17.993074415475846,5.488563837107435,2.1657071899159583,4.006859624855997,1.8411524349400383,-3.6474114021673967,-3.6474114021673967,narrowed,141492,146993,5501,141288,144943,3655,-1846,-1846,39958,53646,13688,15297,16624,1327,-12361,-12361,31194,25693,-5501,31398,27743,-3655,1846,-1846,181450,200639,19189,156585,161567,4982,-14207,-14207,29,15,-14,1,1,0,14,-14,0.8629650041333701,0.8052621873115396,-0.05770281682183043,1.0,1.0,0.0,0.05770281682183043,-0.05770281682183043
X18LU5AOBNNDMLTA0JZL,0.7498248771971677,0.8149067433562845,0.06508186615911682,0.9023562263393293,0.9009414740763869,-0.0014147522629424092,-0.06649661842205923,-0.06366711389617441,ranking_reversed_narrowed,0.5997758742120035,0.6876309005961012,0.0878550263840977,0.8220847673830899,0.819739306711865,-0.002345460671224875,-0.09020048705532258,-0.08550956571287283,ranking_reversed_narrowed,51.16639522186413,50.07993610219566,-1.0864591196684685,6.0,6.782329983125268,0.7823299831252681,1.8687891027937367,-0.3041291365432004,ranking_reversed_narrowed,17.60559288476093,15.025439146390555,-2.5801537383703756,1.2642069618120433,1.2907365154706376,0.02652955365859433,2.60668329202897,-2.553624184711781,ranking_reversed_narrowed,172874,170725,-2149,170784,170241,-543,1606,-1606,97223,57272,-39951,16737,16669,-68,39883,-39883,18134,20283,2149,20224,20767,543,-1606,-1606,270097,227997,-42100,187521,186910,-611,41489,-41489,17,30,13,1,1,0,-13,-13,0.6942727982909843,0.8197914884844976,0.12551869019351325,1.0,1.0,0.0,-0.12551869019351325,-0.12551869019351325
XYDLYJ5CS19FDBVLJIPI,0.878853457465329,0.9161284412074573,0.03727498374212834,0.8989027547567842,0.918704942661666,0.019802187904881863,-0.01747279583724648,-0.01747279583724648,narrowed,0.7838881217779349,0.8452370890034655,0.061348967225530626,0.8163699969644643,0.8496339055901242,0.033263908625659866,-0.02808505859987076,-0.02808505859987076,narrowed,29.068883707497267,6.4031242374328485,-22.66575947006442,6.324555320336759,5.385164807134504,-0.9393905132022553,21.726368956862164,-21.726368956862164,narrowed,6.333768380009839,2.28174903987828,-4.052019340131559,1.5051913988527172,1.2346360446767888,-0.27055535417592846,3.7814639859556305,-3.7814639859556305,narrowed,164067,170000,5933,164052,169999,5947,14,14,18049,9877,-8172,9703,8835,-868,7304,-7304,27183,21250,-5933,27198,21251,-5947,-14,14,182116,179877,-2239,173755,178834,5079,7318,2840,11,9,-2,1,1,0,2,-2,0.954089701069648,0.9942015933109847,0.04011189224133671,1.0,1.0,0.0,-0.04011189224133671,-0.04011189224133671
Y7ZU0B2APPF54WG6PDMF,0.9111502058663795,0.9113260631990141,0.00017585733263458803,0.918002272907966,0.9150473593403079,-0.0029549135676580907,-0.0031307709002926787,0.0027790562350235026,ranking_reversed_widened,0.8368006411677438,0.837097346039991,0.0002967048722471999,0.8484327184079946,0.8433984351463715,-0.00503428326162314,-0.00533098813387034,0.0047375783893759404,ranking_reversed_widened,7.280109889280518,5.656854249492381,-1.6232556397881375,4.123105625617661,4.58257569495584,0.45947006933817924,2.0827257091263167,-1.1637855704499582,ranking_reversed_narrowed,3.2068020669301367,2.545364419003946,-0.6614376479261908,1.4146323063939574,1.6555252910937845,0.24089298469982712,0.9023306326260179,-0.42054466322636364,ranking_reversed_narrowed,196290,195967,-323,196290,195967,-323,0,0,22141,21672,-469,18925,19923,998,1467,529,16141,16464,323,16141,16464,323,0,0,218431,217639,-792,215215,215890,675,1467,-117,6,8,2,1,1,0,-2,-2,0.9852768151040832,0.9919637564958487,0.006686941391765511,1.0,1.0,0.0,-0.006686941391765511,-0.006686941391765511
YDKD1HVHSME6NVMA8I39,0.7346576910747813,0.7592936693445425,0.02463597826976116,0.7679119463128676,0.7620837289360081,-0.005828217376859568,-0.03046419564662073,-0.018807760892901593,ranking_reversed_narrowed,0.5805999577290665,0.6119850044961181,0.03138504676705167,0.6232606054533385,0.6156181534644466,-0.007642451988891907,-0.03902749875594358,-0.023742594778159765,ranking_reversed_narrowed,35.888716889852724,16.0,-19.888716889852724,16.15549442140351,15.362291495737216,-0.7932029256662947,19.09551396418643,-19.09551396418643,narrowed,10.745037028708246,5.890813735407097,-4.85422329330115,5.674518279090318,5.203166938799656,-0.4713513402906617,4.382871953010488,-4.382871953010488,narrowed,200534,193282,-7252,199047,193040,-6007,1245,-1245,49784,20221,-29563,23757,17964,-5793,23770,-23770,95073,102325,7252,96560,102567,6007,-1245,-1245,250318,213503,-36815,222804,211004,-11800,25015,-25015,27,15,-12,1,1,0,12,-12,0.8900838133893687,0.9882952464368182,0.0982114330474495,1.0,1.0,0.0,-0.0982114330474495,-0.0982114330474495
Z9GMG63CJLL0VW893BB1,0.8314509917974072,0.8544488718842297,0.022997880086822464,0.8632064526049457,0.8797218864678275,0.01651543386288179,-0.006482446223940674,-0.006482446223940674,narrowed,0.7115242800781683,0.7458845361966928,0.03436025611852456,0.7593344056033486,0.7852709749850552,0.02593656938170652,-0.008423686736818037,-0.008423686736818037,narrowed,26.019223662515376,32.758967784522845,6.739744122007469,6.782329983125268,6.324555320336759,-0.4577746627885091,-7.197518784795978,-6.28196945921896,ranking_reversed_narrowed,7.389328297871051,7.742862148017238,0.3535338501461869,2.1703420914623233,1.87953413779332,-0.29080795366900336,-0.6443418038151902,-0.06272589647718352,ranking_reversed_narrowed,154378,161575,7197,154378,161575,7197,0,0,35985,35639,-346,22324,24774,2450,2796,2104,26605,19408,-7197,26605,19408,-7197,0,0,190363,197214,6851,176702,186349,9647,2796,2796,19,25,6,1,1,0,-6,-6,0.9282371048995866,0.9449075623434442,0.016670457443857645,1.0,1.0,0.0,-0.016670457443857645,-0.016670457443857645
ZIJLJAVQV3FJ6JSQOH1E,0.862903427310207,0.8225829429922076,-0.040320484317999394,0.8607803303687533,0.8216291375548448,-0.03915119281390855,0.0011692915040908414,-0.0011692915040908414,narrowed,0.7588655599137157,0.6986334520094892,-0.060232107904226506,0.7555876652370116,0.6972585318767468,-0.058329133360264795,0.0019029745439617107,-0.0019029745439617107,narrowed,15.937377450509228,14.352700094407323,-1.5846773561019045,18.0,16.431676725154983,-1.5683232748450173,0.0163540812568872,-0.0163540812568872,narrowed,3.015947668695807,4.073352541221085,1.0574048725252778,2.9295369903012403,3.954802426358883,1.0252654360576425,-0.032139436467635285,-0.032139436467635285,narrowed,414418,381078,-33340,412062,379955,-32107,1233,-1233,14755,14115,-640,14006,13580,-426,214,-214,116929,150269,33340,119285,151392,32107,-1233,-1233,429173,395193,-33980,426068,393535,-32533,1447,-1447,5,11,6,1,1,0,-6,-6,0.9927651553103294,0.9958045815588839,0.0030394262485544665,1.0,1.0,0.0,-0.0030394262485544665,-0.0030394262485544665
ZQPMJ4XEC5A4BISD45P1,0.855849022461151,0.8664077324567552,0.010558709995604154,0.8665101238805104,0.8672521245604162,0.0007420006799058187,-0.009816709315698335,-0.009816709315698335,narrowed,0.7480210560167014,0.7643027896921526,0.01628173367545116,0.7644621642735918,0.765617966154969,0.0011558018813772053,-0.015125931794073955,-0.015125931794073955,narrowed,16.1245154965971,19.390719429665317,3.266203933068219,12.24744871391589,17.535672121359738,5.288223407443848,2.022019474375629,2.022019474375629,widened,4.669489172646444,3.6729601921428703,-0.996528980503574,3.4103902538832265,3.3808331121175947,-0.029557141765631734,0.9669718387379422,-0.9669718387379422,narrowed,283776,287426,3650,283776,287426,3650,0,0,47454,44148,-3306,39295,43502,4207,7513,901,48139,44489,-3650,48139,44489,-3650,0,0,331230,331574,344,323071,330928,7857,7513,7513,6,8,2,1,1,0,-2,-2,0.9753675693626785,0.9980517169621261,0.02268414759944759,1.0,1.0,0.0,-0.02268414759944759,-0.02268414759944759
