case_id,model,checkpoint_iteration,prediction,dice,jaccard,hd95,asd,tp_voxels,fp_voxels,fn_voxels,foreground_voxels,gt_foreground_voxels,component_count,connectivity,largest_component_voxels,largest_component_fraction
UPT6DX9IQY9JAZ7HJKA7,baseline,27000,raw,0.8647930262682318,0.7617932643819092,6.082762530298219,2.7624264848760833,192608,46417,13810,239025,206418,4,26,237210,0.9924066520238469
UPT6DX9IQY9JAZ7HJKA7,baseline,27000,lcc,0.8683311242752937,0.7673014102461955,5.385164807134504,2.2760205539827125,192608,44602,13810,237210,206418,1,26,237210,1.0
UTBUJIWZMKP64E3N73YC,baseline,27000,raw,0.8573168515904376,0.7502664695665545,14.352700094407323,4.793438623974912,214688,25122,46339,239810,261027,12,26,232381,0.9690213085359243
UTBUJIWZMKP64E3N73YC,baseline,27000,lcc,0.8692076334392632,0.768671295582695,9.695359714832659,1.967619878853823,214437,17944,46590,232381,261027,1,26,232381,1.0
ULHWPWKKLTE921LQLH1P,baseline,27000,raw,0.8855857922416278,0.7946648437145922,11.180339887498949,2.072611854960332,210405,9810,44557,220215,254962,6,26,218455,0.9920078105487818
ULHWPWKKLTE921LQLH1P,baseline,27000,lcc,0.8860095856295824,0.7953475848625854,11.489125293076057,1.2580722509936353,209726,8729,45236,218455,254962,1,26,218455,1.0
V0MZOWJ6MU3RMRCV9EXR,baseline,27000,raw,0.9014442768789841,0.8205721912020678,24.939927826679853,5.586924671243769,204128,19668,24967,223796,229095,12,26,218269,0.9753034013119091
V0MZOWJ6MU3RMRCV9EXR,baseline,27000,lcc,0.9125812537441547,0.8392178789323949,4.242640687119285,1.1963831126875135,204128,14141,24967,218269,229095,1,26,218269,1.0
VDOF02M8ZHEAADFMS6NP,baseline,27000,raw,0.8509968217278243,0.740639223476752,36.70830779135733,8.545174573477162,88359,22505,8437,110864,96796,13,26,99796,0.9001659691153124
VDOF02M8ZHEAADFMS6NP,baseline,27000,lcc,0.8989073817856271,0.8163776297432391,6.4031242374328485,1.8724975852084786,88359,11437,8437,99796,96796,1,26,99796,1.0
VG4C826RAAKVMV9BQLVD,baseline,27000,raw,0.8214067540930015,0.6969382837934722,19.544820285692065,7.0073016335812435,296488,54495,74432,350983,370920,20,26,340912,0.9713063025844556
VG4C826RAAKVMV9BQLVD,baseline,27000,lcc,0.8330280178469077,0.7138372048229901,12.0,3.512583303028978,296488,44424,74432,340912,370920,1,26,340912,1.0
VIXBEFTNVHZWKAKURJBN,baseline,27000,raw,0.9242610488095463,0.8591871176429224,4.242640687119285,1.3318830547752345,171059,16022,12013,187081,183072,2,26,187065,0.9999144755480247
VIXBEFTNVHZWKAKURJBN,baseline,27000,lcc,0.9243010020613989,0.8592561709480706,4.2008034155938905,1.309568514715904,171059,16006,12013,187065,183072,1,26,187065,1.0
VQ2L3WM8KEVF6L44E6G9,baseline,27000,raw,0.855475742675217,0.747450949335762,14.7648230602334,4.136595783951863,188765,32138,31642,220903,220407,11,26,214389,0.970511944156485
VQ2L3WM8KEVF6L44E6G9,baseline,27000,lcc,0.8682922565984967,0.7672407135686153,6.164414002968976,1.9769343586064214,188765,25624,31642,214389,220407,1,26,214389,1.0
WBG9WYZ1B25WDT5WAT8T,baseline,27000,raw,0.8925615201329515,0.8059693936588752,11.180339887498949,3.514108216190458,222886,20200,33458,243086,256344,6,26,234382,0.964193742132414
WBG9WYZ1B25WDT5WAT8T,baseline,27000,lcc,0.9082624519589343,0.8319421216103213,6.0,1.596653505078235,222854,11528,33490,234382,256344,1,26,234382,1.0
WMDG2EFA6L2SNDZXIRU0,baseline,27000,raw,0.8430100845862576,0.7286235371246043,40.86135051528409,10.911944450494646,208943,59274,18547,268217,227490,11,26,224729,0.8378626261571787
WMDG2EFA6L2SNDZXIRU0,baseline,27000,lcc,0.9240788202176379,0.8588722274289284,3.605551275463989,1.2317856705918713,208943,15786,18547,224729,227490,1,26,224729,1.0
WNPKE0W404QE9AELX1LR,baseline,27000,raw,0.8376955617074705,0.7207195757921031,11.789826122551595,3.9181071080322063,164461,44527,19202,208988,183663,7,26,206059,0.9859848412349035
WNPKE0W404QE9AELX1LR,baseline,27000,lcc,0.8439913579423282,0.7300908723658334,8.306623862918075,2.7361494163783493,164461,41598,19202,206059,183663,1,26,206059,1.0
WSJB9P4JCXUVHBOYFVWL,baseline,27000,raw,0.6418795561701262,0.47262344005369517,50.566787519082126,18.750467412395295,124636,92628,46447,217264,171083,23,26,138050,0.6354020914647618
WSJB9P4JCXUVHBOYFVWL,baseline,27000,lcc,0.7983683398407805,0.6644035491999225,17.233687939614086,2.7052407714275684,123401,14649,47682,138050,171083,1,26,138050,1.0
WW8F5CO4S4K5IM5Z7EXX,baseline,27000,raw,0.7990828382316398,0.665393803728297,37.960505792204614,12.50451057836841,141492,39958,31194,181450,172686,29,26,156585,0.8629650041333701
WW8F5CO4S4K5IM5Z7EXX,baseline,27000,lcc,0.8581867215758449,0.7515998787124367,13.416407864998739,2.1657071899159583,141288,15297,31398,156585,172686,1,26,156585,1.0
X18LU5AOBNNDMLTA0JZL,baseline,27000,raw,0.7498248771971677,0.5997758742120035,51.16639522186413,17.60559288476093,172874,97223,18134,270097,191008,17,26,187521,0.6942727982909843
X18LU5AOBNNDMLTA0JZL,baseline,27000,lcc,0.9023562263393293,0.8220847673830899,6.0,1.2642069618120433,170784,16737,20224,187521,191008,1,26,187521,1.0
XYDLYJ5CS19FDBVLJIPI,baseline,27000,raw,0.878853457465329,0.7838881217779349,29.068883707497267,6.333768380009839,164067,18049,27183,182116,191250,11,26,173755,0.954089701069648
XYDLYJ5CS19FDBVLJIPI,baseline,27000,lcc,0.8989027547567842,0.8163699969644643,6.324555320336759,1.5051913988527172,164052,9703,27198,173755,191250,1,26,173755,1.0
Y7ZU0B2APPF54WG6PDMF,baseline,27000,raw,0.9111502058663795,0.8368006411677438,7.280109889280518,3.2068020669301367,196290,22141,16141,218431,212431,6,26,215215,0.9852768151040832
Y7ZU0B2APPF54WG6PDMF,baseline,27000,lcc,0.918002272907966,0.8484327184079946,4.123105625617661,1.4146323063939574,196290,18925,16141,215215,212431,1,26,215215,1.0
YDKD1HVHSME6NVMA8I39,baseline,27000,raw,0.7346576910747813,0.5805999577290665,35.888716889852724,10.745037028708246,200534,49784,95073,250318,295607,27,26,222804,0.8900838133893687
YDKD1HVHSME6NVMA8I39,baseline,27000,lcc,0.7679119463128676,0.6232606054533385,16.15549442140351,5.674518279090318,199047,23757,96560,222804,295607,1,26,222804,1.0
Z9GMG63CJLL0VW893BB1,baseline,27000,raw,0.8314509917974072,0.7115242800781683,26.019223662515376,7.389328297871051,154378,35985,26605,190363,180983,19,26,176702,0.9282371048995866
Z9GMG63CJLL0VW893BB1,baseline,27000,lcc,0.8632064526049457,0.7593344056033486,6.782329983125268,2.1703420914623233,154378,22324,26605,176702,180983,1,26,176702,1.0
ZIJLJAVQV3FJ6JSQOH1E,baseline,27000,raw,0.862903427310207,0.7588655599137157,15.937377450509228,3.015947668695807,414418,14755,116929,429173,531347,5,26,426068,0.9927651553103294
ZIJLJAVQV3FJ6JSQOH1E,baseline,27000,lcc,0.8607803303687533,0.7555876652370116,18.0,2.9295369903012403,412062,14006,119285,426068,531347,1,26,426068,1.0
ZQPMJ4XEC5A4BISD45P1,baseline,27000,raw,0.855849022461151,0.7480210560167014,16.1245154965971,4.669489172646444,283776,47454,48139,331230,331915,6,26,323071,0.9753675693626785
ZQPMJ4XEC5A4BISD45P1,baseline,27000,lcc,0.8665101238805104,0.7644621642735918,12.24744871391589,3.4103902538832265,283776,39295,48139,323071,331915,1,26,323071,1.0
UPT6DX9IQY9JAZ7HJKA7,guidance,29000,raw,0.8687374178183429,0.7679361374641859,6.782329983125268,3.4134916953054852,198073,51511,8345,249584,206418,6,26,247813,0.9929041925764472
UPT6DX9IQY9JAZ7HJKA7,guidance,29000,lcc,0.8721245357538345,0.7732454188430578,5.196152422706632,2.2536883388676214,198073,49740,8345,247813,206418,1,26,247813,1.0
UTBUJIWZMKP64E3N73YC,guidance,29000,raw,0.8716843460914997,0.7725536228022483,10.04987562112089,1.9066598684229867,214559,16700,46468,231259,261027,5,26,231153,0.9995416394605183
UTBUJIWZMKP64E3N73YC,guidance,29000,lcc,0.8718070624568247,0.7727464278896545,10.816653826391969,1.8213046487638997,214543,16610,46484,231153,261027,1,26,231153,1.0
ULHWPWKKLTE921LQLH1P,guidance,29000,raw,0.8798616229480958,0.7854936862924083,11.704699910719626,1.9477937995657115,206522,7958,48440,214480,254962,6,26,212213,0.9894302499067512
ULHWPWKKLTE921LQLH1P,guidance,29000,lcc,0.8779365334189544,0.7824303700877527,12.84523257866513,1.2799262009004546,205075,7138,49887,212213,254962,1,26,212213,1.0
V0MZOWJ6MU3RMRCV9EXR,guidance,29000,raw,0.878967070397939,0.7840689128640945,32.402160090975606,6.334795442277696,203342,30247,25753,233589,229095,11,26,219378,0.9391623749406008
V0MZOWJ6MU3RMRCV9EXR,guidance,29000,lcc,0.903006424021067,0.8231647329522819,5.744562646538029,1.2747599574239996,202487,16891,26608,219378,229095,1,26,219378,1.0
VDOF02M8ZHEAADFMS6NP,guidance,29000,raw,0.8613537858881251,0.7564718305061653,32.61901286060018,7.501385821308356,88834,20636,7962,109470,96796,14,26,102617,0.9373983739837398
VDOF02M8ZHEAADFMS6NP,guidance,29000,lcc,0.8909549527864281,0.8033532587561834,6.4031242374328485,1.920969815269229,88834,13783,7962,102617,96796,1,26,102617,1.0
VG4C826RAAKVMV9BQLVD,guidance,29000,raw,0.8424287671932336,0.727755444604989,12.727922061357855,4.82489571382424,305225,48486,65695,353711,370920,15,26,349885,0.9891832597798768
VG4C826RAAKVMV9BQLVD,guidance,29000,lcc,0.846900340591422,0.7344554598392607,10.770329614269007,3.201863312463453,305225,44660,65695,349885,370920,1,26,349885,1.0
VIXBEFTNVHZWKAKURJBN,guidance,29000,raw,0.9230071020079583,0.8570224592277477,5.0,1.4900951835801768,170838,16267,12234,187105,183072,3,26,187019,0.9995403650356751
VIXBEFTNVHZWKAKURJBN,guidance,29000,lcc,0.9232215860423517,0.8573923604663418,4.898979485566356,1.3808899628950184,170838,16181,12234,187019,183072,1,26,187019,1.0
VQ2L3WM8KEVF6L44E6G9,guidance,29000,raw,0.8414024273646559,0.7262249181575646,34.38022687534217,6.482380923372058,187008,37100,33399,224108,220407,14,26,215308,0.9607332179127921
VQ2L3WM8KEVF6L44E6G9,guidance,29000,lcc,0.8583959698426724,0.7519209350762142,7.0,2.101472405694074,187008,28300,33399,215308,220407,1,26,215308,1.0
WBG9WYZ1B25WDT5WAT8T,guidance,29000,raw,0.9094114182677763,0.8338721251081899,6.557438524302,2.623795749049144,225444,14014,30900,239458,256344,6,26,237425,0.9915099934017656
WBG9WYZ1B25WDT5WAT8T,guidance,29000,lcc,0.9131557469180933,0.8401900680145347,5.656854249492381,1.5193297057664803,225444,11981,30900,237425,256344,1,26,237425,1.0
WMDG2EFA6L2SNDZXIRU0,guidance,29000,raw,0.8577789299984774,0.7509745289476528,46.95742752749558,12.28790829312181,208448,50080,19042,258528,227490,6,26,221274,0.8558995544002971
WMDG2EFA6L2SNDZXIRU0,guidance,29000,lcc,0.9289871736592061,0.8673912681635846,3.0,1.0532813441135909,208448,12826,19042,221274,227490,1,26,221274,1.0
WNPKE0W404QE9AELX1LR,guidance,29000,raw,0.8134405037278493,0.6855454836301589,21.8792030259713,6.066805574738379,160709,50762,22954,211471,183663,7,26,203746,0.9634701684864592
WNPKE0W404QE9AELX1LR,guidance,29000,lcc,0.8294128427579122,0.7085442870499409,9.797958971132712,3.4397187077050635,160661,43085,23002,203746,183663,1,26,203746,1.0
WSJB9P4JCXUVHBOYFVWL,guidance,29000,raw,0.5931148822728707,0.4215801807833947,52.23600269938248,18.668400788844888,125926,127617,45157,253543,171083,29,26,230572,0.9093999834347626
WSJB9P4JCXUVHBOYFVWL,guidance,29000,lcc,0.6086118683945176,0.43741343954993933,53.74011537017761,18.011386068631627,122226,108346,48857,230572,171083,1,26,230572,1.0
WW8F5CO4S4K5IM5Z7EXX,guidance,29000,raw,0.7874800776803054,0.649457434211689,53.563046963368315,17.993074415475846,146993,53646,25693,200639,172686,15,26,161567,0.8052621873115396
WW8F5CO4S4K5IM5Z7EXX,guidance,29000,lcc,0.8672652152710671,0.7656383709259944,20.049937655763422,4.006859624855997,144943,16624,27743,161567,172686,1,26,161567,1.0
X18LU5AOBNNDMLTA0JZL,guidance,29000,raw,0.8149067433562845,0.6876309005961012,50.07993610219566,15.025439146390555,170725,57272,20283,227997,191008,30,26,186910,0.8197914884844976
X18LU5AOBNNDMLTA0JZL,guidance,29000,lcc,0.9009414740763869,0.819739306711865,6.782329983125268,1.2907365154706376,170241,16669,20767,186910,191008,1,26,186910,1.0
XYDLYJ5CS19FDBVLJIPI,guidance,29000,raw,0.9161284412074573,0.8452370890034655,6.4031242374328485,2.28174903987828,170000,9877,21250,179877,191250,9,26,178834,0.9942015933109847
XYDLYJ5CS19FDBVLJIPI,guidance,29000,lcc,0.918704942661666,0.8496339055901242,5.385164807134504,1.2346360446767888,169999,8835,21251,178834,191250,1,26,178834,1.0
Y7ZU0B2APPF54WG6PDMF,guidance,29000,raw,0.9113260631990141,0.837097346039991,5.656854249492381,2.545364419003946,195967,21672,16464,217639,212431,8,26,215890,0.9919637564958487
Y7ZU0B2APPF54WG6PDMF,guidance,29000,lcc,0.9150473593403079,0.8433984351463715,4.58257569495584,1.6555252910937845,195967,19923,16464,215890,212431,1,26,215890,1.0
YDKD1HVHSME6NVMA8I39,guidance,29000,raw,0.7592936693445425,0.6119850044961181,16.0,5.890813735407097,193282,20221,102325,213503,295607,15,26,211004,0.9882952464368182
YDKD1HVHSME6NVMA8I39,guidance,29000,lcc,0.7620837289360081,0.6156181534644466,15.362291495737216,5.203166938799656,193040,17964,102567,211004,295607,1,26,211004,1.0
Z9GMG63CJLL0VW893BB1,guidance,29000,raw,0.8544488718842297,0.7458845361966928,32.758967784522845,7.742862148017238,161575,35639,19408,197214,180983,25,26,186349,0.9449075623434442
Z9GMG63CJLL0VW893BB1,guidance,29000,lcc,0.8797218864678275,0.7852709749850552,6.324555320336759,1.87953413779332,161575,24774,19408,186349,180983,1,26,186349,1.0
ZIJLJAVQV3FJ6JSQOH1E,guidance,29000,raw,0.8225829429922076,0.6986334520094892,14.352700094407323,4.073352541221085,381078,14115,150269,395193,531347,11,26,393535,0.9958045815588839
ZIJLJAVQV3FJ6JSQOH1E,guidance,29000,lcc,0.8216291375548448,0.6972585318767468,16.431676725154983,3.954802426358883,379955,13580,151392,393535,531347,1,26,393535,1.0
ZQPMJ4XEC5A4BISD45P1,guidance,29000,raw,0.8664077324567552,0.7643027896921526,19.390719429665317,3.6729601921428703,287426,44148,44489,331574,331915,8,26,330928,0.9980517169621261
ZQPMJ4XEC5A4BISD45P1,guidance,29000,lcc,0.8672521245604162,0.765617966154969,17.535672121359738,3.3808331121175947,287426,43502,44489,330928,331915,1,26,330928,1.0
