layer,case_id,patch_id,augmentation_i,augmentation_j,topk_ratio,k,jaccard,spearman_abs_d,signed_cosine
x2,06SR5RBREL16DQ6M8LWS,1,identity,flip_axis0,0.125,4,1.0,0.9772727272727272,0.9955640710117357
x2,06SR5RBREL16DQ6M8LWS,1,identity,flip_axis0,0.25,8,0.7777777777777778,0.9772727272727272,0.9955640710117357
x2,06SR5RBREL16DQ6M8LWS,1,identity,flip_axis1,0.125,4,0.3333333333333333,0.8892961876832843,0.9919115718953786
x2,06SR5RBREL16DQ6M8LWS,1,identity,flip_axis1,0.25,8,0.6,0.8892961876832843,0.9919115718953786
x2,06SR5RBREL16DQ6M8LWS,1,identity,rot90_axes01,0.125,4,0.6,0.9303519061583577,0.9903586596207354
x2,06SR5RBREL16DQ6M8LWS,1,identity,rot90_axes01,0.25,8,0.45454545454545453,0.9303519061583577,0.9903586596207354
x2,06SR5RBREL16DQ6M8LWS,1,flip_axis0,flip_axis1,0.125,4,0.3333333333333333,0.8973607038123167,0.9899920880491759
x2,06SR5RBREL16DQ6M8LWS,1,flip_axis0,flip_axis1,0.25,8,0.45454545454545453,0.8973607038123167,0.9899920880491759
x2,06SR5RBREL16DQ6M8LWS,1,flip_axis0,rot90_axes01,0.125,4,0.6,0.94391495601173,0.9941543962256265
x2,06SR5RBREL16DQ6M8LWS,1,flip_axis0,rot90_axes01,0.25,8,0.6,0.94391495601173,0.9941543962256265
x2,06SR5RBREL16DQ6M8LWS,1,flip_axis1,rot90_axes01,0.125,4,0.3333333333333333,0.907624633431085,0.989970208464314
x2,06SR5RBREL16DQ6M8LWS,1,flip_axis1,rot90_axes01,0.25,8,0.45454545454545453,0.907624633431085,0.989970208464314
x3,06SR5RBREL16DQ6M8LWS,1,identity,flip_axis0,0.125,8,0.6,0.9252747252747251,0.9845053588450264
x3,06SR5RBREL16DQ6M8LWS,1,identity,flip_axis0,0.25,16,0.8823529411764706,0.9252747252747251,0.9845053588450264
x3,06SR5RBREL16DQ6M8LWS,1,identity,flip_axis1,0.125,8,0.6,0.9279761904761902,0.9798949828243986
x3,06SR5RBREL16DQ6M8LWS,1,identity,flip_axis1,0.25,16,0.7777777777777778,0.9279761904761902,0.9798949828243986
x3,06SR5RBREL16DQ6M8LWS,1,identity,rot90_axes01,0.125,8,0.6,0.8766941391941391,0.9655840914290011
x3,06SR5RBREL16DQ6M8LWS,1,identity,rot90_axes01,0.25,16,0.7777777777777778,0.8766941391941391,0.9655840914290011
x3,06SR5RBREL16DQ6M8LWS,1,flip_axis0,flip_axis1,0.125,8,0.45454545454545453,0.8639652014652014,0.9660791720565806
x3,06SR5RBREL16DQ6M8LWS,1,flip_axis0,flip_axis1,0.25,16,0.6842105263157895,0.8639652014652014,0.9660791720565806
x3,06SR5RBREL16DQ6M8LWS,1,flip_axis0,rot90_axes01,0.125,8,0.6,0.8701923076923076,0.9677610604850662
x3,06SR5RBREL16DQ6M8LWS,1,flip_axis0,rot90_axes01,0.25,16,0.7777777777777778,0.8701923076923076,0.9677610604850662
x3,06SR5RBREL16DQ6M8LWS,1,flip_axis1,rot90_axes01,0.125,8,0.6,0.8053113553113551,0.942895327447226
x3,06SR5RBREL16DQ6M8LWS,1,flip_axis1,rot90_axes01,0.25,16,0.6842105263157895,0.8053113553113551,0.942895327447226
x4,06SR5RBREL16DQ6M8LWS,1,identity,flip_axis0,0.125,16,0.6842105263157895,0.8316986357809923,0.9560201124402677
x4,06SR5RBREL16DQ6M8LWS,1,identity,flip_axis0,0.25,32,0.7297297297297297,0.8316986357809923,0.9560201124402677
x4,06SR5RBREL16DQ6M8LWS,1,identity,flip_axis1,0.125,16,0.6,0.7855360739791246,0.9390105293724575
x4,06SR5RBREL16DQ6M8LWS,1,identity,flip_axis1,0.25,32,0.6,0.7855360739791246,0.9390105293724575
x4,06SR5RBREL16DQ6M8LWS,1,identity,rot90_axes01,0.125,16,0.391304347826087,0.722927348470976,0.9070510574154291
x4,06SR5RBREL16DQ6M8LWS,1,identity,rot90_axes01,0.25,32,0.4883720930232558,0.722927348470976,0.9070510574154291
x4,06SR5RBREL16DQ6M8LWS,1,flip_axis0,flip_axis1,0.125,16,0.5238095238095238,0.704804522981139,0.9192282599745903
x4,06SR5RBREL16DQ6M8LWS,1,flip_axis0,flip_axis1,0.25,32,0.5238095238095238,0.704804522981139,0.9192282599745903
x4,06SR5RBREL16DQ6M8LWS,1,flip_axis0,rot90_axes01,0.125,16,0.45454545454545453,0.6920264145760849,0.8987135309659774
x4,06SR5RBREL16DQ6M8LWS,1,flip_axis0,rot90_axes01,0.25,32,0.4883720930232558,0.6920264145760849,0.8987135309659774
x4,06SR5RBREL16DQ6M8LWS,1,flip_axis1,rot90_axes01,0.125,16,0.3333333333333333,0.6781553286943783,0.8928305926674202
x4,06SR5RBREL16DQ6M8LWS,1,flip_axis1,rot90_axes01,0.25,32,0.4883720930232558,0.6781553286943783,0.8928305926674202
x2,06SR5RBREL16DQ6M8LWS,2,identity,flip_axis0,0.125,4,1.0,0.9673753665689149,0.9924166606417579
x2,06SR5RBREL16DQ6M8LWS,2,identity,flip_axis0,0.25,8,0.7777777777777778,0.9673753665689149,0.9924166606417579
x2,06SR5RBREL16DQ6M8LWS,2,identity,flip_axis1,0.125,4,0.14285714285714285,0.8859970674486803,0.9908575691205537
x2,06SR5RBREL16DQ6M8LWS,2,identity,flip_axis1,0.25,8,0.6,0.8859970674486803,0.9908575691205537
x2,06SR5RBREL16DQ6M8LWS,2,identity,rot90_axes01,0.125,4,0.6,0.9200879765395894,0.9882805381455131
x2,06SR5RBREL16DQ6M8LWS,2,identity,rot90_axes01,0.25,8,0.45454545454545453,0.9200879765395894,0.9882805381455131
x2,06SR5RBREL16DQ6M8LWS,2,flip_axis0,flip_axis1,0.125,4,0.14285714285714285,0.8859970674486803,0.9867730670567396
x2,06SR5RBREL16DQ6M8LWS,2,flip_axis0,flip_axis1,0.25,8,0.45454545454545453,0.8859970674486803,0.9867730670567396
x2,06SR5RBREL16DQ6M8LWS,2,flip_axis0,rot90_axes01,0.125,4,0.6,0.9552785923753665,0.9954587853273666
x2,06SR5RBREL16DQ6M8LWS,2,flip_axis0,rot90_axes01,0.25,8,0.6,0.9552785923753665,0.9954587853273666
x2,06SR5RBREL16DQ6M8LWS,2,flip_axis1,rot90_axes01,0.125,4,0.14285714285714285,0.8933284457478006,0.9857156686982624
x2,06SR5RBREL16DQ6M8LWS,2,flip_axis1,rot90_axes01,0.25,8,0.45454545454545453,0.8933284457478006,0.9857156686982624
x3,06SR5RBREL16DQ6M8LWS,2,identity,flip_axis0,0.125,8,0.6,0.9104853479853477,0.9786446230611191
x3,06SR5RBREL16DQ6M8LWS,2,identity,flip_axis0,0.25,16,0.8823529411764706,0.9104853479853477,0.9786446230611191
x3,06SR5RBREL16DQ6M8LWS,2,identity,flip_axis1,0.125,8,0.45454545454545453,0.9214743589743588,0.9765411149593696
x3,06SR5RBREL16DQ6M8LWS,2,identity,flip_axis1,0.25,16,0.6,0.9214743589743588,0.9765411149593696
x3,06SR5RBREL16DQ6M8LWS,2,identity,rot90_axes01,0.125,8,0.45454545454545453,0.8577380952380952,0.9550497664235883
x3,06SR5RBREL16DQ6M8LWS,2,identity,rot90_axes01,0.25,16,0.6842105263157895,0.8577380952380952,0.9550497664235883
x3,06SR5RBREL16DQ6M8LWS,2,flip_axis0,flip_axis1,0.125,8,0.6,0.846153846153846,0.9580959331084069
x3,06SR5RBREL16DQ6M8LWS,2,flip_axis0,flip_axis1,0.25,16,0.6,0.846153846153846,0.9580959331084069
x3,06SR5RBREL16DQ6M8LWS,2,flip_axis0,rot90_axes01,0.125,8,0.6,0.8528388278388277,0.9589016966712036
x3,06SR5RBREL16DQ6M8LWS,2,flip_axis0,rot90_axes01,0.25,16,0.6842105263157895,0.8528388278388277,0.9589016966712036
x3,06SR5RBREL16DQ6M8LWS,2,flip_axis1,rot90_axes01,0.125,8,0.3333333333333333,0.7828296703296702,0.9278458740965574
x3,06SR5RBREL16DQ6M8LWS,2,flip_axis1,rot90_axes01,0.25,16,0.5238095238095238,0.7828296703296702,0.9278458740965574
x4,06SR5RBREL16DQ6M8LWS,2,identity,flip_axis0,0.125,16,0.6842105263157895,0.8049750503570775,0.952880530127372
x4,06SR5RBREL16DQ6M8LWS,2,identity,flip_axis0,0.25,32,0.6842105263157895,0.8049750503570775,0.952880530127372
x4,06SR5RBREL16DQ6M8LWS,2,identity,flip_axis1,0.125,16,0.6842105263157895,0.7634247390587804,0.931539352015698
x4,06SR5RBREL16DQ6M8LWS,2,identity,flip_axis1,0.25,32,0.6410256410256411,0.7634247390587804,0.931539352015698
x4,06SR5RBREL16DQ6M8LWS,2,identity,rot90_axes01,0.125,16,0.6,0.6796374290422998,0.8995937808682372
x4,06SR5RBREL16DQ6M8LWS,2,identity,rot90_axes01,0.25,32,0.5609756097560976,0.6796374290422998,0.8995937808682372
x4,06SR5RBREL16DQ6M8LWS,2,flip_axis0,flip_axis1,0.125,16,0.5238095238095238,0.6235579564182384,0.8865166066211128
x4,06SR5RBREL16DQ6M8LWS,2,flip_axis0,flip_axis1,0.25,32,0.5609756097560976,0.6235579564182384,0.8865166066211128
x4,06SR5RBREL16DQ6M8LWS,2,flip_axis0,rot90_axes01,0.125,16,0.6,0.6276323017762314,0.8866463652142662
x4,06SR5RBREL16DQ6M8LWS,2,flip_axis0,rot90_axes01,0.25,32,0.5238095238095238,0.6276323017762314,0.8866463652142662
x4,06SR5RBREL16DQ6M8LWS,2,flip_axis1,rot90_axes01,0.125,16,0.5238095238095238,0.6488623878410548,0.8893995947014215
x4,06SR5RBREL16DQ6M8LWS,2,flip_axis1,rot90_axes01,0.25,32,0.5238095238095238,0.6488623878410548,0.8893995947014215
x2,06SR5RBREL16DQ6M8LWS,3,identity,flip_axis0,0.125,4,0.6,0.9248533724340174,0.9918260614131947
x2,06SR5RBREL16DQ6M8LWS,3,identity,flip_axis0,0.25,8,0.6,0.9248533724340174,0.9918260614131947
x2,06SR5RBREL16DQ6M8LWS,3,identity,flip_axis1,0.125,4,0.6,0.9571114369501464,0.9956655051032124
x2,06SR5RBREL16DQ6M8LWS,3,identity,flip_axis1,0.25,8,0.6,0.9571114369501464,0.9956655051032124
x2,06SR5RBREL16DQ6M8LWS,3,identity,rot90_axes01,0.125,4,0.3333333333333333,0.9208211143695014,0.9924630562833383
x2,06SR5RBREL16DQ6M8LWS,3,identity,rot90_axes01,0.25,8,0.6,0.9208211143695014,0.9924630562833383
x2,06SR5RBREL16DQ6M8LWS,3,flip_axis0,flip_axis1,0.125,4,0.3333333333333333,0.8753665689149559,0.9853175277990155
x2,06SR5RBREL16DQ6M8LWS,3,flip_axis0,flip_axis1,0.25,8,0.45454545454545453,0.8753665689149559,0.9853175277990155
x2,06SR5RBREL16DQ6M8LWS,3,flip_axis0,rot90_axes01,0.125,4,0.3333333333333333,0.8885630498533723,0.9896960349429447
x2,06SR5RBREL16DQ6M8LWS,3,flip_axis0,rot90_axes01,0.25,8,0.6,0.8885630498533723,0.9896960349429447
x2,06SR5RBREL16DQ6M8LWS,3,flip_axis1,rot90_axes01,0.125,4,0.3333333333333333,0.9563782991202344,0.9944103864184604
x2,06SR5RBREL16DQ6M8LWS,3,flip_axis1,rot90_axes01,0.25,8,0.6,0.9563782991202344,0.9944103864184604
x3,06SR5RBREL16DQ6M8LWS,3,identity,flip_axis0,0.125,8,0.6,0.9243131868131866,0.9809527778217415
x3,06SR5RBREL16DQ6M8LWS,3,identity,flip_axis0,0.25,16,0.8823529411764706,0.9243131868131866,0.9809527778217415
x3,06SR5RBREL16DQ6M8LWS,3,identity,flip_axis1,0.125,8,0.6,0.9504578754578755,0.9880103210880691
x3,06SR5RBREL16DQ6M8LWS,3,identity,flip_axis1,0.25,16,0.7777777777777778,0.9504578754578755,0.9880103210880691
x3,06SR5RBREL16DQ6M8LWS,3,identity,rot90_axes01,0.125,8,0.6,0.8934065934065935,0.9696715311987204
x3,06SR5RBREL16DQ6M8LWS,3,identity,rot90_axes01,0.25,16,0.6842105263157895,0.8934065934065935,0.9696715311987204
x3,06SR5RBREL16DQ6M8LWS,3,flip_axis0,flip_axis1,0.125,8,0.6,0.8993589743589744,0.9722906083155785
x3,06SR5RBREL16DQ6M8LWS,3,flip_axis0,flip_axis1,0.25,16,0.7777777777777778,0.8993589743589744,0.9722906083155785
x3,06SR5RBREL16DQ6M8LWS,3,flip_axis0,rot90_axes01,0.125,8,0.6,0.8429945054945055,0.9656941635026872
x3,06SR5RBREL16DQ6M8LWS,3,flip_axis0,rot90_axes01,0.25,16,0.6842105263157895,0.8429945054945055,0.9656941635026872
x3,06SR5RBREL16DQ6M8LWS,3,flip_axis1,rot90_axes01,0.125,8,0.45454545454545453,0.8909340659340659,0.966466402497676
x3,06SR5RBREL16DQ6M8LWS,3,flip_axis1,rot90_axes01,0.25,16,0.6,0.8909340659340659,0.966466402497676
x4,06SR5RBREL16DQ6M8LWS,3,identity,flip_axis0,0.125,16,0.5238095238095238,0.721187740340597,0.9307377224762051
x4,06SR5RBREL16DQ6M8LWS,3,identity,flip_axis0,0.25,32,0.6410256410256411,0.721187740340597,0.9307377224762051
x4,06SR5RBREL16DQ6M8LWS,3,identity,flip_axis1,0.125,16,0.5238095238095238,0.7532789324299578,0.9416086356515795
x4,06SR5RBREL16DQ6M8LWS,3,identity,flip_axis1,0.25,32,0.8823529411764706,0.7532789324299578,0.9416086356515795
x4,06SR5RBREL16DQ6M8LWS,3,identity,rot90_axes01,0.125,16,0.5238095238095238,0.645417505951291,0.8787071133679966
x4,06SR5RBREL16DQ6M8LWS,3,identity,rot90_axes01,0.25,32,0.6,0.645417505951291,0.8787071133679966
x4,06SR5RBREL16DQ6M8LWS,3,flip_axis0,flip_axis1,0.125,16,0.45454545454545453,0.5928801959348104,0.8832420670855112
x4,06SR5RBREL16DQ6M8LWS,3,flip_axis0,flip_axis1,0.25,32,0.6,0.5928801959348104,0.8832420670855112
x4,06SR5RBREL16DQ6M8LWS,3,flip_axis0,rot90_axes01,0.125,16,0.6,0.5974409448818897,0.8754918464369585
x4,06SR5RBREL16DQ6M8LWS,3,flip_axis0,rot90_axes01,0.25,32,0.4883720930232558,0.5974409448818897,0.8754918464369585
x4,06SR5RBREL16DQ6M8LWS,3,flip_axis1,rot90_axes01,0.125,16,0.6842105263157895,0.6266251602270646,0.8781355443993824
x4,06SR5RBREL16DQ6M8LWS,3,flip_axis1,rot90_axes01,0.25,32,0.5238095238095238,0.6266251602270646,0.8781355443993824
x2,0RZDK210BSMWAA6467LU,1,identity,flip_axis0,0.125,4,1.0,0.9446480938416421,0.9836233364107356
x2,0RZDK210BSMWAA6467LU,1,identity,flip_axis0,0.25,8,0.6,0.9446480938416421,0.9836233364107356
x2,0RZDK210BSMWAA6467LU,1,identity,flip_axis1,0.125,4,1.0,0.6792521994134897,0.9190684650973004
x2,0RZDK210BSMWAA6467LU,1,identity,flip_axis1,0.25,8,0.7777777777777778,0.6792521994134897,0.9190684650973004
x2,0RZDK210BSMWAA6467LU,1,identity,rot90_axes01,0.125,4,1.0,0.750366568914956,0.9449065948068718
x2,0RZDK210BSMWAA6467LU,1,identity,rot90_axes01,0.25,8,1.0,0.750366568914956,0.9449065948068718
x2,0RZDK210BSMWAA6467LU,1,flip_axis0,flip_axis1,0.125,4,1.0,0.6634897360703812,0.9018052155118252
x2,0RZDK210BSMWAA6467LU,1,flip_axis0,flip_axis1,0.25,8,0.45454545454545453,0.6634897360703812,0.9018052155118252
x2,0RZDK210BSMWAA6467LU,1,flip_axis0,rot90_axes01,0.125,4,1.0,0.6994134897360703,0.910383201241638
x2,0RZDK210BSMWAA6467LU,1,flip_axis0,rot90_axes01,0.25,8,0.6,0.6994134897360703,0.910383201241638
x2,0RZDK210BSMWAA6467LU,1,flip_axis1,rot90_axes01,0.125,4,1.0,0.9417155425219942,0.9857602463500368
x2,0RZDK210BSMWAA6467LU,1,flip_axis1,rot90_axes01,0.25,8,0.7777777777777778,0.9417155425219942,0.9857602463500368
x3,0RZDK210BSMWAA6467LU,1,identity,flip_axis0,0.125,8,0.6,0.9304487179487179,0.9816135945603534
x3,0RZDK210BSMWAA6467LU,1,identity,flip_axis0,0.25,16,0.8823529411764706,0.9304487179487179,0.9816135945603534
x3,0RZDK210BSMWAA6467LU,1,identity,flip_axis1,0.125,8,0.7777777777777778,0.8204670329670327,0.9500743528133576
x3,0RZDK210BSMWAA6467LU,1,identity,flip_axis1,0.25,16,0.6,0.8204670329670327,0.9500743528133576
x3,0RZDK210BSMWAA6467LU,1,identity,rot90_axes01,0.125,8,0.7777777777777778,0.8394688644688645,0.9515990593087473
x3,0RZDK210BSMWAA6467LU,1,identity,rot90_axes01,0.25,16,0.6842105263157895,0.8394688644688645,0.9515990593087473
x3,0RZDK210BSMWAA6467LU,1,flip_axis0,flip_axis1,0.125,8,0.6,0.7820512820512819,0.9435756741250182
x3,0RZDK210BSMWAA6467LU,1,flip_axis0,flip_axis1,0.25,16,0.6,0.7820512820512819,0.9435756741250182
x3,0RZDK210BSMWAA6467LU,1,flip_axis0,rot90_axes01,0.125,8,0.6,0.8173992673992673,0.9419386173571562
x3,0RZDK210BSMWAA6467LU,1,flip_axis0,rot90_axes01,0.25,16,0.7777777777777778,0.8173992673992673,0.9419386173571562
x3,0RZDK210BSMWAA6467LU,1,flip_axis1,rot90_axes01,0.125,8,0.7777777777777778,0.8752289377289375,0.9598126866213628
x3,0RZDK210BSMWAA6467LU,1,flip_axis1,rot90_axes01,0.25,16,0.6,0.8752289377289375,0.9598126866213628
x4,0RZDK210BSMWAA6467LU,1,identity,flip_axis0,0.125,16,0.391304347826087,0.7816391228712689,0.9386263218056762
x4,0RZDK210BSMWAA6467LU,1,identity,flip_axis0,0.25,32,0.6410256410256411,0.7816391228712689,0.9386263218056762
x4,0RZDK210BSMWAA6467LU,1,identity,flip_axis1,0.125,16,0.45454545454545453,0.753685222486724,0.9319030989048909
x4,0RZDK210BSMWAA6467LU,1,identity,flip_axis1,0.25,32,0.6410256410256411,0.753685222486724,0.9319030989048909
x4,0RZDK210BSMWAA6467LU,1,identity,rot90_axes01,0.125,16,0.45454545454545453,0.6350027467496795,0.8781617695880839
x4,0RZDK210BSMWAA6467LU,1,identity,rot90_axes01,0.25,32,0.45454545454545453,0.6350027467496795,0.8781617695880839
x4,0RZDK210BSMWAA6467LU,1,flip_axis0,flip_axis1,0.125,16,0.45454545454545453,0.7010449093572605,0.9102436472873936
x4,0RZDK210BSMWAA6467LU,1,flip_axis0,flip_axis1,0.25,32,0.6410256410256411,0.7010449093572605,0.9102436472873936
x4,0RZDK210BSMWAA6467LU,1,flip_axis0,rot90_axes01,0.125,16,0.391304347826087,0.5917357169016663,0.8661291063848742
x4,0RZDK210BSMWAA6467LU,1,flip_axis0,rot90_axes01,0.25,32,0.4883720930232558,0.5917357169016663,0.8661291063848742
x4,0RZDK210BSMWAA6467LU,1,flip_axis1,rot90_axes01,0.125,16,0.391304347826087,0.6322044955136421,0.8892846312591481
x4,0RZDK210BSMWAA6467LU,1,flip_axis1,rot90_axes01,0.25,32,0.5238095238095238,0.6322044955136421,0.8892846312591481
x2,0RZDK210BSMWAA6467LU,2,identity,flip_axis0,0.125,4,0.3333333333333333,0.7972873900293254,0.925771922190548
x2,0RZDK210BSMWAA6467LU,2,identity,flip_axis0,0.25,8,0.45454545454545453,0.7972873900293254,0.925771922190548
x2,0RZDK210BSMWAA6467LU,2,identity,flip_axis1,0.125,4,0.6,0.7419354838709676,0.942256136391586
x2,0RZDK210BSMWAA6467LU,2,identity,flip_axis1,0.25,8,0.6,0.7419354838709676,0.942256136391586
x2,0RZDK210BSMWAA6467LU,2,identity,rot90_axes01,0.125,4,1.0,0.7287390029325512,0.9334581974253552
x2,0RZDK210BSMWAA6467LU,2,identity,rot90_axes01,0.25,8,0.7777777777777778,0.7287390029325512,0.9334581974253552
x2,0RZDK210BSMWAA6467LU,2,flip_axis0,flip_axis1,0.125,4,0.14285714285714285,0.532258064516129,0.8538761687735554
x2,0RZDK210BSMWAA6467LU,2,flip_axis0,flip_axis1,0.25,8,0.6,0.532258064516129,0.8538761687735554
x2,0RZDK210BSMWAA6467LU,2,flip_axis0,rot90_axes01,0.125,4,0.3333333333333333,0.5582844574780057,0.8652210069508065
x2,0RZDK210BSMWAA6467LU,2,flip_axis0,rot90_axes01,0.25,8,0.6,0.5582844574780057,0.8652210069508065
x2,0RZDK210BSMWAA6467LU,2,flip_axis1,rot90_axes01,0.125,4,0.6,0.970307917888563,0.9937356292350561
x2,0RZDK210BSMWAA6467LU,2,flip_axis1,rot90_axes01,0.25,8,0.7777777777777778,0.970307917888563,0.9937356292350561
x3,0RZDK210BSMWAA6467LU,2,identity,flip_axis0,0.125,8,0.7777777777777778,0.865613553113553,0.9633995700098889
x3,0RZDK210BSMWAA6467LU,2,identity,flip_axis0,0.25,16,0.6842105263157895,0.865613553113553,0.9633995700098889
x3,0RZDK210BSMWAA6467LU,2,identity,flip_axis1,0.125,8,0.45454545454545453,0.7802197802197802,0.9411840097754467
x3,0RZDK210BSMWAA6467LU,2,identity,flip_axis1,0.25,16,0.6842105263157895,0.7802197802197802,0.9411840097754467
x3,0RZDK210BSMWAA6467LU,2,identity,rot90_axes01,0.125,8,0.6,0.7981684981684981,0.9417545346242766
x3,0RZDK210BSMWAA6467LU,2,identity,rot90_axes01,0.25,16,0.5238095238095238,0.7981684981684981,0.9417545346242766
x3,0RZDK210BSMWAA6467LU,2,flip_axis0,flip_axis1,0.125,8,0.45454545454545453,0.6678113553113553,0.9151753911068538
x3,0RZDK210BSMWAA6467LU,2,flip_axis0,flip_axis1,0.25,16,0.5238095238095238,0.6678113553113553,0.9151753911068538
x3,0RZDK210BSMWAA6467LU,2,flip_axis0,rot90_axes01,0.125,8,0.7777777777777778,0.7391941391941391,0.9328822806135239
x3,0RZDK210BSMWAA6467LU,2,flip_axis0,rot90_axes01,0.25,16,0.6,0.7391941391941391,0.9328822806135239
x3,0RZDK210BSMWAA6467LU,2,flip_axis1,rot90_axes01,0.125,8,0.45454545454545453,0.8195512820512819,0.9449575811146576
x3,0RZDK210BSMWAA6467LU,2,flip_axis1,rot90_axes01,0.25,16,0.6,0.8195512820512819,0.9449575811146576
x4,0RZDK210BSMWAA6467LU,2,identity,flip_axis0,0.125,16,0.6,0.7575077824574252,0.921848523176635
x4,0RZDK210BSMWAA6467LU,2,identity,flip_axis0,0.25,32,0.5609756097560976,0.7575077824574252,0.921848523176635
x4,0RZDK210BSMWAA6467LU,2,identity,flip_axis1,0.125,16,0.7777777777777778,0.7910295733382163,0.9360749633315479
x4,0RZDK210BSMWAA6467LU,2,identity,flip_axis1,0.25,32,0.6410256410256411,0.7910295733382163,0.9360749633315479
x4,0RZDK210BSMWAA6467LU,2,identity,rot90_axes01,0.125,16,0.45454545454545453,0.6299899285845083,0.8403416143473486
x4,0RZDK210BSMWAA6467LU,2,identity,rot90_axes01,0.25,32,0.45454545454545453,0.6299899285845083,0.8403416143473486
x4,0RZDK210BSMWAA6467LU,2,flip_axis0,flip_axis1,0.125,16,0.6,0.6846159128364768,0.9117021878603648
x4,0RZDK210BSMWAA6467LU,2,flip_axis0,flip_axis1,0.25,32,0.6,0.6846159128364768,0.9117021878603648
x4,0RZDK210BSMWAA6467LU,2,flip_axis0,rot90_axes01,0.125,16,0.391304347826087,0.6309055118110236,0.8605838601121164
x4,0RZDK210BSMWAA6467LU,2,flip_axis0,rot90_axes01,0.25,32,0.5238095238095238,0.6309055118110236,0.8605838601121164
x4,0RZDK210BSMWAA6467LU,2,flip_axis1,rot90_axes01,0.125,16,0.5238095238095238,0.6195351126167369,0.8494106621828742
x4,0RZDK210BSMWAA6467LU,2,flip_axis1,rot90_axes01,0.25,32,0.5238095238095238,0.6195351126167369,0.8494106621828742
x2,0RZDK210BSMWAA6467LU,3,identity,flip_axis0,0.125,4,1.0,0.9805718475073312,0.9971021536108218
x2,0RZDK210BSMWAA6467LU,3,identity,flip_axis0,0.25,8,0.7777777777777778,0.9805718475073312,0.9971021536108218
x2,0RZDK210BSMWAA6467LU,3,identity,flip_axis1,0.125,4,1.0,0.6330645161290323,0.900353104140635
x2,0RZDK210BSMWAA6467LU,3,identity,flip_axis1,0.25,8,0.45454545454545453,0.6330645161290323,0.900353104140635
x2,0RZDK210BSMWAA6467LU,3,identity,rot90_axes01,0.125,4,1.0,0.782624633431085,0.9436648270369612
x2,0RZDK210BSMWAA6467LU,3,identity,rot90_axes01,0.25,8,0.6,0.782624633431085,0.9436648270369612
x2,0RZDK210BSMWAA6467LU,3,flip_axis0,flip_axis1,0.125,4,1.0,0.6451612903225806,0.9019835012702468
x2,0RZDK210BSMWAA6467LU,3,flip_axis0,flip_axis1,0.25,8,0.45454545454545453,0.6451612903225806,0.9019835012702468
x2,0RZDK210BSMWAA6467LU,3,flip_axis0,rot90_axes01,0.125,4,1.0,0.7994868035190615,0.9448266671841241
x2,0RZDK210BSMWAA6467LU,3,flip_axis0,rot90_axes01,0.25,8,0.6,0.7994868035190615,0.9448266671841241
x2,0RZDK210BSMWAA6467LU,3,flip_axis1,rot90_axes01,0.125,4,1.0,0.8115835777126099,0.9529919389160592
x2,0RZDK210BSMWAA6467LU,3,flip_axis1,rot90_axes01,0.25,8,0.7777777777777778,0.8115835777126099,0.9529919389160592
x3,0RZDK210BSMWAA6467LU,3,identity,flip_axis0,0.125,8,0.7777777777777778,0.9647893772893773,0.9910293402166988
x3,0RZDK210BSMWAA6467LU,3,identity,flip_axis0,0.25,16,0.8823529411764706,0.9647893772893773,0.9910293402166988
x3,0RZDK210BSMWAA6467LU,3,identity,flip_axis1,0.125,8,0.7777777777777778,0.8178113553113553,0.947793621219797
x3,0RZDK210BSMWAA6467LU,3,identity,flip_axis1,0.25,16,0.6842105263157895,0.8178113553113553,0.947793621219797
x3,0RZDK210BSMWAA6467LU,3,identity,rot90_axes01,0.125,8,0.7777777777777778,0.8652472527472528,0.9537052066811152
x3,0RZDK210BSMWAA6467LU,3,identity,rot90_axes01,0.25,16,0.6842105263157895,0.8652472527472528,0.9537052066811152
x3,0RZDK210BSMWAA6467LU,3,flip_axis0,flip_axis1,0.125,8,0.6,0.8399267399267397,0.9499245407434904
x3,0RZDK210BSMWAA6467LU,3,flip_axis0,flip_axis1,0.25,16,0.6842105263157895,0.8399267399267397,0.9499245407434904
x3,0RZDK210BSMWAA6467LU,3,flip_axis0,rot90_axes01,0.125,8,0.6,0.8561813186813185,0.9489659155583927
x3,0RZDK210BSMWAA6467LU,3,flip_axis0,rot90_axes01,0.25,16,0.7777777777777778,0.8561813186813185,0.9489659155583927
x3,0RZDK210BSMWAA6467LU,3,flip_axis1,rot90_axes01,0.125,8,0.7777777777777778,0.8780219780219778,0.959756024326881
x3,0RZDK210BSMWAA6467LU,3,flip_axis1,rot90_axes01,0.25,16,0.6,0.8780219780219778,0.959756024326881
x4,0RZDK210BSMWAA6467LU,3,identity,flip_axis0,0.125,16,0.5238095238095238,0.8694836110602453,0.9574894285915043
x4,0RZDK210BSMWAA6467LU,3,identity,flip_axis0,0.25,32,0.5609756097560976,0.8694836110602453,0.9574894285915043
x4,0RZDK210BSMWAA6467LU,3,identity,flip_axis1,0.125,16,0.6842105263157895,0.8335584142098517,0.9496598739685022
x4,0RZDK210BSMWAA6467LU,3,identity,flip_axis1,0.25,32,0.7297297297297297,0.8335584142098517,0.9496598739685022
x4,0RZDK210BSMWAA6467LU,3,identity,rot90_axes01,0.125,16,0.391304347826087,0.66403245742538,0.8864168366118284
x4,0RZDK210BSMWAA6467LU,3,identity,rot90_axes01,0.25,32,0.3617021276595745,0.66403245742538,0.8864168366118284
x4,0RZDK210BSMWAA6467LU,3,flip_axis0,flip_axis1,0.125,16,0.6,0.7938392693645852,0.9348735125896572
x4,0RZDK210BSMWAA6467LU,3,flip_axis0,flip_axis1,0.25,32,0.6,0.7938392693645852,0.9348735125896572
x4,0RZDK210BSMWAA6467LU,3,flip_axis0,rot90_axes01,0.125,16,0.5238095238095238,0.6563987822743087,0.8932761175243795
x4,0RZDK210BSMWAA6467LU,3,flip_axis0,rot90_axes01,0.25,32,0.45454545454545453,0.6563987822743087,0.8932761175243795
x4,0RZDK210BSMWAA6467LU,3,flip_axis1,rot90_axes01,0.125,16,0.45454545454545453,0.7732043123969968,0.9293073909388544
x4,0RZDK210BSMWAA6467LU,3,flip_axis1,rot90_axes01,0.25,32,0.45454545454545453,0.7732043123969968,0.9293073909388544
x2,1D7CUD1955YZPGK8XHJX,1,identity,flip_axis0,0.125,4,0.3333333333333333,0.6847507331378299,0.9341733360857634
x2,1D7CUD1955YZPGK8XHJX,1,identity,flip_axis0,0.25,8,0.3333333333333333,0.6847507331378299,0.9341733360857634
x2,1D7CUD1955YZPGK8XHJX,1,identity,flip_axis1,0.125,4,0.3333333333333333,0.8753665689149559,0.9819617445629387
x2,1D7CUD1955YZPGK8XHJX,1,identity,flip_axis1,0.25,8,0.6,0.8753665689149559,0.9819617445629387
x2,1D7CUD1955YZPGK8XHJX,1,identity,rot90_axes01,0.125,4,0.3333333333333333,0.7719941348973607,0.9623902761176091
x2,1D7CUD1955YZPGK8XHJX,1,identity,rot90_axes01,0.25,8,0.45454545454545453,0.7719941348973607,0.9623902761176091
x2,1D7CUD1955YZPGK8XHJX,1,flip_axis0,flip_axis1,0.125,4,0.14285714285714285,0.5458211143695014,0.9225854133728906
x2,1D7CUD1955YZPGK8XHJX,1,flip_axis0,flip_axis1,0.25,8,0.23076923076923078,0.5458211143695014,0.9225854133728906
x2,1D7CUD1955YZPGK8XHJX,1,flip_axis0,rot90_axes01,0.125,4,0.3333333333333333,0.62866568914956,0.9432908647551539
x2,1D7CUD1955YZPGK8XHJX,1,flip_axis0,rot90_axes01,0.25,8,0.45454545454545453,0.62866568914956,0.9432908647551539
x2,1D7CUD1955YZPGK8XHJX,1,flip_axis1,rot90_axes01,0.125,4,0.3333333333333333,0.8845307917888563,0.9825320257364027
x2,1D7CUD1955YZPGK8XHJX,1,flip_axis1,rot90_axes01,0.25,8,0.3333333333333333,0.8845307917888563,0.9825320257364027
x3,1D7CUD1955YZPGK8XHJX,1,identity,flip_axis0,0.125,8,0.6,0.8987179487179486,0.9630919150229231
x3,1D7CUD1955YZPGK8XHJX,1,identity,flip_axis0,0.25,16,0.6842105263157895,0.8987179487179486,0.9630919150229231
x3,1D7CUD1955YZPGK8XHJX,1,identity,flip_axis1,0.125,8,0.45454545454545453,0.8982600732600731,0.969706281052289
x3,1D7CUD1955YZPGK8XHJX,1,identity,flip_axis1,0.25,16,0.6,0.8982600732600731,0.969706281052289
x3,1D7CUD1955YZPGK8XHJX,1,identity,rot90_axes01,0.125,8,0.45454545454545453,0.8248626373626373,0.9483976363950608
x3,1D7CUD1955YZPGK8XHJX,1,identity,rot90_axes01,0.25,16,0.6,0.8248626373626373,0.9483976363950608
x3,1D7CUD1955YZPGK8XHJX,1,flip_axis0,flip_axis1,0.125,8,0.45454545454545453,0.8499084249084248,0.9468421613409135
x3,1D7CUD1955YZPGK8XHJX,1,flip_axis0,flip_axis1,0.25,16,0.5238095238095238,0.8499084249084248,0.9468421613409135
x3,1D7CUD1955YZPGK8XHJX,1,flip_axis0,rot90_axes01,0.125,8,0.6,0.8359890109890109,0.9503567586630917
x3,1D7CUD1955YZPGK8XHJX,1,flip_axis0,rot90_axes01,0.25,16,0.6,0.8359890109890109,0.9503567586630917
x3,1D7CUD1955YZPGK8XHJX,1,flip_axis1,rot90_axes01,0.125,8,0.3333333333333333,0.832738095238095,0.9488032160082847
x3,1D7CUD1955YZPGK8XHJX,1,flip_axis1,rot90_axes01,0.25,16,0.6,0.832738095238095,0.9488032160082847
x4,1D7CUD1955YZPGK8XHJX,1,identity,flip_axis0,0.125,16,0.45454545454545453,0.541241301959348,0.8257655452937359
x4,1D7CUD1955YZPGK8XHJX,1,identity,flip_axis0,0.25,32,0.45454545454545453,0.541241301959348,0.8257655452937359
x4,1D7CUD1955YZPGK8XHJX,1,identity,flip_axis1,0.125,16,0.6,0.7418741988646768,0.9107834304950024
x4,1D7CUD1955YZPGK8XHJX,1,identity,flip_axis1,0.25,32,0.5609756097560976,0.7418741988646768,0.9107834304950024
x4,1D7CUD1955YZPGK8XHJX,1,identity,rot90_axes01,0.125,16,0.3333333333333333,0.5978930140999816,0.8369887416272115
x4,1D7CUD1955YZPGK8XHJX,1,identity,rot90_axes01,0.25,32,0.391304347826087,0.5978930140999816,0.8369887416272115
x4,1D7CUD1955YZPGK8XHJX,1,flip_axis0,flip_axis1,0.125,16,0.28,0.5254989928584508,0.8158662288115678
x4,1D7CUD1955YZPGK8XHJX,1,flip_axis0,flip_axis1,0.25,32,0.4222222222222222,0.5254989928584508,0.8158662288115678
x4,1D7CUD1955YZPGK8XHJX,1,flip_axis0,rot90_axes01,0.125,16,0.391304347826087,0.7005642281633401,0.8982537570442108
x4,1D7CUD1955YZPGK8XHJX,1,flip_axis0,rot90_axes01,0.25,32,0.5609756097560976,0.7005642281633401,0.8982537570442108
x4,1D7CUD1955YZPGK8XHJX,1,flip_axis1,rot90_axes01,0.125,16,0.23076923076923078,0.5601194836110602,0.8249925740072013
x4,1D7CUD1955YZPGK8XHJX,1,flip_axis1,rot90_axes01,0.25,32,0.3333333333333333,0.5601194836110602,0.8249925740072013
x2,1D7CUD1955YZPGK8XHJX,2,identity,flip_axis0,0.125,4,0.14285714285714285,0.7349706744868034,0.9354758879792713
x2,1D7CUD1955YZPGK8XHJX,2,identity,flip_axis0,0.25,8,0.6,0.7349706744868034,0.9354758879792713
x2,1D7CUD1955YZPGK8XHJX,2,identity,flip_axis1,0.125,4,0.6,0.937683284457478,0.9911085077545816
x2,1D7CUD1955YZPGK8XHJX,2,identity,flip_axis1,0.25,8,0.7777777777777778,0.937683284457478,0.9911085077545816
x2,1D7CUD1955YZPGK8XHJX,2,identity,rot90_axes01,0.125,4,0.14285714285714285,0.8068181818181818,0.9661319577636062
x2,1D7CUD1955YZPGK8XHJX,2,identity,rot90_axes01,0.25,8,0.6,0.8068181818181818,0.9661319577636062
x2,1D7CUD1955YZPGK8XHJX,2,flip_axis0,flip_axis1,0.125,4,0.14285714285714285,0.6407624633431084,0.9351442922108277
x2,1D7CUD1955YZPGK8XHJX,2,flip_axis0,flip_axis1,0.25,8,0.45454545454545453,0.6407624633431084,0.9351442922108277
x2,1D7CUD1955YZPGK8XHJX,2,flip_axis0,rot90_axes01,0.125,4,0.3333333333333333,0.7074780058651026,0.9586052489913784
x2,1D7CUD1955YZPGK8XHJX,2,flip_axis0,rot90_axes01,0.25,8,0.6,0.7074780058651026,0.9586052489913784
x2,1D7CUD1955YZPGK8XHJX,2,flip_axis1,rot90_axes01,0.125,4,0.3333333333333333,0.8914956011730205,0.9806019805768701
x2,1D7CUD1955YZPGK8XHJX,2,flip_axis1,rot90_axes01,0.25,8,0.6,0.8914956011730205,0.9806019805768701
x3,1D7CUD1955YZPGK8XHJX,2,identity,flip_axis0,0.125,8,0.45454545454545453,0.8551739926739926,0.9490992266491434
x3,1D7CUD1955YZPGK8XHJX,2,identity,flip_axis0,0.25,16,0.6842105263157895,0.8551739926739926,0.9490992266491434
x3,1D7CUD1955YZPGK8XHJX,2,identity,flip_axis1,0.125,8,0.6,0.8921245421245422,0.9699233851202591
x3,1D7CUD1955YZPGK8XHJX,2,identity,flip_axis1,0.25,16,0.6,0.8921245421245422,0.9699233851202591
x3,1D7CUD1955YZPGK8XHJX,2,identity,rot90_axes01,0.125,8,0.45454545454545453,0.8358516483516484,0.9514849297854463
x3,1D7CUD1955YZPGK8XHJX,2,identity,rot90_axes01,0.25,16,0.6842105263157895,0.8358516483516484,0.9514849297854463
x3,1D7CUD1955YZPGK8XHJX,2,flip_axis0,flip_axis1,0.125,8,0.23076923076923078,0.8057692307692307,0.9297605682932841
x3,1D7CUD1955YZPGK8XHJX,2,flip_axis0,flip_axis1,0.25,16,0.6,0.8057692307692307,0.9297605682932841
x3,1D7CUD1955YZPGK8XHJX,2,flip_axis0,rot90_axes01,0.125,8,0.6,0.8015567765567765,0.9567511591939298
x3,1D7CUD1955YZPGK8XHJX,2,flip_axis0,rot90_axes01,0.25,16,1.0,0.8015567765567765,0.9567511591939298
x3,1D7CUD1955YZPGK8XHJX,2,flip_axis1,rot90_axes01,0.125,8,0.23076923076923078,0.8154761904761905,0.9344364570083254
x3,1D7CUD1955YZPGK8XHJX,2,flip_axis1,rot90_axes01,0.25,16,0.6,0.8154761904761905,0.9344364570083254
x4,1D7CUD1955YZPGK8XHJX,2,identity,flip_axis0,0.125,16,0.45454545454545453,0.5593011811023622,0.8180131218174773
x4,1D7CUD1955YZPGK8XHJX,2,identity,flip_axis0,0.25,32,0.4883720930232558,0.5593011811023622,0.8180131218174773
x4,1D7CUD1955YZPGK8XHJX,2,identity,flip_axis1,0.125,16,0.45454545454545453,0.6158785021058414,0.8814036773324214
x4,1D7CUD1955YZPGK8XHJX,2,identity,flip_axis1,0.25,32,0.5238095238095238,0.6158785021058414,0.8814036773324214
x4,1D7CUD1955YZPGK8XHJX,2,identity,rot90_axes01,0.125,16,0.391304347826087,0.5786199871818347,0.8279439085063705
x4,1D7CUD1955YZPGK8XHJX,2,identity,rot90_axes01,0.25,32,0.4222222222222222,0.5786199871818347,0.8279439085063705
x4,1D7CUD1955YZPGK8XHJX,2,flip_axis0,flip_axis1,0.125,16,0.3333333333333333,0.5145005493499358,0.7841775798914459
x4,1D7CUD1955YZPGK8XHJX,2,flip_axis0,flip_axis1,0.25,32,0.3617021276595745,0.5145005493499358,0.7841775798914459
x4,1D7CUD1955YZPGK8XHJX,2,flip_axis0,rot90_axes01,0.125,16,0.391304347826087,0.6602213422450101,0.8802233184294204
x4,1D7CUD1955YZPGK8XHJX,2,flip_axis0,rot90_axes01,0.25,32,0.5238095238095238,0.6602213422450101,0.8802233184294204
x4,1D7CUD1955YZPGK8XHJX,2,flip_axis1,rot90_axes01,0.125,16,0.391304347826087,0.5584714338033328,0.8086295559052465
x4,1D7CUD1955YZPGK8XHJX,2,flip_axis1,rot90_axes01,0.25,32,0.4222222222222222,0.5584714338033328,0.8086295559052465
x2,1D7CUD1955YZPGK8XHJX,3,identity,flip_axis0,0.125,4,0.14285714285714285,0.7401026392961876,0.9301260323136546
x2,1D7CUD1955YZPGK8XHJX,3,identity,flip_axis0,0.25,8,0.3333333333333333,0.7401026392961876,0.9301260323136546
x2,1D7CUD1955YZPGK8XHJX,3,identity,flip_axis1,0.125,4,0.3333333333333333,0.5817448680351907,0.9326718725539225
x2,1D7CUD1955YZPGK8XHJX,3,identity,flip_axis1,0.25,8,0.6,0.5817448680351907,0.9326718725539225
x2,1D7CUD1955YZPGK8XHJX,3,identity,rot90_axes01,0.125,4,0.14285714285714285,0.6341642228739002,0.9206000571807768
x2,1D7CUD1955YZPGK8XHJX,3,identity,rot90_axes01,0.25,8,0.14285714285714285,0.6341642228739002,0.9206000571807768
x2,1D7CUD1955YZPGK8XHJX,3,flip_axis0,flip_axis1,0.125,4,0.3333333333333333,0.5439882697947214,0.882642889614117
x2,1D7CUD1955YZPGK8XHJX,3,flip_axis0,flip_axis1,0.25,8,0.3333333333333333,0.5439882697947214,0.882642889614117
x2,1D7CUD1955YZPGK8XHJX,3,flip_axis0,rot90_axes01,0.125,4,0.6,0.9413489736070381,0.9896099951722971
x2,1D7CUD1955YZPGK8XHJX,3,flip_axis0,rot90_axes01,0.25,8,0.6,0.9413489736070381,0.9896099951722971
x2,1D7CUD1955YZPGK8XHJX,3,flip_axis1,rot90_axes01,0.125,4,0.3333333333333333,0.5832111436950146,0.8923197317691707
x2,1D7CUD1955YZPGK8XHJX,3,flip_axis1,rot90_axes01,0.25,8,0.3333333333333333,0.5832111436950146,0.8923197317691707
x3,1D7CUD1955YZPGK8XHJX,3,identity,flip_axis0,0.125,8,0.6,0.8870421245421245,0.9683306228089643
x3,1D7CUD1955YZPGK8XHJX,3,identity,flip_axis0,0.25,16,0.6,0.8870421245421245,0.9683306228089643
x3,1D7CUD1955YZPGK8XHJX,3,identity,flip_axis1,0.125,8,0.6,0.8788461538461536,0.9715545851721112
x3,1D7CUD1955YZPGK8XHJX,3,identity,flip_axis1,0.25,16,0.6842105263157895,0.8788461538461536,0.9715545851721112
x3,1D7CUD1955YZPGK8XHJX,3,identity,rot90_axes01,0.125,8,0.45454545454545453,0.8216117216117216,0.9512829501836367
x3,1D7CUD1955YZPGK8XHJX,3,identity,rot90_axes01,0.25,16,0.5238095238095238,0.8216117216117216,0.9512829501836367
x3,1D7CUD1955YZPGK8XHJX,3,flip_axis0,flip_axis1,0.125,8,0.45454545454545453,0.8027472527472527,0.946279603741351
x3,1D7CUD1955YZPGK8XHJX,3,flip_axis0,flip_axis1,0.25,16,0.5238095238095238,0.8027472527472527,0.946279603741351
x3,1D7CUD1955YZPGK8XHJX,3,flip_axis0,rot90_axes01,0.125,8,0.45454545454545453,0.8728937728937727,0.9631047143194293
x3,1D7CUD1955YZPGK8XHJX,3,flip_axis0,rot90_axes01,0.25,16,0.6,0.8728937728937727,0.9631047143194293
x3,1D7CUD1955YZPGK8XHJX,3,flip_axis1,rot90_axes01,0.125,8,0.23076923076923078,0.7537545787545787,0.9408437313040753
x3,1D7CUD1955YZPGK8XHJX,3,flip_axis1,rot90_axes01,0.25,16,0.6,0.7537545787545787,0.9408437313040753
x4,1D7CUD1955YZPGK8XHJX,3,identity,flip_axis0,0.125,16,0.391304347826087,0.7700798846365136,0.9433174573847986
x4,1D7CUD1955YZPGK8XHJX,3,identity,flip_axis0,0.25,32,0.6410256410256411,0.7700798846365136,0.9433174573847986
x4,1D7CUD1955YZPGK8XHJX,3,identity,flip_axis1,0.125,16,0.45454545454545453,0.7824345357993042,0.9363725656373221
x4,1D7CUD1955YZPGK8XHJX,3,identity,flip_axis1,0.25,32,0.5238095238095238,0.7824345357993042,0.9363725656373221
x4,1D7CUD1955YZPGK8XHJX,3,identity,rot90_axes01,0.125,16,0.391304347826087,0.672284151254349,0.9013335316000627
x4,1D7CUD1955YZPGK8XHJX,3,identity,rot90_axes01,0.25,32,0.45454545454545453,0.672284151254349,0.9013335316000627
x4,1D7CUD1955YZPGK8XHJX,3,flip_axis0,flip_axis1,0.125,16,0.28,0.7779825123603735,0.9286540919342522
x4,1D7CUD1955YZPGK8XHJX,3,flip_axis0,flip_axis1,0.25,32,0.6,0.7779825123603735,0.9286540919342522
x4,1D7CUD1955YZPGK8XHJX,3,flip_axis0,rot90_axes01,0.125,16,0.45454545454545453,0.7409929500091558,0.9143618523322957
x4,1D7CUD1955YZPGK8XHJX,3,flip_axis0,rot90_axes01,0.25,32,0.5238095238095238,0.7409929500091558,0.9143618523322957
x4,1D7CUD1955YZPGK8XHJX,3,flip_axis1,rot90_axes01,0.125,16,0.28,0.715184947811756,0.89985646816424
x4,1D7CUD1955YZPGK8XHJX,3,flip_axis1,rot90_axes01,0.25,32,0.5238095238095238,0.715184947811756,0.89985646816424
x2,1GU15S0GJ6PFNARO469W,1,identity,flip_axis0,0.125,4,0.6,0.9259530791788856,0.9890222173386853
x2,1GU15S0GJ6PFNARO469W,1,identity,flip_axis0,0.25,8,0.45454545454545453,0.9259530791788856,0.9890222173386853
x2,1GU15S0GJ6PFNARO469W,1,identity,flip_axis1,0.125,4,0.6,0.8995601173020527,0.9894477536661878
x2,1GU15S0GJ6PFNARO469W,1,identity,flip_axis1,0.25,8,0.45454545454545453,0.8995601173020527,0.9894477536661878
x2,1GU15S0GJ6PFNARO469W,1,identity,rot90_axes01,0.125,4,0.6,0.8878299120234603,0.9833512204321948
x2,1GU15S0GJ6PFNARO469W,1,identity,rot90_axes01,0.25,8,0.6,0.8878299120234603,0.9833512204321948
x2,1GU15S0GJ6PFNARO469W,1,flip_axis0,flip_axis1,0.125,4,0.3333333333333333,0.8541055718475072,0.9851315998679773
x2,1GU15S0GJ6PFNARO469W,1,flip_axis0,flip_axis1,0.25,8,0.3333333333333333,0.8541055718475072,0.9851315998679773
x2,1GU15S0GJ6PFNARO469W,1,flip_axis0,rot90_axes01,0.125,4,0.6,0.9226539589442814,0.9927721958087801
x2,1GU15S0GJ6PFNARO469W,1,flip_axis0,rot90_axes01,0.25,8,0.6,0.9226539589442814,0.9927721958087801
x2,1GU15S0GJ6PFNARO469W,1,flip_axis1,rot90_axes01,0.125,4,0.3333333333333333,0.8530058651026391,0.9819510951236228
x2,1GU15S0GJ6PFNARO469W,1,flip_axis1,rot90_axes01,0.25,8,0.45454545454545453,0.8530058651026391,0.9819510951236228
x3,1GU15S0GJ6PFNARO469W,1,identity,flip_axis0,0.125,8,0.7777777777777778,0.878113553113553,0.969638822199435
x3,1GU15S0GJ6PFNARO469W,1,identity,flip_axis0,0.25,16,0.6842105263157895,0.878113553113553,0.969638822199435
x3,1GU15S0GJ6PFNARO469W,1,identity,flip_axis1,0.125,8,0.6,0.9202838827838826,0.9784817040873977
x3,1GU15S0GJ6PFNARO469W,1,identity,flip_axis1,0.25,16,0.7777777777777778,0.9202838827838826,0.9784817040873977
x3,1GU15S0GJ6PFNARO469W,1,identity,rot90_axes01,0.125,8,0.6,0.7586996336996337,0.940063680388502
x3,1GU15S0GJ6PFNARO469W,1,identity,rot90_axes01,0.25,16,0.6,0.7586996336996337,0.940063680388502
x3,1GU15S0GJ6PFNARO469W,1,flip_axis0,flip_axis1,0.125,8,0.7777777777777778,0.8452838827838827,0.9585905577630008
x3,1GU15S0GJ6PFNARO469W,1,flip_axis0,flip_axis1,0.25,16,0.6842105263157895,0.8452838827838827,0.9585905577630008
x3,1GU15S0GJ6PFNARO469W,1,flip_axis0,rot90_axes01,0.125,8,0.6,0.7856227106227106,0.944206353704875
x3,1GU15S0GJ6PFNARO469W,1,flip_axis0,rot90_axes01,0.25,16,0.6842105263157895,0.7856227106227106,0.944206353704875
x3,1GU15S0GJ6PFNARO469W,1,flip_axis1,rot90_axes01,0.125,8,0.45454545454545453,0.8086996336996336,0.9453008551914479
x3,1GU15S0GJ6PFNARO469W,1,flip_axis1,rot90_axes01,0.25,16,0.6842105263157895,0.8086996336996336,0.9453008551914479
x4,1GU15S0GJ6PFNARO469W,1,identity,flip_axis0,0.125,16,0.6842105263157895,0.7245525086980406,0.9234602626743161
x4,1GU15S0GJ6PFNARO469W,1,identity,flip_axis0,0.25,32,0.5609756097560976,0.7245525086980406,0.9234602626743161
x4,1GU15S0GJ6PFNARO469W,1,identity,flip_axis1,0.125,16,0.6842105263157895,0.7975416590368064,0.9444160812815331
x4,1GU15S0GJ6PFNARO469W,1,identity,flip_axis1,0.25,32,0.7777777777777778,0.7975416590368064,0.9444160812815331
x4,1GU15S0GJ6PFNARO469W,1,identity,rot90_axes01,0.125,16,0.45454545454545453,0.7284666269913935,0.904903330979546
x4,1GU15S0GJ6PFNARO469W,1,identity,rot90_axes01,0.25,32,0.6410256410256411,0.7284666269913935,0.904903330979546
x4,1GU15S0GJ6PFNARO469W,1,flip_axis0,flip_axis1,0.125,16,0.6,0.6984183299761948,0.8942486908453735
x4,1GU15S0GJ6PFNARO469W,1,flip_axis0,flip_axis1,0.25,32,0.5609756097560976,0.6984183299761948,0.8942486908453735
x4,1GU15S0GJ6PFNARO469W,1,flip_axis0,rot90_axes01,0.125,16,0.5238095238095238,0.6696003479216261,0.8790352715105781
x4,1GU15S0GJ6PFNARO469W,1,flip_axis0,rot90_axes01,0.25,32,0.4883720930232558,0.6696003479216261,0.8790352715105781
x4,1GU15S0GJ6PFNARO469W,1,flip_axis1,rot90_axes01,0.125,16,0.391304347826087,0.7371703900384545,0.9028954655664843
x4,1GU15S0GJ6PFNARO469W,1,flip_axis1,rot90_axes01,0.25,32,0.6,0.7371703900384545,0.9028954655664843
x2,1GU15S0GJ6PFNARO469W,2,identity,flip_axis0,0.125,4,0.6,0.8925953079178885,0.9879033602268996
x2,1GU15S0GJ6PFNARO469W,2,identity,flip_axis0,0.25,8,0.45454545454545453,0.8925953079178885,0.9879033602268996
x2,1GU15S0GJ6PFNARO469W,2,identity,flip_axis1,0.125,4,0.3333333333333333,0.8394428152492668,0.9899129804058925
x2,1GU15S0GJ6PFNARO469W,2,identity,flip_axis1,0.25,8,0.45454545454545453,0.8394428152492668,0.9899129804058925
x2,1GU15S0GJ6PFNARO469W,2,identity,rot90_axes01,0.125,4,0.3333333333333333,0.8706011730205279,0.9840990078247862
x2,1GU15S0GJ6PFNARO469W,2,identity,rot90_axes01,0.25,8,0.45454545454545453,0.8706011730205279,0.9840990078247862
x2,1GU15S0GJ6PFNARO469W,2,flip_axis0,flip_axis1,0.125,4,0.14285714285714285,0.7947214076246334,0.9837093314710871
x2,1GU15S0GJ6PFNARO469W,2,flip_axis0,flip_axis1,0.25,8,0.23076923076923078,0.7947214076246334,0.9837093314710871
x2,1GU15S0GJ6PFNARO469W,2,flip_axis0,rot90_axes01,0.125,4,0.6,0.9193548387096774,0.992123412326932
x2,1GU15S0GJ6PFNARO469W,2,flip_axis0,rot90_axes01,0.25,8,0.6,0.9193548387096774,0.992123412326932
x2,1GU15S0GJ6PFNARO469W,2,flip_axis1,rot90_axes01,0.125,4,0.14285714285714285,0.8178152492668621,0.9828099228252621
x2,1GU15S0GJ6PFNARO469W,2,flip_axis1,rot90_axes01,0.25,8,0.3333333333333333,0.8178152492668621,0.9828099228252621
x3,1GU15S0GJ6PFNARO469W,2,identity,flip_axis0,0.125,8,0.7777777777777778,0.8587454212454212,0.9685215242648336
x3,1GU15S0GJ6PFNARO469W,2,identity,flip_axis0,0.25,16,0.6842105263157895,0.8587454212454212,0.9685215242648336
x3,1GU15S0GJ6PFNARO469W,2,identity,flip_axis1,0.125,8,0.6,0.9157967032967034,0.9804408063522244
x3,1GU15S0GJ6PFNARO469W,2,identity,flip_axis1,0.25,16,0.6842105263157895,0.9157967032967034,0.9804408063522244
x3,1GU15S0GJ6PFNARO469W,2,identity,rot90_axes01,0.125,8,0.7777777777777778,0.7608974358974359,0.9417845746663618
x3,1GU15S0GJ6PFNARO469W,2,identity,rot90_axes01,0.25,16,0.6842105263157895,0.7608974358974359,0.9417845746663618
x3,1GU15S0GJ6PFNARO469W,2,flip_axis0,flip_axis1,0.125,8,0.7777777777777778,0.8067307692307691,0.9533353372774587
x3,1GU15S0GJ6PFNARO469W,2,flip_axis0,flip_axis1,0.25,16,0.6,0.8067307692307691,0.9533353372774587
x3,1GU15S0GJ6PFNARO469W,2,flip_axis0,rot90_axes01,0.125,8,0.6,0.7707875457875458,0.9399025765743725
x3,1GU15S0GJ6PFNARO469W,2,flip_axis0,rot90_axes01,0.25,16,0.6842105263157895,0.7707875457875458,0.9399025765743725
x3,1GU15S0GJ6PFNARO469W,2,flip_axis1,rot90_axes01,0.125,8,0.45454545454545453,0.7762362637362635,0.9395632619887759
x3,1GU15S0GJ6PFNARO469W,2,flip_axis1,rot90_axes01,0.25,16,0.6,0.7762362637362635,0.9395632619887759
x4,1GU15S0GJ6PFNARO469W,2,identity,flip_axis0,0.125,16,0.6842105263157895,0.7597109045962277,0.9369539984655106
x4,1GU15S0GJ6PFNARO469W,2,identity,flip_axis0,0.25,32,0.6,0.7597109045962277,0.9369539984655106
x4,1GU15S0GJ6PFNARO469W,2,identity,flip_axis1,0.125,16,0.6,0.8207860281999633,0.9468697045721817
x4,1GU15S0GJ6PFNARO469W,2,identity,flip_axis1,0.25,32,0.7297297297297297,0.8207860281999633,0.9468697045721817
x4,1GU15S0GJ6PFNARO469W,2,identity,rot90_axes01,0.125,16,0.5238095238095238,0.662596136238784,0.9006884374534438
x4,1GU15S0GJ6PFNARO469W,2,identity,rot90_axes01,0.25,32,0.6,0.662596136238784,0.9006884374534438
x4,1GU15S0GJ6PFNARO469W,2,flip_axis0,flip_axis1,0.125,16,0.6,0.6736632484892877,0.8924224223873185
x4,1GU15S0GJ6PFNARO469W,2,flip_axis0,flip_axis1,0.25,32,0.5609756097560976,0.6736632484892877,0.8924224223873185
x4,1GU15S0GJ6PFNARO469W,2,flip_axis0,rot90_axes01,0.125,16,0.45454545454545453,0.6656862296282732,0.8759921597299736
x4,1GU15S0GJ6PFNARO469W,2,flip_axis0,rot90_axes01,0.25,32,0.4883720930232558,0.6656862296282732,0.8759921597299736
x4,1GU15S0GJ6PFNARO469W,2,flip_axis1,rot90_axes01,0.125,16,0.391304347826087,0.6650853781358725,0.8913277100683838
x4,1GU15S0GJ6PFNARO469W,2,flip_axis1,rot90_axes01,0.25,32,0.5609756097560976,0.6650853781358725,0.8913277100683838
x2,1GU15S0GJ6PFNARO469W,3,identity,flip_axis0,0.125,4,0.6,0.9171554252199411,0.986734276487803
x2,1GU15S0GJ6PFNARO469W,3,identity,flip_axis0,0.25,8,0.45454545454545453,0.9171554252199411,0.986734276487803
x2,1GU15S0GJ6PFNARO469W,3,identity,flip_axis1,0.125,4,0.6,0.8819648093841641,0.9882541422609945
x2,1GU15S0GJ6PFNARO469W,3,identity,flip_axis1,0.25,8,0.45454545454545453,0.8819648093841641,0.9882541422609945
x2,1GU15S0GJ6PFNARO469W,3,identity,rot90_axes01,0.125,4,0.6,0.8944281524926685,0.9822379626951128
x2,1GU15S0GJ6PFNARO469W,3,identity,rot90_axes01,0.25,8,0.6,0.8944281524926685,0.9822379626951128
x2,1GU15S0GJ6PFNARO469W,3,flip_axis0,flip_axis1,0.125,4,0.3333333333333333,0.8310117302052785,0.9826990498680166
x2,1GU15S0GJ6PFNARO469W,3,flip_axis0,flip_axis1,0.25,8,0.3333333333333333,0.8310117302052785,0.9826990498680166
x2,1GU15S0GJ6PFNARO469W,3,flip_axis0,rot90_axes01,0.125,4,0.6,0.9281524926686217,0.9930840587006224
x2,1GU15S0GJ6PFNARO469W,3,flip_axis0,rot90_axes01,0.25,8,0.6,0.9281524926686217,0.9930840587006224
x2,1GU15S0GJ6PFNARO469W,3,flip_axis1,rot90_axes01,0.125,4,0.3333333333333333,0.8423753665689148,0.9825658975215981
x2,1GU15S0GJ6PFNARO469W,3,flip_axis1,rot90_axes01,0.25,8,0.45454545454545453,0.8423753665689148,0.9825658975215981
x3,1GU15S0GJ6PFNARO469W,3,identity,flip_axis0,0.125,8,0.7777777777777778,0.8144230769230768,0.9616823550507988
x3,1GU15S0GJ6PFNARO469W,3,identity,flip_axis0,0.25,16,0.5238095238095238,0.8144230769230768,0.9616823550507988
x3,1GU15S0GJ6PFNARO469W,3,identity,flip_axis1,0.125,8,0.6,0.8934523809523809,0.9756683447433621
x3,1GU15S0GJ6PFNARO469W,3,identity,flip_axis1,0.25,16,0.6,0.8934523809523809,0.9756683447433621
x3,1GU15S0GJ6PFNARO469W,3,identity,rot90_axes01,0.125,8,0.6,0.7251373626373626,0.9292835270045692
x3,1GU15S0GJ6PFNARO469W,3,identity,rot90_axes01,0.25,16,0.5238095238095238,0.7251373626373626,0.9292835270045692
x3,1GU15S0GJ6PFNARO469W,3,flip_axis0,flip_axis1,0.125,8,0.7777777777777778,0.7812728937728937,0.9482352937554517
x3,1GU15S0GJ6PFNARO469W,3,flip_axis0,flip_axis1,0.25,16,0.5238095238095238,0.7812728937728937,0.9482352937554517
x3,1GU15S0GJ6PFNARO469W,3,flip_axis0,rot90_axes01,0.125,8,0.6,0.7483974358974358,0.9293323453304152
x3,1GU15S0GJ6PFNARO469W,3,flip_axis0,rot90_axes01,0.25,16,0.5238095238095238,0.7483974358974358,0.9293323453304152
x3,1GU15S0GJ6PFNARO469W,3,flip_axis1,rot90_axes01,0.125,8,0.6,0.7773351648351648,0.9411779385848555
x3,1GU15S0GJ6PFNARO469W,3,flip_axis1,rot90_axes01,0.25,16,0.6,0.7773351648351648,0.9411779385848555
x4,1GU15S0GJ6PFNARO469W,3,identity,flip_axis0,0.125,16,0.6,0.7877391961179271,0.9377259395875743
x4,1GU15S0GJ6PFNARO469W,3,identity,flip_axis0,0.25,32,0.6,0.7877391961179271,0.9377259395875743
x4,1GU15S0GJ6PFNARO469W,3,identity,flip_axis1,0.125,16,0.6842105263157895,0.7831040560336933,0.9420237621298295
x4,1GU15S0GJ6PFNARO469W,3,identity,flip_axis1,0.25,32,0.6842105263157895,0.7831040560336933,0.9420237621298295
x4,1GU15S0GJ6PFNARO469W,3,identity,rot90_axes01,0.125,16,0.45454545454545453,0.6628250320454129,0.8970897335537311
x4,1GU15S0GJ6PFNARO469W,3,identity,rot90_axes01,0.25,32,0.6,0.6628250320454129,0.8970897335537311
x4,1GU15S0GJ6PFNARO469W,3,flip_axis0,flip_axis1,0.125,16,0.6,0.6669451565647316,0.8921492108830663
x4,1GU15S0GJ6PFNARO469W,3,flip_axis0,flip_axis1,0.25,32,0.5238095238095238,0.6669451565647316,0.8921492108830663
x4,1GU15S0GJ6PFNARO469W,3,flip_axis0,rot90_axes01,0.125,16,0.45454545454545453,0.6416121131660868,0.8636335086545813
x4,1GU15S0GJ6PFNARO469W,3,flip_axis0,rot90_axes01,0.25,32,0.4222222222222222,0.6416121131660868,0.8636335086545813
x4,1GU15S0GJ6PFNARO469W,3,flip_axis1,rot90_axes01,0.125,16,0.45454545454545453,0.6669737685405602,0.8934663118486195
x4,1GU15S0GJ6PFNARO469W,3,flip_axis1,rot90_axes01,0.25,32,0.4883720930232558,0.6669737685405602,0.8934663118486195
x2,1MHBF3G6DCPWHSKG7XCP,1,identity,flip_axis0,0.125,4,0.6,0.971774193548387,0.9967198029183948
x2,1MHBF3G6DCPWHSKG7XCP,1,identity,flip_axis0,0.25,8,0.7777777777777778,0.971774193548387,0.9967198029183948
x2,1MHBF3G6DCPWHSKG7XCP,1,identity,flip_axis1,0.125,4,0.3333333333333333,0.8504398826979472,0.9580731268367122
x2,1MHBF3G6DCPWHSKG7XCP,1,identity,flip_axis1,0.25,8,1.0,0.8504398826979472,0.9580731268367122
x2,1MHBF3G6DCPWHSKG7XCP,1,identity,rot90_axes01,0.125,4,0.3333333333333333,0.8207478005865102,0.9500897135148731
x2,1MHBF3G6DCPWHSKG7XCP,1,identity,rot90_axes01,0.25,8,0.6,0.8207478005865102,0.9500897135148731
x2,1MHBF3G6DCPWHSKG7XCP,1,flip_axis0,flip_axis1,0.125,4,0.14285714285714285,0.8262463343108504,0.9556848380005744
x2,1MHBF3G6DCPWHSKG7XCP,1,flip_axis0,flip_axis1,0.25,8,0.7777777777777778,0.8262463343108504,0.9556848380005744
x2,1MHBF3G6DCPWHSKG7XCP,1,flip_axis0,rot90_axes01,0.125,4,0.3333333333333333,0.8031524926686215,0.9481640445100095
x2,1MHBF3G6DCPWHSKG7XCP,1,flip_axis0,rot90_axes01,0.25,8,0.45454545454545453,0.8031524926686215,0.9481640445100095
x2,1MHBF3G6DCPWHSKG7XCP,1,flip_axis1,rot90_axes01,0.125,4,0.6,0.9519794721407623,0.9879752815991593
x2,1MHBF3G6DCPWHSKG7XCP,1,flip_axis1,rot90_axes01,0.25,8,0.6,0.9519794721407623,0.9879752815991593
x3,1MHBF3G6DCPWHSKG7XCP,1,identity,flip_axis0,0.125,8,0.6,0.8963369963369963,0.9828283070152358
x3,1MHBF3G6DCPWHSKG7XCP,1,identity,flip_axis0,0.25,16,0.8823529411764706,0.8963369963369963,0.9828283070152358
x3,1MHBF3G6DCPWHSKG7XCP,1,identity,flip_axis1,0.125,8,0.7777777777777778,0.8569597069597069,0.9762597926569635
x3,1MHBF3G6DCPWHSKG7XCP,1,identity,flip_axis1,0.25,16,0.7777777777777778,0.8569597069597069,0.9762597926569635
x3,1MHBF3G6DCPWHSKG7XCP,1,identity,rot90_axes01,0.125,8,1.0,0.823076923076923,0.9617392349938237
x3,1MHBF3G6DCPWHSKG7XCP,1,identity,rot90_axes01,0.25,16,0.7777777777777778,0.823076923076923,0.9617392349938237
x3,1MHBF3G6DCPWHSKG7XCP,1,flip_axis0,flip_axis1,0.125,8,0.7777777777777778,0.8637820512820512,0.9706897910732775
x3,1MHBF3G6DCPWHSKG7XCP,1,flip_axis0,flip_axis1,0.25,16,0.7777777777777778,0.8637820512820512,0.9706897910732775
x3,1MHBF3G6DCPWHSKG7XCP,1,flip_axis0,rot90_axes01,0.125,8,0.6,0.8522435897435896,0.9598445123139324
x3,1MHBF3G6DCPWHSKG7XCP,1,flip_axis0,rot90_axes01,0.25,16,0.6842105263157895,0.8522435897435896,0.9598445123139324
x3,1MHBF3G6DCPWHSKG7XCP,1,flip_axis1,rot90_axes01,0.125,8,0.7777777777777778,0.8737637362637362,0.9669013389539238
x3,1MHBF3G6DCPWHSKG7XCP,1,flip_axis1,rot90_axes01,0.25,16,0.6842105263157895,0.8737637362637362,0.9669013389539238
x4,1MHBF3G6DCPWHSKG7XCP,1,identity,flip_axis0,0.125,16,0.6,0.7963914576084966,0.9301331891376612
x4,1MHBF3G6DCPWHSKG7XCP,1,identity,flip_axis0,0.25,32,0.6842105263157895,0.7963914576084966,0.9301331891376612
x4,1MHBF3G6DCPWHSKG7XCP,1,identity,flip_axis1,0.125,16,0.6,0.7946175151071232,0.9455210563071558
x4,1MHBF3G6DCPWHSKG7XCP,1,identity,flip_axis1,0.25,32,0.6842105263157895,0.7946175151071232,0.9455210563071558
x4,1MHBF3G6DCPWHSKG7XCP,1,identity,rot90_axes01,0.125,16,0.5238095238095238,0.5463456784471709,0.8459406784805988
x4,1MHBF3G6DCPWHSKG7XCP,1,identity,rot90_axes01,0.25,32,0.45454545454545453,0.5463456784471709,0.8459406784805988
x4,1MHBF3G6DCPWHSKG7XCP,1,flip_axis0,flip_axis1,0.125,16,0.5238095238095238,0.7348757095770005,0.9085494905039144
x4,1MHBF3G6DCPWHSKG7XCP,1,flip_axis0,flip_axis1,0.25,32,0.5609756097560976,0.7348757095770005,0.9085494905039144
x4,1MHBF3G6DCPWHSKG7XCP,1,flip_axis0,rot90_axes01,0.125,16,0.5238095238095238,0.5411096868705365,0.8492681113488905
x4,1MHBF3G6DCPWHSKG7XCP,1,flip_axis0,rot90_axes01,0.25,32,0.5238095238095238,0.5411096868705365,0.8492681113488905
x4,1MHBF3G6DCPWHSKG7XCP,1,flip_axis1,rot90_axes01,0.125,16,0.7777777777777778,0.6557979307819081,0.8815719695085777
x4,1MHBF3G6DCPWHSKG7XCP,1,flip_axis1,rot90_axes01,0.25,32,0.5609756097560976,0.6557979307819081,0.8815719695085777
x2,1MHBF3G6DCPWHSKG7XCP,2,identity,flip_axis0,0.125,4,0.6,0.972140762463343,0.9942203911250282
x2,1MHBF3G6DCPWHSKG7XCP,2,identity,flip_axis0,0.25,8,0.6,0.972140762463343,0.9942203911250282
x2,1MHBF3G6DCPWHSKG7XCP,2,identity,flip_axis1,0.125,4,0.3333333333333333,0.7708944281524927,0.9382492452157342
x2,1MHBF3G6DCPWHSKG7XCP,2,identity,flip_axis1,0.25,8,0.6,0.7708944281524927,0.9382492452157342
x2,1MHBF3G6DCPWHSKG7XCP,2,identity,rot90_axes01,0.125,4,0.3333333333333333,0.7587976539589442,0.9417093255037617
x2,1MHBF3G6DCPWHSKG7XCP,2,identity,rot90_axes01,0.25,8,0.45454545454545453,0.7587976539589442,0.9417093255037617
x2,1MHBF3G6DCPWHSKG7XCP,2,flip_axis0,flip_axis1,0.125,4,0.3333333333333333,0.7452346041055719,0.9332216124746465
x2,1MHBF3G6DCPWHSKG7XCP,2,flip_axis0,flip_axis1,0.25,8,0.6,0.7452346041055719,0.9332216124746465
x2,1MHBF3G6DCPWHSKG7XCP,2,flip_axis0,rot90_axes01,0.125,4,0.6,0.7914222873900292,0.9514579305604842
x2,1MHBF3G6DCPWHSKG7XCP,2,flip_axis0,rot90_axes01,0.25,8,0.45454545454545453,0.7914222873900292,0.9514579305604842
x2,1MHBF3G6DCPWHSKG7XCP,2,flip_axis1,rot90_axes01,0.125,4,0.6,0.8713343108504397,0.9737365345266225
x2,1MHBF3G6DCPWHSKG7XCP,2,flip_axis1,rot90_axes01,0.25,8,0.7777777777777778,0.8713343108504397,0.9737365345266225
x3,1MHBF3G6DCPWHSKG7XCP,2,identity,flip_axis0,0.125,8,0.7777777777777778,0.8847527472527473,0.9821598647382681
x3,1MHBF3G6DCPWHSKG7XCP,2,identity,flip_axis0,0.25,16,0.6842105263157895,0.8847527472527473,0.9821598647382681
x3,1MHBF3G6DCPWHSKG7XCP,2,identity,flip_axis1,0.125,8,0.7777777777777778,0.8038461538461537,0.9690066501002393
x3,1MHBF3G6DCPWHSKG7XCP,2,identity,flip_axis1,0.25,16,0.6842105263157895,0.8038461538461537,0.9690066501002393
x3,1MHBF3G6DCPWHSKG7XCP,2,identity,rot90_axes01,0.125,8,1.0,0.8253663003663002,0.9624263467031811
x3,1MHBF3G6DCPWHSKG7XCP,2,identity,rot90_axes01,0.25,16,0.7777777777777778,0.8253663003663002,0.9624263467031811
x3,1MHBF3G6DCPWHSKG7XCP,2,flip_axis0,flip_axis1,0.125,8,0.6,0.8143315018315017,0.9624580022540112
x3,1MHBF3G6DCPWHSKG7XCP,2,flip_axis0,flip_axis1,0.25,16,0.6842105263157895,0.8143315018315017,0.9624580022540112
x3,1MHBF3G6DCPWHSKG7XCP,2,flip_axis0,rot90_axes01,0.125,8,0.7777777777777778,0.8366758241758241,0.9597367090476181
x3,1MHBF3G6DCPWHSKG7XCP,2,flip_axis0,rot90_axes01,0.25,16,0.6842105263157895,0.8366758241758241,0.9597367090476181
x3,1MHBF3G6DCPWHSKG7XCP,2,flip_axis1,rot90_axes01,0.125,8,0.7777777777777778,0.8114926739926739,0.958971745290406
x3,1MHBF3G6DCPWHSKG7XCP,2,flip_axis1,rot90_axes01,0.25,16,0.6842105263157895,0.8114926739926739,0.958971745290406
x4,1MHBF3G6DCPWHSKG7XCP,2,identity,flip_axis0,0.125,16,0.5238095238095238,0.7843515381798205,0.9328139880988133
x4,1MHBF3G6DCPWHSKG7XCP,2,identity,flip_axis0,0.25,32,0.6842105263157895,0.7843515381798205,0.9328139880988133
x4,1MHBF3G6DCPWHSKG7XCP,2,identity,flip_axis1,0.125,16,0.6,0.7210332356711224,0.9216618903682703
x4,1MHBF3G6DCPWHSKG7XCP,2,identity,flip_axis1,0.25,32,0.6,0.7210332356711224,0.9216618903682703
x4,1MHBF3G6DCPWHSKG7XCP,2,identity,rot90_axes01,0.125,16,0.45454545454545453,0.615088811572972,0.8687168882237405
x4,1MHBF3G6DCPWHSKG7XCP,2,identity,rot90_axes01,0.25,32,0.5238095238095238,0.615088811572972,0.8687168882237405
x4,1MHBF3G6DCPWHSKG7XCP,2,flip_axis0,flip_axis1,0.125,16,0.45454545454545453,0.6890221571140817,0.8932641418709333
x4,1MHBF3G6DCPWHSKG7XCP,2,flip_axis0,flip_axis1,0.25,32,0.5238095238095238,0.6890221571140817,0.8932641418709333
x4,1MHBF3G6DCPWHSKG7XCP,2,flip_axis0,rot90_axes01,0.125,16,0.28,0.6088857352133309,0.8619185329597565
x4,1MHBF3G6DCPWHSKG7XCP,2,flip_axis0,rot90_axes01,0.25,32,0.6,0.6088857352133309,0.8619185329597565
x4,1MHBF3G6DCPWHSKG7XCP,2,flip_axis1,rot90_axes01,0.125,16,0.45454545454545453,0.6865901391686504,0.9056718016866667
x4,1MHBF3G6DCPWHSKG7XCP,2,flip_axis1,rot90_axes01,0.25,32,0.4883720930232558,0.6865901391686504,0.9056718016866667
x2,1MHBF3G6DCPWHSKG7XCP,3,identity,flip_axis0,0.125,4,0.6,0.9758064516129032,0.9970582813218449
x2,1MHBF3G6DCPWHSKG7XCP,3,identity,flip_axis0,0.25,8,0.7777777777777778,0.9758064516129032,0.9970582813218449
x2,1MHBF3G6DCPWHSKG7XCP,3,identity,flip_axis1,0.125,4,0.14285714285714285,0.8511730205278591,0.9566867008764136
x2,1MHBF3G6DCPWHSKG7XCP,3,identity,flip_axis1,0.25,8,1.0,0.8511730205278591,0.9566867008764136
x2,1MHBF3G6DCPWHSKG7XCP,3,identity,rot90_axes01,0.125,4,0.3333333333333333,0.8387096774193546,0.9510754506315531
x2,1MHBF3G6DCPWHSKG7XCP,3,identity,rot90_axes01,0.25,8,0.7777777777777778,0.8387096774193546,0.9510754506315531
x2,1MHBF3G6DCPWHSKG7XCP,3,flip_axis0,flip_axis1,0.125,4,0.3333333333333333,0.8086510263929618,0.954963260343508
x2,1MHBF3G6DCPWHSKG7XCP,3,flip_axis0,flip_axis1,0.25,8,0.7777777777777778,0.8086510263929618,0.954963260343508
x2,1MHBF3G6DCPWHSKG7XCP,3,flip_axis0,rot90_axes01,0.125,4,0.6,0.8009530791788856,0.9496840490138492
x2,1MHBF3G6DCPWHSKG7XCP,3,flip_axis0,rot90_axes01,0.25,8,0.6,0.8009530791788856,0.9496840490138492
x2,1MHBF3G6DCPWHSKG7XCP,3,flip_axis1,rot90_axes01,0.125,4,0.6,0.9486803519061583,0.9897185348254414
x2,1MHBF3G6DCPWHSKG7XCP,3,flip_axis1,rot90_axes01,0.25,8,0.7777777777777778,0.9486803519061583,0.9897185348254414
x3,1MHBF3G6DCPWHSKG7XCP,3,identity,flip_axis0,0.125,8,0.45454545454545453,0.8876831501831502,0.9835732681576207
x3,1MHBF3G6DCPWHSKG7XCP,3,identity,flip_axis0,0.25,16,0.6842105263157895,0.8876831501831502,0.9835732681576207
x3,1MHBF3G6DCPWHSKG7XCP,3,identity,flip_axis1,0.125,8,0.6,0.8673992673992673,0.9761539530783747
x3,1MHBF3G6DCPWHSKG7XCP,3,identity,flip_axis1,0.25,16,0.6842105263157895,0.8673992673992673,0.9761539530783747
x3,1MHBF3G6DCPWHSKG7XCP,3,identity,rot90_axes01,0.125,8,0.7777777777777778,0.8227106227106227,0.957788566126392
x3,1MHBF3G6DCPWHSKG7XCP,3,identity,rot90_axes01,0.25,16,0.6842105263157895,0.8227106227106227,0.957788566126392
x3,1MHBF3G6DCPWHSKG7XCP,3,flip_axis0,flip_axis1,0.125,8,0.6,0.8371794871794872,0.9679040925102969
x3,1MHBF3G6DCPWHSKG7XCP,3,flip_axis0,flip_axis1,0.25,16,0.7777777777777778,0.8371794871794872,0.9679040925102969
x3,1MHBF3G6DCPWHSKG7XCP,3,flip_axis0,rot90_axes01,0.125,8,0.6,0.808058608058608,0.9524847881003369
x3,1MHBF3G6DCPWHSKG7XCP,3,flip_axis0,rot90_axes01,0.25,16,0.8823529411764706,0.808058608058608,0.9524847881003369
x3,1MHBF3G6DCPWHSKG7XCP,3,flip_axis1,rot90_axes01,0.125,8,0.6,0.8474816849816849,0.9648032845693355
x3,1MHBF3G6DCPWHSKG7XCP,3,flip_axis1,rot90_axes01,0.25,16,0.6842105263157895,0.8474816849816849,0.9648032845693355
x4,1MHBF3G6DCPWHSKG7XCP,3,identity,flip_axis0,0.125,16,0.6,0.774474684123787,0.9148590747561323
x4,1MHBF3G6DCPWHSKG7XCP,3,identity,flip_axis0,0.25,32,0.6,0.774474684123787,0.9148590747561323
x4,1MHBF3G6DCPWHSKG7XCP,3,identity,flip_axis1,0.125,16,0.6,0.8120250412012451,0.938414381151959
x4,1MHBF3G6DCPWHSKG7XCP,3,identity,flip_axis1,0.25,32,0.6,0.8120250412012451,0.938414381151959
x4,1MHBF3G6DCPWHSKG7XCP,3,identity,rot90_axes01,0.125,16,0.5238095238095238,0.5543913660501739,0.8514136310506553
x4,1MHBF3G6DCPWHSKG7XCP,3,identity,rot90_axes01,0.25,32,0.4883720930232558,0.5543913660501739,0.8514136310506553
x4,1MHBF3G6DCPWHSKG7XCP,3,flip_axis0,flip_axis1,0.125,16,0.5238095238095238,0.719957425379967,0.8948816303686659
x4,1MHBF3G6DCPWHSKG7XCP,3,flip_axis0,flip_axis1,0.25,32,0.4883720930232558,0.719957425379967,0.8948816303686659
x4,1MHBF3G6DCPWHSKG7XCP,3,flip_axis0,rot90_axes01,0.125,16,0.391304347826087,0.6106654001098699,0.8594543303527771
x4,1MHBF3G6DCPWHSKG7XCP,3,flip_axis0,rot90_axes01,0.25,32,0.4883720930232558,0.6106654001098699,0.8594543303527771
x4,1MHBF3G6DCPWHSKG7XCP,3,flip_axis1,rot90_axes01,0.125,16,0.5238095238095238,0.6780466031862296,0.8954181006682749
x4,1MHBF3G6DCPWHSKG7XCP,3,flip_axis1,rot90_axes01,0.25,32,0.5609756097560976,0.6780466031862296,0.8954181006682749
x2,23X6SY44VT9KFHR7S7OC,1,identity,flip_axis0,0.125,4,0.6,0.9483137829912024,0.9881855903009967
x2,23X6SY44VT9KFHR7S7OC,1,identity,flip_axis0,0.25,8,1.0,0.9483137829912024,0.9881855903009967
x2,23X6SY44VT9KFHR7S7OC,1,identity,flip_axis1,0.125,4,0.6,0.8885630498533723,0.9679120092066693
x2,23X6SY44VT9KFHR7S7OC,1,identity,flip_axis1,0.25,8,0.7777777777777778,0.8885630498533723,0.9679120092066693
x2,23X6SY44VT9KFHR7S7OC,1,identity,rot90_axes01,0.125,4,0.6,0.9171554252199411,0.9765251608430736
x2,23X6SY44VT9KFHR7S7OC,1,identity,rot90_axes01,0.25,8,0.6,0.9171554252199411,0.9765251608430736
x2,23X6SY44VT9KFHR7S7OC,1,flip_axis0,flip_axis1,0.125,4,0.3333333333333333,0.8654692082111435,0.9633343042055496
x2,23X6SY44VT9KFHR7S7OC,1,flip_axis0,flip_axis1,0.25,8,0.7777777777777778,0.8654692082111435,0.9633343042055496
x2,23X6SY44VT9KFHR7S7OC,1,flip_axis0,rot90_axes01,0.125,4,0.3333333333333333,0.9208211143695014,0.9817050283758454
x2,23X6SY44VT9KFHR7S7OC,1,flip_axis0,rot90_axes01,0.25,8,0.6,0.9208211143695014,0.9817050283758454
x2,23X6SY44VT9KFHR7S7OC,1,flip_axis1,rot90_axes01,0.125,4,0.6,0.9307184750733138,0.9807249552906745
x2,23X6SY44VT9KFHR7S7OC,1,flip_axis1,rot90_axes01,0.25,8,0.7777777777777778,0.9307184750733138,0.9807249552906745
x3,23X6SY44VT9KFHR7S7OC,1,identity,flip_axis0,0.125,8,0.45454545454545453,0.9092032967032965,0.9725735852367063
x3,23X6SY44VT9KFHR7S7OC,1,identity,flip_axis0,0.25,16,0.6842105263157895,0.9092032967032965,0.9725735852367063
x3,23X6SY44VT9KFHR7S7OC,1,identity,flip_axis1,0.125,8,0.7777777777777778,0.9008699633699634,0.9756551640860149
x3,23X6SY44VT9KFHR7S7OC,1,identity,flip_axis1,0.25,16,0.7777777777777778,0.9008699633699634,0.9756551640860149
x3,23X6SY44VT9KFHR7S7OC,1,identity,rot90_axes01,0.125,8,0.6,0.823076923076923,0.9577016947115746
x3,23X6SY44VT9KFHR7S7OC,1,identity,rot90_axes01,0.25,16,0.6842105263157895,0.823076923076923,0.9577016947115746
x3,23X6SY44VT9KFHR7S7OC,1,flip_axis0,flip_axis1,0.125,8,0.6,0.8721153846153845,0.9696322364319209
x3,23X6SY44VT9KFHR7S7OC,1,flip_axis0,flip_axis1,0.25,16,0.7777777777777778,0.8721153846153845,0.9696322364319209
x3,23X6SY44VT9KFHR7S7OC,1,flip_axis0,rot90_axes01,0.125,8,0.7777777777777778,0.8418498168498167,0.9676085588800879
x3,23X6SY44VT9KFHR7S7OC,1,flip_axis0,rot90_axes01,0.25,16,0.6,0.8418498168498167,0.9676085588800879
x3,23X6SY44VT9KFHR7S7OC,1,flip_axis1,rot90_axes01,0.125,8,0.6,0.8431776556776556,0.9566935192748659
x3,23X6SY44VT9KFHR7S7OC,1,flip_axis1,rot90_axes01,0.25,16,0.6,0.8431776556776556,0.9566935192748659
x4,23X6SY44VT9KFHR7S7OC,1,identity,flip_axis0,0.125,16,0.6,0.8113555209668558,0.9304483388518755
x4,23X6SY44VT9KFHR7S7OC,1,identity,flip_axis0,0.25,32,0.6842105263157895,0.8113555209668558,0.9304483388518755
x4,23X6SY44VT9KFHR7S7OC,1,identity,flip_axis1,0.125,16,0.6842105263157895,0.8071381157297198,0.9430233466881726
x4,23X6SY44VT9KFHR7S7OC,1,identity,flip_axis1,0.25,32,0.6842105263157895,0.8071381157297198,0.9430233466881726
x4,23X6SY44VT9KFHR7S7OC,1,identity,rot90_axes01,0.125,16,0.5238095238095238,0.7156141274491851,0.8939866152981923
x4,23X6SY44VT9KFHR7S7OC,1,identity,rot90_axes01,0.25,32,0.5238095238095238,0.7156141274491851,0.8939866152981923
x4,23X6SY44VT9KFHR7S7OC,1,flip_axis0,flip_axis1,0.125,16,0.45454545454545453,0.7054854880058596,0.8979465902275043
x4,23X6SY44VT9KFHR7S7OC,1,flip_axis0,flip_axis1,0.25,32,0.6410256410256411,0.7054854880058596,0.8979465902275043
x4,23X6SY44VT9KFHR7S7OC,1,flip_axis0,rot90_axes01,0.125,16,0.391304347826087,0.7366210401025453,0.9034411248333274
x4,23X6SY44VT9KFHR7S7OC,1,flip_axis0,rot90_axes01,0.25,32,0.6842105263157895,0.7366210401025453,0.9034411248333274
x4,23X6SY44VT9KFHR7S7OC,1,flip_axis1,rot90_axes01,0.125,16,0.45454545454545453,0.664787813587255,0.8845430988725275
x4,23X6SY44VT9KFHR7S7OC,1,flip_axis1,rot90_axes01,0.25,32,0.5609756097560976,0.664787813587255,0.8845430988725275
x2,23X6SY44VT9KFHR7S7OC,2,identity,flip_axis0,0.125,4,1.0,0.9413489736070381,0.9899787939129427
x2,23X6SY44VT9KFHR7S7OC,2,identity,flip_axis0,0.25,8,0.7777777777777778,0.9413489736070381,0.9899787939129427
x2,23X6SY44VT9KFHR7S7OC,2,identity,flip_axis1,0.125,4,0.6,0.8867302052785924,0.9741558755435304
x2,23X6SY44VT9KFHR7S7OC,2,identity,flip_axis1,0.25,8,0.7777777777777778,0.8867302052785924,0.9741558755435304
x2,23X6SY44VT9KFHR7S7OC,2,identity,rot90_axes01,0.125,4,1.0,0.9299853372434018,0.9831639329897204
x2,23X6SY44VT9KFHR7S7OC,2,identity,rot90_axes01,0.25,8,0.6,0.9299853372434018,0.9831639329897204
x2,23X6SY44VT9KFHR7S7OC,2,flip_axis0,flip_axis1,0.125,4,0.6,0.8559384164222872,0.9698153625982189
x2,23X6SY44VT9KFHR7S7OC,2,flip_axis0,flip_axis1,0.25,8,0.7777777777777778,0.8559384164222872,0.9698153625982189
x2,23X6SY44VT9KFHR7S7OC,2,flip_axis0,rot90_axes01,0.125,4,1.0,0.912023460410557,0.9836516187637591
x2,23X6SY44VT9KFHR7S7OC,2,flip_axis0,rot90_axes01,0.25,8,0.7777777777777778,0.912023460410557,0.9836516187637591
x2,23X6SY44VT9KFHR7S7OC,2,flip_axis1,rot90_axes01,0.125,4,0.6,0.9468475073313781,0.9859679899246216
x2,23X6SY44VT9KFHR7S7OC,2,flip_axis1,rot90_axes01,0.25,8,0.7777777777777778,0.9468475073313781,0.9859679899246216
x3,23X6SY44VT9KFHR7S7OC,2,identity,flip_axis0,0.125,8,0.6,0.9101190476190475,0.9747108784559034
x3,23X6SY44VT9KFHR7S7OC,2,identity,flip_axis0,0.25,16,0.6842105263157895,0.9101190476190475,0.9747108784559034
x3,23X6SY44VT9KFHR7S7OC,2,identity,flip_axis1,0.125,8,0.6,0.9042124542124542,0.9737561077991591
x3,23X6SY44VT9KFHR7S7OC,2,identity,flip_axis1,0.25,16,0.8823529411764706,0.9042124542124542,0.9737561077991591
x3,23X6SY44VT9KFHR7S7OC,2,identity,rot90_axes01,0.125,8,0.6,0.8569139194139194,0.9567377028608823
x3,23X6SY44VT9KFHR7S7OC,2,identity,rot90_axes01,0.25,16,0.6842105263157895,0.8569139194139194,0.9567377028608823
x3,23X6SY44VT9KFHR7S7OC,2,flip_axis0,flip_axis1,0.125,8,1.0,0.8833791208791207,0.973104953662391
x3,23X6SY44VT9KFHR7S7OC,2,flip_axis0,flip_axis1,0.25,16,0.7777777777777778,0.8833791208791207,0.973104953662391
x3,23X6SY44VT9KFHR7S7OC,2,flip_axis0,rot90_axes01,0.125,8,0.7777777777777778,0.8333333333333333,0.9642773404783637
x3,23X6SY44VT9KFHR7S7OC,2,flip_axis0,rot90_axes01,0.25,16,0.6,0.8333333333333333,0.9642773404783637
x3,23X6SY44VT9KFHR7S7OC,2,flip_axis1,rot90_axes01,0.125,8,0.7777777777777778,0.8601648351648351,0.9608921690276395
x3,23X6SY44VT9KFHR7S7OC,2,flip_axis1,rot90_axes01,0.25,16,0.6842105263157895,0.8601648351648351,0.9608921690276395
x4,23X6SY44VT9KFHR7S7OC,2,identity,flip_axis0,0.125,16,0.45454545454545453,0.7728438015015564,0.9093048862792046
x4,23X6SY44VT9KFHR7S7OC,2,identity,flip_axis0,0.25,32,0.6842105263157895,0.7728438015015564,0.9093048862792046
x4,23X6SY44VT9KFHR7S7OC,2,identity,flip_axis1,0.125,16,0.6842105263157895,0.8021882439113716,0.9485992227290202
x4,23X6SY44VT9KFHR7S7OC,2,identity,flip_axis1,0.25,32,0.6842105263157895,0.8021882439113716,0.9485992227290202
x4,23X6SY44VT9KFHR7S7OC,2,identity,rot90_axes01,0.125,16,0.391304347826087,0.6244163156930964,0.8770802363802013
x4,23X6SY44VT9KFHR7S7OC,2,identity,rot90_axes01,0.25,32,0.5238095238095238,0.6244163156930964,0.8770802363802013
x4,23X6SY44VT9KFHR7S7OC,2,flip_axis0,flip_axis1,0.125,16,0.391304347826087,0.6387852499542208,0.8766091708499029
x4,23X6SY44VT9KFHR7S7OC,2,flip_axis0,flip_axis1,0.25,32,0.6,0.6387852499542208,0.8766091708499029
x4,23X6SY44VT9KFHR7S7OC,2,flip_axis0,rot90_axes01,0.125,16,0.391304347826087,0.6688621589452481,0.8781099345616463
x4,23X6SY44VT9KFHR7S7OC,2,flip_axis0,rot90_axes01,0.25,32,0.6410256410256411,0.6688621589452481,0.8781099345616463
x4,23X6SY44VT9KFHR7S7OC,2,flip_axis1,rot90_axes01,0.125,16,0.45454545454545453,0.6055152444607215,0.8687441650689169
x4,23X6SY44VT9KFHR7S7OC,2,flip_axis1,rot90_axes01,0.25,32,0.6,0.6055152444607215,0.8687441650689169
x2,23X6SY44VT9KFHR7S7OC,3,identity,flip_axis0,0.125,4,0.14285714285714285,0.7195747800586509,0.9069544119739846
x2,23X6SY44VT9KFHR7S7OC,3,identity,flip_axis0,0.25,8,0.45454545454545453,0.7195747800586509,0.9069544119739846
x2,23X6SY44VT9KFHR7S7OC,3,identity,flip_axis1,0.125,4,1.0,0.9505131964809382,0.984737815476791
x2,23X6SY44VT9KFHR7S7OC,3,identity,flip_axis1,0.25,8,0.6,0.9505131964809382,0.984737815476791
x2,23X6SY44VT9KFHR7S7OC,3,identity,rot90_axes01,0.125,4,0.3333333333333333,0.7170087976539589,0.9071630872161258
x2,23X6SY44VT9KFHR7S7OC,3,identity,rot90_axes01,0.25,8,0.6,0.7170087976539589,0.9071630872161258
x2,23X6SY44VT9KFHR7S7OC,3,flip_axis0,flip_axis1,0.125,4,0.14285714285714285,0.6840175953079178,0.9056072160939204
x2,23X6SY44VT9KFHR7S7OC,3,flip_axis0,flip_axis1,0.25,8,0.6,0.6840175953079178,0.9056072160939204
x2,23X6SY44VT9KFHR7S7OC,3,flip_axis0,rot90_axes01,0.125,4,0.6,0.748533724340176,0.9264478168746477
x2,23X6SY44VT9KFHR7S7OC,3,flip_axis0,rot90_axes01,0.25,8,0.6,0.748533724340176,0.9264478168746477
x2,23X6SY44VT9KFHR7S7OC,3,flip_axis1,rot90_axes01,0.125,4,0.3333333333333333,0.8211143695014662,0.9468344636816094
x2,23X6SY44VT9KFHR7S7OC,3,flip_axis1,rot90_axes01,0.25,8,1.0,0.8211143695014662,0.9468344636816094
x3,23X6SY44VT9KFHR7S7OC,3,identity,flip_axis0,0.125,8,0.7777777777777778,0.9098901098901097,0.9725337356068636
x3,23X6SY44VT9KFHR7S7OC,3,identity,flip_axis0,0.25,16,0.7777777777777778,0.9098901098901097,0.9725337356068636
x3,23X6SY44VT9KFHR7S7OC,3,identity,flip_axis1,0.125,8,0.7777777777777778,0.9526556776556776,0.9852983140921778
x3,23X6SY44VT9KFHR7S7OC,3,identity,flip_axis1,0.25,16,0.7777777777777778,0.9526556776556776,0.9852983140921778
x3,23X6SY44VT9KFHR7S7OC,3,identity,rot90_axes01,0.125,8,0.7777777777777778,0.8530677655677655,0.9623431264177467
x3,23X6SY44VT9KFHR7S7OC,3,identity,rot90_axes01,0.25,16,0.5238095238095238,0.8530677655677655,0.9623431264177467
x3,23X6SY44VT9KFHR7S7OC,3,flip_axis0,flip_axis1,0.125,8,0.7777777777777778,0.8681776556776557,0.9611042336349636
x3,23X6SY44VT9KFHR7S7OC,3,flip_axis0,flip_axis1,0.25,16,0.6842105263157895,0.8681776556776557,0.9611042336349636
x3,23X6SY44VT9KFHR7S7OC,3,flip_axis0,rot90_axes01,0.125,8,1.0,0.8395604395604395,0.9628232389326074
x3,23X6SY44VT9KFHR7S7OC,3,flip_axis0,rot90_axes01,0.25,16,0.45454545454545453,0.8395604395604395,0.9628232389326074
x3,23X6SY44VT9KFHR7S7OC,3,flip_axis1,rot90_axes01,0.125,8,0.7777777777777778,0.8374084249084248,0.9610783976765693
x3,23X6SY44VT9KFHR7S7OC,3,flip_axis1,rot90_axes01,0.25,16,0.5238095238095238,0.8374084249084248,0.9610783976765693
x4,23X6SY44VT9KFHR7S7OC,3,identity,flip_axis0,0.125,16,0.6,0.7009018494781175,0.8943453980779423
x4,23X6SY44VT9KFHR7S7OC,3,identity,flip_axis0,0.25,32,0.45454545454545453,0.7009018494781175,0.8943453980779423
x4,23X6SY44VT9KFHR7S7OC,3,identity,flip_axis1,0.125,16,0.5238095238095238,0.7756306079472624,0.9151897022438329
x4,23X6SY44VT9KFHR7S7OC,3,identity,flip_axis1,0.25,32,0.6410256410256411,0.7756306079472624,0.9151897022438329
x4,23X6SY44VT9KFHR7S7OC,3,identity,rot90_axes01,0.125,16,0.3333333333333333,0.5692924830617103,0.8539379714048216
x4,23X6SY44VT9KFHR7S7OC,3,identity,rot90_axes01,0.25,32,0.4222222222222222,0.5692924830617103,0.8539379714048216
x4,23X6SY44VT9KFHR7S7OC,3,flip_axis0,flip_axis1,0.125,16,0.45454545454545453,0.559449963376671,0.845464785502898
x4,23X6SY44VT9KFHR7S7OC,3,flip_axis0,flip_axis1,0.25,32,0.45454545454545453,0.559449963376671,0.845464785502898
x4,23X6SY44VT9KFHR7S7OC,3,flip_axis0,rot90_axes01,0.125,16,0.45454545454545453,0.6651941036440212,0.8842650205976419
x4,23X6SY44VT9KFHR7S7OC,3,flip_axis0,rot90_axes01,0.25,32,0.45454545454545453,0.6651941036440212,0.8842650205976419
x4,23X6SY44VT9KFHR7S7OC,3,flip_axis1,rot90_axes01,0.125,16,0.391304347826087,0.4776254349020326,0.80309145143106
x4,23X6SY44VT9KFHR7S7OC,3,flip_axis1,rot90_axes01,0.25,32,0.4222222222222222,0.4776254349020326,0.80309145143106
x2,2XL5HSFSE93RMOJDRGR4,1,identity,flip_axis0,0.125,4,0.3333333333333333,0.7060117302052785,0.937303214617065
x2,2XL5HSFSE93RMOJDRGR4,1,identity,flip_axis0,0.25,8,0.45454545454545453,0.7060117302052785,0.937303214617065
x2,2XL5HSFSE93RMOJDRGR4,1,identity,flip_axis1,0.125,4,0.6,0.9307184750733138,0.9868943239843135
x2,2XL5HSFSE93RMOJDRGR4,1,identity,flip_axis1,0.25,8,0.7777777777777778,0.9307184750733138,0.9868943239843135
x2,2XL5HSFSE93RMOJDRGR4,1,identity,rot90_axes01,0.125,4,0.6,0.7587976539589442,0.9421318004294559
x2,2XL5HSFSE93RMOJDRGR4,1,identity,rot90_axes01,0.25,8,0.6,0.7587976539589442,0.9421318004294559
x2,2XL5HSFSE93RMOJDRGR4,1,flip_axis0,flip_axis1,0.125,4,0.3333333333333333,0.6224340175953078,0.9129328918149933
x2,2XL5HSFSE93RMOJDRGR4,1,flip_axis0,flip_axis1,0.25,8,0.45454545454545453,0.6224340175953078,0.9129328918149933
x2,2XL5HSFSE93RMOJDRGR4,1,flip_axis0,rot90_axes01,0.125,4,0.3333333333333333,0.908357771260997,0.9791610841443811
x2,2XL5HSFSE93RMOJDRGR4,1,flip_axis0,rot90_axes01,0.25,8,0.6,0.908357771260997,0.9791610841443811
x2,2XL5HSFSE93RMOJDRGR4,1,flip_axis1,rot90_axes01,0.125,4,0.6,0.6616568914956011,0.9132958227600331
x2,2XL5HSFSE93RMOJDRGR4,1,flip_axis1,rot90_axes01,0.25,8,0.45454545454545453,0.6616568914956011,0.9132958227600331
x3,2XL5HSFSE93RMOJDRGR4,1,identity,flip_axis0,0.125,8,0.6,0.8568223443223443,0.9701630637613059
x3,2XL5HSFSE93RMOJDRGR4,1,identity,flip_axis0,0.25,16,0.6,0.8568223443223443,0.9701630637613059
x3,2XL5HSFSE93RMOJDRGR4,1,identity,flip_axis1,0.125,8,0.6,0.8978479853479852,0.9757024739981934
x3,2XL5HSFSE93RMOJDRGR4,1,identity,flip_axis1,0.25,16,0.6842105263157895,0.8978479853479852,0.9757024739981934
x3,2XL5HSFSE93RMOJDRGR4,1,identity,rot90_axes01,0.125,8,0.45454545454545453,0.8240842490842488,0.9594527091000775
x3,2XL5HSFSE93RMOJDRGR4,1,identity,rot90_axes01,0.25,16,0.5238095238095238,0.8240842490842488,0.9594527091000775
x3,2XL5HSFSE93RMOJDRGR4,1,flip_axis0,flip_axis1,0.125,8,0.6,0.7334706959706959,0.9441920737893931
x3,2XL5HSFSE93RMOJDRGR4,1,flip_axis0,flip_axis1,0.25,16,0.6,0.7334706959706959,0.9441920737893931
x3,2XL5HSFSE93RMOJDRGR4,1,flip_axis0,rot90_axes01,0.125,8,0.6,0.8320054945054943,0.9607758831278987
x3,2XL5HSFSE93RMOJDRGR4,1,flip_axis0,rot90_axes01,0.25,16,0.5238095238095238,0.8320054945054943,0.9607758831278987
x3,2XL5HSFSE93RMOJDRGR4,1,flip_axis1,rot90_axes01,0.125,8,0.6,0.8044871794871793,0.9492523328359433
x3,2XL5HSFSE93RMOJDRGR4,1,flip_axis1,rot90_axes01,0.25,16,0.5238095238095238,0.8044871794871793,0.9492523328359433
x4,2XL5HSFSE93RMOJDRGR4,1,identity,flip_axis0,0.125,16,0.45454545454545453,0.643431834828786,0.877123234816184
x4,2XL5HSFSE93RMOJDRGR4,1,identity,flip_axis0,0.25,32,0.45454545454545453,0.643431834828786,0.877123234816184
x4,2XL5HSFSE93RMOJDRGR4,1,identity,flip_axis1,0.125,16,0.45454545454545453,0.7698166544588902,0.9175179291576405
x4,2XL5HSFSE93RMOJDRGR4,1,identity,flip_axis1,0.25,32,0.5609756097560976,0.7698166544588902,0.9175179291576405
x4,2XL5HSFSE93RMOJDRGR4,1,identity,rot90_axes01,0.125,16,0.391304347826087,0.6299842061893426,0.8176853132029576
x4,2XL5HSFSE93RMOJDRGR4,1,identity,rot90_axes01,0.25,32,0.4222222222222222,0.6299842061893426,0.8176853132029576
x4,2XL5HSFSE93RMOJDRGR4,1,flip_axis0,flip_axis1,0.125,16,0.3333333333333333,0.5107008789598974,0.8061694002530466
x4,2XL5HSFSE93RMOJDRGR4,1,flip_axis0,flip_axis1,0.25,32,0.3617021276595745,0.5107008789598974,0.8061694002530466
x4,2XL5HSFSE93RMOJDRGR4,1,flip_axis0,rot90_axes01,0.125,16,0.45454545454545453,0.5721594030397362,0.8408815815609656
x4,2XL5HSFSE93RMOJDRGR4,1,flip_axis0,rot90_axes01,0.25,32,0.4222222222222222,0.5721594030397362,0.8408815815609656
x4,2XL5HSFSE93RMOJDRGR4,1,flip_axis1,rot90_axes01,0.125,16,0.3333333333333333,0.6122505035707746,0.7996111457459928
x4,2XL5HSFSE93RMOJDRGR4,1,flip_axis1,rot90_axes01,0.25,32,0.45454545454545453,0.6122505035707746,0.7996111457459928
x2,2XL5HSFSE93RMOJDRGR4,2,identity,flip_axis0,0.125,4,0.3333333333333333,0.9211876832844573,0.9828076821057284
x2,2XL5HSFSE93RMOJDRGR4,2,identity,flip_axis0,0.25,8,0.7777777777777778,0.9211876832844573,0.9828076821057284
x2,2XL5HSFSE93RMOJDRGR4,2,identity,flip_axis1,0.125,4,0.6,0.9435483870967741,0.9922283260167786
x2,2XL5HSFSE93RMOJDRGR4,2,identity,flip_axis1,0.25,8,0.6,0.9435483870967741,0.9922283260167786
x2,2XL5HSFSE93RMOJDRGR4,2,identity,rot90_axes01,0.125,4,0.6,0.9127565982404691,0.9868368112879521
x2,2XL5HSFSE93RMOJDRGR4,2,identity,rot90_axes01,0.25,8,0.45454545454545453,0.9127565982404691,0.9868368112879521
x2,2XL5HSFSE93RMOJDRGR4,2,flip_axis0,flip_axis1,0.125,4,0.3333333333333333,0.9054252199413488,0.9812140700980236
x2,2XL5HSFSE93RMOJDRGR4,2,flip_axis0,flip_axis1,0.25,8,0.6,0.9054252199413488,0.9812140700980236
x2,2XL5HSFSE93RMOJDRGR4,2,flip_axis0,rot90_axes01,0.125,4,0.3333333333333333,0.87683284457478,0.9757961675359449
x2,2XL5HSFSE93RMOJDRGR4,2,flip_axis0,rot90_axes01,0.25,8,0.6,0.87683284457478,0.9757961675359449
x2,2XL5HSFSE93RMOJDRGR4,2,flip_axis1,rot90_axes01,0.125,4,0.6,0.9688416422287388,0.9940529052459821
x2,2XL5HSFSE93RMOJDRGR4,2,flip_axis1,rot90_axes01,0.25,8,0.7777777777777778,0.9688416422287388,0.9940529052459821
x3,2XL5HSFSE93RMOJDRGR4,2,identity,flip_axis0,0.125,8,0.6,0.8863553113553113,0.9768246533903859
x3,2XL5HSFSE93RMOJDRGR4,2,identity,flip_axis0,0.25,16,0.6842105263157895,0.8863553113553113,0.9768246533903859
x3,2XL5HSFSE93RMOJDRGR4,2,identity,flip_axis1,0.125,8,1.0,0.9226190476190474,0.9841304578474144
x3,2XL5HSFSE93RMOJDRGR4,2,identity,flip_axis1,0.25,16,0.6842105263157895,0.9226190476190474,0.9841304578474144
x3,2XL5HSFSE93RMOJDRGR4,2,identity,rot90_axes01,0.125,8,0.7777777777777778,0.8620421245421244,0.9702403727440081
x3,2XL5HSFSE93RMOJDRGR4,2,identity,rot90_axes01,0.25,16,0.45454545454545453,0.8620421245421244,0.9702403727440081
x3,2XL5HSFSE93RMOJDRGR4,2,flip_axis0,flip_axis1,0.125,8,0.6,0.828021978021978,0.9665648217143001
x3,2XL5HSFSE93RMOJDRGR4,2,flip_axis0,flip_axis1,0.25,16,0.6,0.828021978021978,0.9665648217143001
x3,2XL5HSFSE93RMOJDRGR4,2,flip_axis0,rot90_axes01,0.125,8,0.6,0.8355311355311353,0.9632337118248646
x3,2XL5HSFSE93RMOJDRGR4,2,flip_axis0,rot90_axes01,0.25,16,0.5238095238095238,0.8355311355311353,0.9632337118248646
x3,2XL5HSFSE93RMOJDRGR4,2,flip_axis1,rot90_axes01,0.125,8,0.7777777777777778,0.8897893772893773,0.9749841452936172
x3,2XL5HSFSE93RMOJDRGR4,2,flip_axis1,rot90_axes01,0.25,16,0.5238095238095238,0.8897893772893773,0.9749841452936172
x4,2XL5HSFSE93RMOJDRGR4,2,identity,flip_axis0,0.125,16,0.45454545454545453,0.8229033144112798,0.9357115352784902
x4,2XL5HSFSE93RMOJDRGR4,2,identity,flip_axis0,0.25,32,0.5238095238095238,0.8229033144112798,0.9357115352784902
x4,2XL5HSFSE93RMOJDRGR4,2,identity,flip_axis1,0.125,16,0.391304347826087,0.7935474272111335,0.9281664822483425
x4,2XL5HSFSE93RMOJDRGR4,2,identity,flip_axis1,0.25,32,0.6,0.7935474272111335,0.9281664822483425
x4,2XL5HSFSE93RMOJDRGR4,2,identity,rot90_axes01,0.125,16,0.45454545454545453,0.672530214246475,0.8760938600762789
x4,2XL5HSFSE93RMOJDRGR4,2,identity,rot90_axes01,0.25,32,0.45454545454545453,0.672530214246475,0.8760938600762789
x4,2XL5HSFSE93RMOJDRGR4,2,flip_axis0,flip_axis1,0.125,16,0.3333333333333333,0.7035627632301776,0.8963274733738014
x4,2XL5HSFSE93RMOJDRGR4,2,flip_axis0,flip_axis1,0.25,32,0.4222222222222222,0.7035627632301776,0.8963274733738014
x4,2XL5HSFSE93RMOJDRGR4,2,flip_axis0,rot90_axes01,0.125,16,0.391304347826087,0.7052966489653909,0.88164067603352
x4,2XL5HSFSE93RMOJDRGR4,2,flip_axis0,rot90_axes01,0.25,32,0.5238095238095238,0.7052966489653909,0.88164067603352
x4,2XL5HSFSE93RMOJDRGR4,2,flip_axis1,rot90_axes01,0.125,16,0.45454545454545453,0.6380241713971799,0.8557950202162834
x4,2XL5HSFSE93RMOJDRGR4,2,flip_axis1,rot90_axes01,0.25,32,0.45454545454545453,0.6380241713971799,0.8557950202162834
x2,2XL5HSFSE93RMOJDRGR4,3,identity,flip_axis0,0.125,4,0.3333333333333333,0.8958944281524927,0.9688811301293441
x2,2XL5HSFSE93RMOJDRGR4,3,identity,flip_axis0,0.25,8,0.45454545454545453,0.8958944281524927,0.9688811301293441
x2,2XL5HSFSE93RMOJDRGR4,3,identity,flip_axis1,0.125,4,0.6,0.9541788856304986,0.9926261312164419
x2,2XL5HSFSE93RMOJDRGR4,3,identity,flip_axis1,0.25,8,0.7777777777777778,0.9541788856304986,0.9926261312164419
x2,2XL5HSFSE93RMOJDRGR4,3,identity,rot90_axes01,0.125,4,0.6,0.9160557184750732,0.9833167356929665
x2,2XL5HSFSE93RMOJDRGR4,3,identity,rot90_axes01,0.25,8,0.6,0.9160557184750732,0.9833167356929665
x2,2XL5HSFSE93RMOJDRGR4,3,flip_axis0,flip_axis1,0.125,4,0.3333333333333333,0.8790322580645162,0.9656953319082733
x2,2XL5HSFSE93RMOJDRGR4,3,flip_axis0,flip_axis1,0.25,8,0.45454545454545453,0.8790322580645162,0.9656953319082733
x2,2XL5HSFSE93RMOJDRGR4,3,flip_axis0,rot90_axes01,0.125,4,0.3333333333333333,0.8596041055718473,0.9607248000987155
x2,2XL5HSFSE93RMOJDRGR4,3,flip_axis0,rot90_axes01,0.25,8,0.45454545454545453,0.8596041055718473,0.9607248000987155
x2,2XL5HSFSE93RMOJDRGR4,3,flip_axis1,rot90_axes01,0.125,4,0.6,0.971774193548387,0.9938952541732171
x2,2XL5HSFSE93RMOJDRGR4,3,flip_axis1,rot90_axes01,0.25,8,0.7777777777777778,0.971774193548387,0.9938952541732171
x3,2XL5HSFSE93RMOJDRGR4,3,identity,flip_axis0,0.125,8,0.6,0.8837912087912086,0.9777053859174057
x3,2XL5HSFSE93RMOJDRGR4,3,identity,flip_axis0,0.25,16,0.6,0.8837912087912086,0.9777053859174057
x3,2XL5HSFSE93RMOJDRGR4,3,identity,flip_axis1,0.125,8,0.6,0.9103021978021978,0.9813177467907915
x3,2XL5HSFSE93RMOJDRGR4,3,identity,flip_axis1,0.25,16,0.6,0.9103021978021978,0.9813177467907915
x3,2XL5HSFSE93RMOJDRGR4,3,identity,rot90_axes01,0.125,8,0.45454545454545453,0.846153846153846,0.9656700154232649
x3,2XL5HSFSE93RMOJDRGR4,3,identity,rot90_axes01,0.25,16,0.5238095238095238,0.846153846153846,0.9656700154232649
x3,2XL5HSFSE93RMOJDRGR4,3,flip_axis0,flip_axis1,0.125,8,0.45454545454545453,0.837087912087912,0.9652292999142398
x3,2XL5HSFSE93RMOJDRGR4,3,flip_axis0,flip_axis1,0.25,16,0.6842105263157895,0.837087912087912,0.9652292999142398
x3,2XL5HSFSE93RMOJDRGR4,3,flip_axis0,rot90_axes01,0.125,8,0.6,0.8201923076923076,0.9565881987853408
x3,2XL5HSFSE93RMOJDRGR4,3,flip_axis0,rot90_axes01,0.25,16,0.5238095238095238,0.8201923076923076,0.9565881987853408
x3,2XL5HSFSE93RMOJDRGR4,3,flip_axis1,rot90_axes01,0.125,8,0.7777777777777778,0.9057234432234432,0.9758777017927728
x3,2XL5HSFSE93RMOJDRGR4,3,flip_axis1,rot90_axes01,0.25,16,0.6,0.9057234432234432,0.9758777017927728
x4,2XL5HSFSE93RMOJDRGR4,3,identity,flip_axis0,0.125,16,0.6,0.8496898461820178,0.9455245650847018
x4,2XL5HSFSE93RMOJDRGR4,3,identity,flip_axis0,0.25,32,0.7777777777777778,0.8496898461820178,0.9455245650847018
x4,2XL5HSFSE93RMOJDRGR4,3,identity,flip_axis1,0.125,16,0.6842105263157895,0.8126030031129828,0.933571062410933
x4,2XL5HSFSE93RMOJDRGR4,3,identity,flip_axis1,0.25,32,0.6842105263157895,0.8126030031129828,0.933571062410933
x4,2XL5HSFSE93RMOJDRGR4,3,identity,rot90_axes01,0.125,16,0.45454545454545453,0.694584325215162,0.8895051949336514
x4,2XL5HSFSE93RMOJDRGR4,3,identity,rot90_axes01,0.25,32,0.5238095238095238,0.694584325215162,0.8895051949336514
x4,2XL5HSFSE93RMOJDRGR4,3,flip_axis0,flip_axis1,0.125,16,0.45454545454545453,0.7770726515290239,0.9192790143674522
x4,2XL5HSFSE93RMOJDRGR4,3,flip_axis0,flip_axis1,0.25,32,0.6410256410256411,0.7770726515290239,0.9192790143674522
x4,2XL5HSFSE93RMOJDRGR4,3,flip_axis0,rot90_axes01,0.125,16,0.3333333333333333,0.6966958890313129,0.8846250144638534
x4,2XL5HSFSE93RMOJDRGR4,3,flip_axis0,rot90_axes01,0.25,32,0.5238095238095238,0.6966958890313129,0.8846250144638534
x4,2XL5HSFSE93RMOJDRGR4,3,flip_axis1,rot90_axes01,0.125,16,0.45454545454545453,0.6864413568943417,0.8636844115866954
x4,2XL5HSFSE93RMOJDRGR4,3,flip_axis1,rot90_axes01,0.25,32,0.6,0.6864413568943417,0.8636844115866954
x2,38CWS74285MFGZZXR09Z,1,identity,flip_axis0,0.125,4,0.3333333333333333,0.8284457478005864,0.9842856507930478
x2,38CWS74285MFGZZXR09Z,1,identity,flip_axis0,0.25,8,0.6,0.8284457478005864,0.9842856507930478
x2,38CWS74285MFGZZXR09Z,1,identity,flip_axis1,0.125,4,0.3333333333333333,0.8834310850439882,0.9930528305782438
x2,38CWS74285MFGZZXR09Z,1,identity,flip_axis1,0.25,8,0.45454545454545453,0.8834310850439882,0.9930528305782438
x2,38CWS74285MFGZZXR09Z,1,identity,rot90_axes01,0.125,4,0.3333333333333333,0.8533724340175952,0.9870504081106568
x2,38CWS74285MFGZZXR09Z,1,identity,rot90_axes01,0.25,8,0.45454545454545453,0.8533724340175952,0.9870504081106568
x2,38CWS74285MFGZZXR09Z,1,flip_axis0,flip_axis1,0.125,4,0.14285714285714285,0.6730205278592375,0.9742528382431701
x2,38CWS74285MFGZZXR09Z,1,flip_axis0,flip_axis1,0.25,8,0.23076923076923078,0.6730205278592375,0.9742528382431701
x2,38CWS74285MFGZZXR09Z,1,flip_axis0,rot90_axes01,0.125,4,0.14285714285714285,0.8284457478005864,0.9848178347639276
x2,38CWS74285MFGZZXR09Z,1,flip_axis0,rot90_axes01,0.25,8,0.45454545454545453,0.8284457478005864,0.9848178347639276
x2,38CWS74285MFGZZXR09Z,1,flip_axis1,rot90_axes01,0.125,4,1.0,0.8651026392961876,0.9884831656396513
x2,38CWS74285MFGZZXR09Z,1,flip_axis1,rot90_axes01,0.25,8,0.6,0.8651026392961876,0.9884831656396513
x3,38CWS74285MFGZZXR09Z,1,identity,flip_axis0,0.125,8,0.6,0.9163919413919412,0.980681436506107
x3,38CWS74285MFGZZXR09Z,1,identity,flip_axis0,0.25,16,0.6842105263157895,0.9163919413919412,0.980681436506107
x3,38CWS74285MFGZZXR09Z,1,identity,flip_axis1,0.125,8,0.7777777777777778,0.9209706959706958,0.9841116024641265
x3,38CWS74285MFGZZXR09Z,1,identity,flip_axis1,0.25,16,0.5238095238095238,0.9209706959706958,0.9841116024641265
x3,38CWS74285MFGZZXR09Z,1,identity,rot90_axes01,0.125,8,0.7777777777777778,0.8647435897435897,0.9752757455301796
x3,38CWS74285MFGZZXR09Z,1,identity,rot90_axes01,0.25,16,0.45454545454545453,0.8647435897435897,0.9752757455301796
x3,38CWS74285MFGZZXR09Z,1,flip_axis0,flip_axis1,0.125,8,0.6,0.85260989010989,0.9656842275759827
x3,38CWS74285MFGZZXR09Z,1,flip_axis0,flip_axis1,0.25,16,0.45454545454545453,0.85260989010989,0.9656842275759827
x3,38CWS74285MFGZZXR09Z,1,flip_axis0,rot90_axes01,0.125,8,0.6,0.8610805860805861,0.9674147037950378
x3,38CWS74285MFGZZXR09Z,1,flip_axis0,rot90_axes01,0.25,16,0.6842105263157895,0.8610805860805861,0.9674147037950378
x3,38CWS74285MFGZZXR09Z,1,flip_axis1,rot90_axes01,0.125,8,1.0,0.8626373626373625,0.9753509700490985
x3,38CWS74285MFGZZXR09Z,1,flip_axis1,rot90_axes01,0.25,16,0.5238095238095238,0.8626373626373625,0.9753509700490985
x4,38CWS74285MFGZZXR09Z,1,identity,flip_axis0,0.125,16,0.6,0.7987834187877677,0.9402739568816918
x4,38CWS74285MFGZZXR09Z,1,identity,flip_axis0,0.25,32,0.5609756097560976,0.7987834187877677,0.9402739568816918
x4,38CWS74285MFGZZXR09Z,1,identity,flip_axis1,0.125,16,0.5238095238095238,0.856465162058231,0.9511533835257339
x4,38CWS74285MFGZZXR09Z,1,identity,flip_axis1,0.25,32,0.6842105263157895,0.856465162058231,0.9511533835257339
x4,38CWS74285MFGZZXR09Z,1,identity,rot90_axes01,0.125,16,0.391304347826087,0.6989447903314411,0.8909752885087324
x4,38CWS74285MFGZZXR09Z,1,identity,rot90_axes01,0.25,32,0.391304347826087,0.6989447903314411,0.8909752885087324
x4,38CWS74285MFGZZXR09Z,1,flip_axis0,flip_axis1,0.125,16,0.5238095238095238,0.7212506866874199,0.909759164519234
x4,38CWS74285MFGZZXR09Z,1,flip_axis0,flip_axis1,0.25,32,0.5609756097560976,0.7212506866874199,0.909759164519234
x4,38CWS74285MFGZZXR09Z,1,flip_axis0,rot90_axes01,0.125,16,0.391304347826087,0.6845873008606482,0.883987065053563
x4,38CWS74285MFGZZXR09Z,1,flip_axis0,rot90_axes01,0.25,32,0.4222222222222222,0.6845873008606482,0.883987065053563
x4,38CWS74285MFGZZXR09Z,1,flip_axis1,rot90_axes01,0.125,16,0.391304347826087,0.7072708752975645,0.9032618365988656
x4,38CWS74285MFGZZXR09Z,1,flip_axis1,rot90_axes01,0.25,32,0.4883720930232558,0.7072708752975645,0.9032618365988656
x2,38CWS74285MFGZZXR09Z,2,identity,flip_axis0,0.125,4,0.6,0.8684017595307918,0.9862558409516924
x2,38CWS74285MFGZZXR09Z,2,identity,flip_axis0,0.25,8,0.6,0.8684017595307918,0.9862558409516924
x2,38CWS74285MFGZZXR09Z,2,identity,flip_axis1,0.125,4,0.3333333333333333,0.8728005865102637,0.9925381107578587
x2,38CWS74285MFGZZXR09Z,2,identity,flip_axis1,0.25,8,0.45454545454545453,0.8728005865102637,0.9925381107578587
x2,38CWS74285MFGZZXR09Z,2,identity,rot90_axes01,0.125,4,0.3333333333333333,0.8394428152492668,0.9868493965615632
x2,38CWS74285MFGZZXR09Z,2,identity,rot90_axes01,0.25,8,0.45454545454545453,0.8394428152492668,0.9868493965615632
x2,38CWS74285MFGZZXR09Z,2,flip_axis0,flip_axis1,0.125,4,0.3333333333333333,0.7104105571847507,0.9753444429941681
x2,38CWS74285MFGZZXR09Z,2,flip_axis0,flip_axis1,0.25,8,0.3333333333333333,0.7104105571847507,0.9753444429941681
x2,38CWS74285MFGZZXR09Z,2,flip_axis0,rot90_axes01,0.125,4,0.3333333333333333,0.8848973607038124,0.984352598219668
x2,38CWS74285MFGZZXR09Z,2,flip_axis0,rot90_axes01,0.25,8,0.6,0.8848973607038124,0.984352598219668
x2,38CWS74285MFGZZXR09Z,2,flip_axis1,rot90_axes01,0.125,4,1.0,0.847140762463343,0.9889904252715718
x2,38CWS74285MFGZZXR09Z,2,flip_axis1,rot90_axes01,0.25,8,0.45454545454545453,0.847140762463343,0.9889904252715718
x3,38CWS74285MFGZZXR09Z,2,identity,flip_axis0,0.125,8,0.7777777777777778,0.9237637362637362,0.9819863147385479
x3,38CWS74285MFGZZXR09Z,2,identity,flip_axis0,0.25,16,0.6842105263157895,0.9237637362637362,0.9819863147385479
x3,38CWS74285MFGZZXR09Z,2,identity,flip_axis1,0.125,8,0.7777777777777778,0.9284798534798533,0.9836764108195748
x3,38CWS74285MFGZZXR09Z,2,identity,flip_axis1,0.25,16,0.6842105263157895,0.9284798534798533,0.9836764108195748
x3,38CWS74285MFGZZXR09Z,2,identity,rot90_axes01,0.125,8,0.7777777777777778,0.9083791208791206,0.9802287078729409
x3,38CWS74285MFGZZXR09Z,2,identity,rot90_axes01,0.25,16,0.6842105263157895,0.9083791208791206,0.9802287078729409
x3,38CWS74285MFGZZXR09Z,2,flip_axis0,flip_axis1,0.125,8,0.6,0.854532967032967,0.9671236694075942
x3,38CWS74285MFGZZXR09Z,2,flip_axis0,flip_axis1,0.25,16,0.5238095238095238,0.854532967032967,0.9671236694075942
x3,38CWS74285MFGZZXR09Z,2,flip_axis0,rot90_axes01,0.125,8,0.6,0.8810897435897433,0.9707887162527874
x3,38CWS74285MFGZZXR09Z,2,flip_axis0,rot90_axes01,0.25,16,0.6842105263157895,0.8810897435897433,0.9707887162527874
x3,38CWS74285MFGZZXR09Z,2,flip_axis1,rot90_axes01,0.125,8,0.7777777777777778,0.8777930402930402,0.9752573500876496
x3,38CWS74285MFGZZXR09Z,2,flip_axis1,rot90_axes01,0.25,16,0.6,0.8777930402930402,0.9752573500876496
x4,38CWS74285MFGZZXR09Z,2,identity,flip_axis0,0.125,16,0.6842105263157895,0.7525064090825855,0.9280490033044603
x4,38CWS74285MFGZZXR09Z,2,identity,flip_axis0,0.25,32,0.5238095238095238,0.7525064090825855,0.9280490033044603
x4,38CWS74285MFGZZXR09Z,2,identity,flip_axis1,0.125,16,0.6,0.8087918879326131,0.9445673328537632
x4,38CWS74285MFGZZXR09Z,2,identity,flip_axis1,0.25,32,0.5609756097560976,0.8087918879326131,0.9445673328537632
x4,38CWS74285MFGZZXR09Z,2,identity,rot90_axes01,0.125,16,0.5238095238095238,0.6206681468595495,0.873278791094316
x4,38CWS74285MFGZZXR09Z,2,identity,rot90_axes01,0.25,32,0.45454545454545453,0.6206681468595495,0.873278791094316
x4,38CWS74285MFGZZXR09Z,2,flip_axis0,flip_axis1,0.125,16,0.6842105263157895,0.6483187603003113,0.894358502123175
x4,38CWS74285MFGZZXR09Z,2,flip_axis0,flip_axis1,0.25,32,0.45454545454545453,0.6483187603003113,0.894358502123175
x4,38CWS74285MFGZZXR09Z,2,flip_axis0,rot90_axes01,0.125,16,0.45454545454545453,0.588937465665629,0.8694678200572108
x4,38CWS74285MFGZZXR09Z,2,flip_axis0,rot90_axes01,0.25,32,0.391304347826087,0.588937465665629,0.8694678200572108
x4,38CWS74285MFGZZXR09Z,2,flip_axis1,rot90_axes01,0.125,16,0.6,0.672141091375206,0.8986360964681712
x4,38CWS74285MFGZZXR09Z,2,flip_axis1,rot90_axes01,0.25,32,0.45454545454545453,0.672141091375206,0.8986360964681712
x2,38CWS74285MFGZZXR09Z,3,identity,flip_axis0,0.125,4,0.3333333333333333,0.5557184750733136,0.9348907507608444
x2,38CWS74285MFGZZXR09Z,3,identity,flip_axis0,0.25,8,0.45454545454545453,0.5557184750733136,0.9348907507608444
x2,38CWS74285MFGZZXR09Z,3,identity,flip_axis1,0.125,4,0.3333333333333333,0.9024926686217009,0.9938538792825721
x2,38CWS74285MFGZZXR09Z,3,identity,flip_axis1,0.25,8,0.45454545454545453,0.9024926686217009,0.9938538792825721
x2,38CWS74285MFGZZXR09Z,3,identity,rot90_axes01,0.125,4,0.3333333333333333,0.6961143695014662,0.9637303551516727
x2,38CWS74285MFGZZXR09Z,3,identity,rot90_axes01,0.25,8,0.45454545454545453,0.6961143695014662,0.9637303551516727
x2,38CWS74285MFGZZXR09Z,3,flip_axis0,flip_axis1,0.125,4,0.3333333333333333,0.35887096774193544,0.9205317680893128
x2,38CWS74285MFGZZXR09Z,3,flip_axis0,flip_axis1,0.25,8,0.14285714285714285,0.35887096774193544,0.9205317680893128
x2,38CWS74285MFGZZXR09Z,3,flip_axis0,rot90_axes01,0.125,4,0.3333333333333333,0.6532258064516129,0.9648174277195005
x2,38CWS74285MFGZZXR09Z,3,flip_axis0,rot90_axes01,0.25,8,0.45454545454545453,0.6532258064516129,0.9648174277195005
x2,38CWS74285MFGZZXR09Z,3,flip_axis1,rot90_axes01,0.125,4,0.6,0.68841642228739,0.9683649060166162
x2,38CWS74285MFGZZXR09Z,3,flip_axis1,rot90_axes01,0.25,8,0.3333333333333333,0.68841642228739,0.9683649060166162
x3,38CWS74285MFGZZXR09Z,3,identity,flip_axis0,0.125,8,0.7777777777777778,0.8239468864468863,0.9543789251495756
x3,38CWS74285MFGZZXR09Z,3,identity,flip_axis0,0.25,16,0.7777777777777778,0.8239468864468863,0.9543789251495756
x3,38CWS74285MFGZZXR09Z,3,identity,flip_axis1,0.125,8,0.7777777777777778,0.9354853479853479,0.982450904782757
x3,38CWS74285MFGZZXR09Z,3,identity,flip_axis1,0.25,16,0.8823529411764706,0.9354853479853479,0.982450904782757
x3,38CWS74285MFGZZXR09Z,3,identity,rot90_axes01,0.125,8,0.6,0.8653388278388278,0.9671420642927475
x3,38CWS74285MFGZZXR09Z,3,identity,rot90_axes01,0.25,16,0.6,0.8653388278388278,0.9671420642927475
x3,38CWS74285MFGZZXR09Z,3,flip_axis0,flip_axis1,0.125,8,0.6,0.7877747252747251,0.9439431982375946
x3,38CWS74285MFGZZXR09Z,3,flip_axis0,flip_axis1,0.25,16,0.6842105263157895,0.7877747252747251,0.9439431982375946
x3,38CWS74285MFGZZXR09Z,3,flip_axis0,rot90_axes01,0.125,8,0.7777777777777778,0.8482142857142857,0.9655375759266827
x3,38CWS74285MFGZZXR09Z,3,flip_axis0,rot90_axes01,0.25,16,0.6,0.8482142857142857,0.9655375759266827
x3,38CWS74285MFGZZXR09Z,3,flip_axis1,rot90_axes01,0.125,8,0.6,0.8645146520146519,0.968297373656843
x3,38CWS74285MFGZZXR09Z,3,flip_axis1,rot90_axes01,0.25,16,0.6,0.8645146520146519,0.968297373656843
x4,38CWS74285MFGZZXR09Z,3,identity,flip_axis0,0.125,16,0.45454545454545453,0.5839532594762863,0.8507055061014928
x4,38CWS74285MFGZZXR09Z,3,identity,flip_axis0,0.25,32,0.4883720930232558,0.5839532594762863,0.8507055061014928
x4,38CWS74285MFGZZXR09Z,3,identity,flip_axis1,0.125,16,0.6,0.7617194652993956,0.9273997827876785
x4,38CWS74285MFGZZXR09Z,3,identity,flip_axis1,0.25,32,0.5238095238095238,0.7617194652993956,0.9273997827876785
x4,38CWS74285MFGZZXR09Z,3,identity,rot90_axes01,0.125,16,0.5238095238095238,0.6496005768174327,0.8594798030466038
x4,38CWS74285MFGZZXR09Z,3,identity,rot90_axes01,0.25,32,0.5609756097560976,0.6496005768174327,0.8594798030466038
x4,38CWS74285MFGZZXR09Z,3,flip_axis0,flip_axis1,0.125,16,0.45454545454545453,0.4058437099432338,0.7930907405479315
x4,38CWS74285MFGZZXR09Z,3,flip_axis0,flip_axis1,0.25,32,0.30612244897959184,0.4058437099432338,0.7930907405479315
x4,38CWS74285MFGZZXR09Z,3,flip_axis0,rot90_axes01,0.125,16,0.6,0.6076668650430324,0.8672987132149648
x4,38CWS74285MFGZZXR09Z,3,flip_axis0,rot90_axes01,0.25,32,0.4222222222222222,0.6076668650430324,0.8672987132149648
x4,38CWS74285MFGZZXR09Z,3,flip_axis1,rot90_axes01,0.125,16,0.391304347826087,0.6242732558139534,0.8531741543464834
x4,38CWS74285MFGZZXR09Z,3,flip_axis1,rot90_axes01,0.25,32,0.4883720930232558,0.6242732558139534,0.8531741543464834
