case_id,layer,attempts,valid_patches,target_patches,status,reason
06SR5RBREL16DQ6M8LWS,x2,3,3,3,complete,
06SR5RBREL16DQ6M8LWS,x3,3,3,3,complete,
06SR5RBREL16DQ6M8LWS,x4,3,3,3,complete,
0RZDK210BSMWAA6467LU,x2,3,3,3,complete,
0RZDK210BSMWAA6467LU,x3,3,3,3,complete,
0RZDK210BSMWAA6467LU,x4,3,3,3,complete,
1D7CUD1955YZPGK8XHJX,x2,3,3,3,complete,
1D7CUD1955YZPGK8XHJX,x3,3,3,3,complete,
1D7CUD1955YZPGK8XHJX,x4,3,3,3,complete,
1GU15S0GJ6PFNARO469W,x2,3,3,3,complete,
1GU15S0GJ6PFNARO469W,x3,3,3,3,complete,
1GU15S0GJ6PFNARO469W,x4,3,3,3,complete,
1MHBF3G6DCPWHSKG7XCP,x2,3,3,3,complete,
1MHBF3G6DCPWHSKG7XCP,x3,3,3,3,complete,
1MHBF3G6DCPWHSKG7XCP,x4,3,3,3,complete,
23X6SY44VT9KFHR7S7OC,x2,3,3,3,complete,
23X6SY44VT9KFHR7S7OC,x3,3,3,3,complete,
23X6SY44VT9KFHR7S7OC,x4,3,3,3,complete,
2XL5HSFSE93RMOJDRGR4,x2,3,3,3,complete,
2XL5HSFSE93RMOJDRGR4,x3,3,3,3,complete,
2XL5HSFSE93RMOJDRGR4,x4,3,3,3,complete,
38CWS74285MFGZZXR09Z,x2,3,3,3,complete,
38CWS74285MFGZZXR09Z,x3,3,3,3,complete,
38CWS74285MFGZZXR09Z,x4,3,3,3,complete,
