layer,case_i,case_j,cosine,shuffled_mean,shuffled_std
x2,06SR5RBREL16DQ6M8LWS,0RZDK210BSMWAA6467LU,0.9080826044744642,0.32191912007761414,0.12758187525984088
x2,06SR5RBREL16DQ6M8LWS,1D7CUD1955YZPGK8XHJX,0.9425847335698032,0.422856524716839,0.10021671694921853
x2,06SR5RBREL16DQ6M8LWS,1GU15S0GJ6PFNARO469W,0.9954629163727293,0.39525040407671197,0.11404979738199435
x2,06SR5RBREL16DQ6M8LWS,1MHBF3G6DCPWHSKG7XCP,0.8495866864030233,0.35410573642630827,0.1128460464873494
x2,06SR5RBREL16DQ6M8LWS,23X6SY44VT9KFHR7S7OC,0.8471581443445605,0.29467103512926746,0.12031216889210271
x2,06SR5RBREL16DQ6M8LWS,2XL5HSFSE93RMOJDRGR4,0.9004881579566004,0.41226923492698075,0.09256910548255654
x2,06SR5RBREL16DQ6M8LWS,38CWS74285MFGZZXR09Z,0.9517863351121723,0.38227795160275746,0.10512972276233423
x2,0RZDK210BSMWAA6467LU,1D7CUD1955YZPGK8XHJX,0.9488359721122546,0.3667882811690069,0.11325319956133621
x2,0RZDK210BSMWAA6467LU,1GU15S0GJ6PFNARO469W,0.8991019651323536,0.34660993549124375,0.11345839190633443
x2,0RZDK210BSMWAA6467LU,1MHBF3G6DCPWHSKG7XCP,0.9292640949922113,0.3018002520552791,0.11398155281548485
x2,0RZDK210BSMWAA6467LU,23X6SY44VT9KFHR7S7OC,0.956590937451336,0.24615230413539166,0.14178687100097745
x2,0RZDK210BSMWAA6467LU,2XL5HSFSE93RMOJDRGR4,0.8517188376613997,0.36557527204933954,0.12726311774369906
x2,0RZDK210BSMWAA6467LU,38CWS74285MFGZZXR09Z,0.8947439229512605,0.3289957381870425,0.11201652243043585
x2,1D7CUD1955YZPGK8XHJX,1GU15S0GJ6PFNARO469W,0.9402095599446423,0.4079697142123374,0.10930610188442103
x2,1D7CUD1955YZPGK8XHJX,1MHBF3G6DCPWHSKG7XCP,0.9159140492881923,0.37882073141538536,0.11042796799730803
x2,1D7CUD1955YZPGK8XHJX,23X6SY44VT9KFHR7S7OC,0.8856586314093997,0.3296271035138096,0.11833489233494997
x2,1D7CUD1955YZPGK8XHJX,2XL5HSFSE93RMOJDRGR4,0.9031879670428478,0.44542371933727226,0.09875024124220326
x2,1D7CUD1955YZPGK8XHJX,38CWS74285MFGZZXR09Z,0.9230390469583285,0.4067008922463227,0.10604719909180801
x2,1GU15S0GJ6PFNARO469W,1MHBF3G6DCPWHSKG7XCP,0.8477817768889551,0.37047429274504506,0.11442786536130486
x2,1GU15S0GJ6PFNARO469W,23X6SY44VT9KFHR7S7OC,0.829455587110786,0.3003325213168949,0.11994214034738022
x2,1GU15S0GJ6PFNARO469W,2XL5HSFSE93RMOJDRGR4,0.9016142950237702,0.4093558740647401,0.1020798910775252
x2,1GU15S0GJ6PFNARO469W,38CWS74285MFGZZXR09Z,0.931699357886197,0.386166889474843,0.11672317170603003
x2,1MHBF3G6DCPWHSKG7XCP,23X6SY44VT9KFHR7S7OC,0.944838930544093,0.2678727779360132,0.1235936666314498
x2,1MHBF3G6DCPWHSKG7XCP,2XL5HSFSE93RMOJDRGR4,0.925965863899558,0.37794086716715514,0.10684921618564175
x2,1MHBF3G6DCPWHSKG7XCP,38CWS74285MFGZZXR09Z,0.8663909464924058,0.33870014883292643,0.10925592636333561
x2,23X6SY44VT9KFHR7S7OC,2XL5HSFSE93RMOJDRGR4,0.8487298575045872,0.314758799395875,0.12719233774920058
x2,23X6SY44VT9KFHR7S7OC,38CWS74285MFGZZXR09Z,0.8787562052695611,0.30947095558644894,0.12643678793730564
x2,2XL5HSFSE93RMOJDRGR4,38CWS74285MFGZZXR09Z,0.9183241548072276,0.41640312590331774,0.10132114272273546
x3,06SR5RBREL16DQ6M8LWS,0RZDK210BSMWAA6467LU,0.9014261392361343,0.04866054896845073,0.11751753131724768
x3,06SR5RBREL16DQ6M8LWS,1D7CUD1955YZPGK8XHJX,0.8726745118904948,0.09352399822074144,0.12496664375778739
x3,06SR5RBREL16DQ6M8LWS,1GU15S0GJ6PFNARO469W,0.9774843053501587,0.08496670229466362,0.11604843095852725
x3,06SR5RBREL16DQ6M8LWS,1MHBF3G6DCPWHSKG7XCP,0.8930657654742309,0.07064252830317301,0.12200536021078316
x3,06SR5RBREL16DQ6M8LWS,23X6SY44VT9KFHR7S7OC,0.8976622397661682,0.05999026855354602,0.1127004163666106
x3,06SR5RBREL16DQ6M8LWS,2XL5HSFSE93RMOJDRGR4,0.9286113425236896,0.09106843344073347,0.11696680768649237
x3,06SR5RBREL16DQ6M8LWS,38CWS74285MFGZZXR09Z,0.9262604106382496,0.07777415411349893,0.12035688929040682
x3,0RZDK210BSMWAA6467LU,1D7CUD1955YZPGK8XHJX,0.9167399099463085,0.047533438334156186,0.11655779494015928
x3,0RZDK210BSMWAA6467LU,1GU15S0GJ6PFNARO469W,0.8849367233002678,0.05092856979351621,0.12225840478450144
x3,0RZDK210BSMWAA6467LU,1MHBF3G6DCPWHSKG7XCP,0.9392779440828238,0.04523658952214346,0.13449669765209543
x3,0RZDK210BSMWAA6467LU,23X6SY44VT9KFHR7S7OC,0.9471620974091711,0.019880051326365306,0.10646231955610386
x3,0RZDK210BSMWAA6467LU,2XL5HSFSE93RMOJDRGR4,0.9133136200375146,0.04574996832543777,0.12158475082453463
x3,0RZDK210BSMWAA6467LU,38CWS74285MFGZZXR09Z,0.926916367096704,0.03904004574403504,0.12571056335062847
x3,1D7CUD1955YZPGK8XHJX,1GU15S0GJ6PFNARO469W,0.8887191779602981,0.09876933815334904,0.10819692738953529
x3,1D7CUD1955YZPGK8XHJX,1MHBF3G6DCPWHSKG7XCP,0.9569917058639149,0.048601312959212724,0.12145863063236224
x3,1D7CUD1955YZPGK8XHJX,23X6SY44VT9KFHR7S7OC,0.9040848199134801,0.04590248716046799,0.12078797460482388
x3,1D7CUD1955YZPGK8XHJX,2XL5HSFSE93RMOJDRGR4,0.9168940044019336,0.07086593998922508,0.10771197590308018
x3,1D7CUD1955YZPGK8XHJX,38CWS74285MFGZZXR09Z,0.9131503730323948,0.06280155622832488,0.10898753260618578
x3,1GU15S0GJ6PFNARO469W,1MHBF3G6DCPWHSKG7XCP,0.9232047609429452,0.0711971569289995,0.11972035561797942
x3,1GU15S0GJ6PFNARO469W,23X6SY44VT9KFHR7S7OC,0.904315041474621,0.064555152648417,0.1221031814630676
x3,1GU15S0GJ6PFNARO469W,2XL5HSFSE93RMOJDRGR4,0.9452620041560504,0.08000180459747723,0.11898041835456534
x3,1GU15S0GJ6PFNARO469W,38CWS74285MFGZZXR09Z,0.9297944532413875,0.06923197876110893,0.12097788800739256
x3,1MHBF3G6DCPWHSKG7XCP,23X6SY44VT9KFHR7S7OC,0.936639560305486,0.053169490215131024,0.12026085522762621
x3,1MHBF3G6DCPWHSKG7XCP,2XL5HSFSE93RMOJDRGR4,0.9513575046898655,0.083698549371938,0.11856097355032108
x3,1MHBF3G6DCPWHSKG7XCP,38CWS74285MFGZZXR09Z,0.9232324070503585,0.04586978680938905,0.11830802172887676
x3,23X6SY44VT9KFHR7S7OC,2XL5HSFSE93RMOJDRGR4,0.9311769152418947,0.06331278351176924,0.1091859380636725
x3,23X6SY44VT9KFHR7S7OC,38CWS74285MFGZZXR09Z,0.9232327291907163,0.045507335619626506,0.11884131110901314
x3,2XL5HSFSE93RMOJDRGR4,38CWS74285MFGZZXR09Z,0.9513213523728663,0.06754998504258496,0.12319474282921829
x4,06SR5RBREL16DQ6M8LWS,0RZDK210BSMWAA6467LU,0.8078238620663096,0.04055194756169888,0.08938633845221741
x4,06SR5RBREL16DQ6M8LWS,1D7CUD1955YZPGK8XHJX,0.7575497807687019,0.03964344230863195,0.08855684428461603
x4,06SR5RBREL16DQ6M8LWS,1GU15S0GJ6PFNARO469W,0.9711486336145958,0.06859178265783605,0.07366900189192442
x4,06SR5RBREL16DQ6M8LWS,1MHBF3G6DCPWHSKG7XCP,0.8574206466079745,0.05651996325677132,0.08275281894633149
x4,06SR5RBREL16DQ6M8LWS,23X6SY44VT9KFHR7S7OC,0.8982768144137034,0.08272825846790205,0.08106424006207419
x4,06SR5RBREL16DQ6M8LWS,2XL5HSFSE93RMOJDRGR4,0.877084374525332,0.029140404847469742,0.083255112877452
x4,06SR5RBREL16DQ6M8LWS,38CWS74285MFGZZXR09Z,0.9003164595023194,0.03903242985814947,0.08885563991781598
x4,0RZDK210BSMWAA6467LU,1D7CUD1955YZPGK8XHJX,0.8584846229655658,0.022372761936009445,0.08903845848472293
x4,0RZDK210BSMWAA6467LU,1GU15S0GJ6PFNARO469W,0.8216384858501483,0.03653199878461259,0.0920242761632627
x4,0RZDK210BSMWAA6467LU,1MHBF3G6DCPWHSKG7XCP,0.885207685027797,0.03796040047332674,0.08517908048823428
x4,0RZDK210BSMWAA6467LU,23X6SY44VT9KFHR7S7OC,0.802278394806531,0.030823280981921358,0.08289256414353638
x4,0RZDK210BSMWAA6467LU,2XL5HSFSE93RMOJDRGR4,0.8692900024561239,0.016037943767686826,0.0852593824102604
x4,0RZDK210BSMWAA6467LU,38CWS74285MFGZZXR09Z,0.8865687736895558,0.023217642830240585,0.07966029899013236
x4,1D7CUD1955YZPGK8XHJX,1GU15S0GJ6PFNARO469W,0.7585972602749602,0.043096373363368655,0.08023664193714014
x4,1D7CUD1955YZPGK8XHJX,1MHBF3G6DCPWHSKG7XCP,0.8086433737206471,0.03048989099736186,0.08939483864049116
x4,1D7CUD1955YZPGK8XHJX,23X6SY44VT9KFHR7S7OC,0.7991148197069232,0.05345483692422535,0.08028769790416386
x4,1D7CUD1955YZPGK8XHJX,2XL5HSFSE93RMOJDRGR4,0.8327385303673556,0.019144483251002903,0.08484153814532938
x4,1D7CUD1955YZPGK8XHJX,38CWS74285MFGZZXR09Z,0.8573015991106878,0.020052131390342787,0.09252954814989955
x4,1GU15S0GJ6PFNARO469W,1MHBF3G6DCPWHSKG7XCP,0.8866680849246695,0.06103572728418909,0.08238633141989433
x4,1GU15S0GJ6PFNARO469W,23X6SY44VT9KFHR7S7OC,0.9025179742258356,0.09872382232470585,0.07907479731229414
x4,1GU15S0GJ6PFNARO469W,2XL5HSFSE93RMOJDRGR4,0.8770223327604657,0.027131515163401395,0.08576670708976268
x4,1GU15S0GJ6PFNARO469W,38CWS74285MFGZZXR09Z,0.9096246960158042,0.06208423624309317,0.08067771410164183
x4,1MHBF3G6DCPWHSKG7XCP,23X6SY44VT9KFHR7S7OC,0.8748126155619,0.07811385470797363,0.08096172921020292
x4,1MHBF3G6DCPWHSKG7XCP,2XL5HSFSE93RMOJDRGR4,0.8550185032076953,0.020383193177123067,0.08199547078468339
x4,1MHBF3G6DCPWHSKG7XCP,38CWS74285MFGZZXR09Z,0.8804031799875711,0.0439448854905824,0.08168064558715873
x4,23X6SY44VT9KFHR7S7OC,2XL5HSFSE93RMOJDRGR4,0.8412617332711265,0.03180372008242026,0.08065130622173028
x4,23X6SY44VT9KFHR7S7OC,38CWS74285MFGZZXR09Z,0.8915368976440126,0.05200682646357244,0.08026026443007857
x4,2XL5HSFSE93RMOJDRGR4,38CWS74285MFGZZXR09Z,0.9197142505463416,0.009648046715702569,0.08894629018282117
