layer,case_i,case_j,spearman_abs_d
x2,06SR5RBREL16DQ6M8LWS,0RZDK210BSMWAA6467LU,0.7250733137829911
x2,06SR5RBREL16DQ6M8LWS,1D7CUD1955YZPGK8XHJX,0.6873167155425219
x2,06SR5RBREL16DQ6M8LWS,1GU15S0GJ6PFNARO469W,0.9563782991202344
x2,06SR5RBREL16DQ6M8LWS,1MHBF3G6DCPWHSKG7XCP,0.4670087976539589
x2,06SR5RBREL16DQ6M8LWS,23X6SY44VT9KFHR7S7OC,0.56524926686217
x2,06SR5RBREL16DQ6M8LWS,2XL5HSFSE93RMOJDRGR4,0.4527126099706744
x2,06SR5RBREL16DQ6M8LWS,38CWS74285MFGZZXR09Z,0.6961143695014662
x2,0RZDK210BSMWAA6467LU,1D7CUD1955YZPGK8XHJX,0.8093841642228737
x2,0RZDK210BSMWAA6467LU,1GU15S0GJ6PFNARO469W,0.7052785923753665
x2,0RZDK210BSMWAA6467LU,1MHBF3G6DCPWHSKG7XCP,0.7250733137829911
x2,0RZDK210BSMWAA6467LU,23X6SY44VT9KFHR7S7OC,0.848973607038123
x2,0RZDK210BSMWAA6467LU,2XL5HSFSE93RMOJDRGR4,0.4732404692082111
x2,0RZDK210BSMWAA6467LU,38CWS74285MFGZZXR09Z,0.49523460410557174
x2,1D7CUD1955YZPGK8XHJX,1GU15S0GJ6PFNARO469W,0.7170087976539589
x2,1D7CUD1955YZPGK8XHJX,1MHBF3G6DCPWHSKG7XCP,0.6983137829912023
x2,1D7CUD1955YZPGK8XHJX,23X6SY44VT9KFHR7S7OC,0.6151026392961876
x2,1D7CUD1955YZPGK8XHJX,2XL5HSFSE93RMOJDRGR4,0.5623167155425219
x2,1D7CUD1955YZPGK8XHJX,38CWS74285MFGZZXR09Z,0.5340909090909091
x2,1GU15S0GJ6PFNARO469W,1MHBF3G6DCPWHSKG7XCP,0.5084310850439883
x2,1GU15S0GJ6PFNARO469W,23X6SY44VT9KFHR7S7OC,0.5128299120234603
x2,1GU15S0GJ6PFNARO469W,2XL5HSFSE93RMOJDRGR4,0.5340909090909091
x2,1GU15S0GJ6PFNARO469W,38CWS74285MFGZZXR09Z,0.6033724340175952
x2,1MHBF3G6DCPWHSKG7XCP,23X6SY44VT9KFHR7S7OC,0.7815249266862169
x2,1MHBF3G6DCPWHSKG7XCP,2XL5HSFSE93RMOJDRGR4,0.7804252199413488
x2,1MHBF3G6DCPWHSKG7XCP,38CWS74285MFGZZXR09Z,0.5219941348973607
x2,23X6SY44VT9KFHR7S7OC,2XL5HSFSE93RMOJDRGR4,0.49853372434017584
x2,23X6SY44VT9KFHR7S7OC,38CWS74285MFGZZXR09Z,0.5769794721407624
x2,2XL5HSFSE93RMOJDRGR4,38CWS74285MFGZZXR09Z,0.500366568914956
x3,06SR5RBREL16DQ6M8LWS,0RZDK210BSMWAA6467LU,0.693543956043956
x3,06SR5RBREL16DQ6M8LWS,1D7CUD1955YZPGK8XHJX,0.6091575091575091
x3,06SR5RBREL16DQ6M8LWS,1GU15S0GJ6PFNARO469W,0.9202838827838826
x3,06SR5RBREL16DQ6M8LWS,1MHBF3G6DCPWHSKG7XCP,0.6919413919413919
x3,06SR5RBREL16DQ6M8LWS,23X6SY44VT9KFHR7S7OC,0.6217032967032966
x3,06SR5RBREL16DQ6M8LWS,2XL5HSFSE93RMOJDRGR4,0.7817765567765567
x3,06SR5RBREL16DQ6M8LWS,38CWS74285MFGZZXR09Z,0.7626373626373626
x3,0RZDK210BSMWAA6467LU,1D7CUD1955YZPGK8XHJX,0.7407509157509157
x3,0RZDK210BSMWAA6467LU,1GU15S0GJ6PFNARO469W,0.5820054945054944
x3,0RZDK210BSMWAA6467LU,1MHBF3G6DCPWHSKG7XCP,0.7898351648351647
x3,0RZDK210BSMWAA6467LU,23X6SY44VT9KFHR7S7OC,0.7941391941391941
x3,0RZDK210BSMWAA6467LU,2XL5HSFSE93RMOJDRGR4,0.6963827838827839
x3,0RZDK210BSMWAA6467LU,38CWS74285MFGZZXR09Z,0.7375457875457875
x3,1D7CUD1955YZPGK8XHJX,1GU15S0GJ6PFNARO469W,0.5904761904761904
x3,1D7CUD1955YZPGK8XHJX,1MHBF3G6DCPWHSKG7XCP,0.8143315018315017
x3,1D7CUD1955YZPGK8XHJX,23X6SY44VT9KFHR7S7OC,0.6438644688644688
x3,1D7CUD1955YZPGK8XHJX,2XL5HSFSE93RMOJDRGR4,0.6590201465201465
x3,1D7CUD1955YZPGK8XHJX,38CWS74285MFGZZXR09Z,0.6959706959706959
x3,1GU15S0GJ6PFNARO469W,1MHBF3G6DCPWHSKG7XCP,0.6886446886446885
x3,1GU15S0GJ6PFNARO469W,23X6SY44VT9KFHR7S7OC,0.6245879120879121
x3,1GU15S0GJ6PFNARO469W,2XL5HSFSE93RMOJDRGR4,0.806547619047619
x3,1GU15S0GJ6PFNARO469W,38CWS74285MFGZZXR09Z,0.7669871794871793
x3,1MHBF3G6DCPWHSKG7XCP,23X6SY44VT9KFHR7S7OC,0.7947802197802197
x3,1MHBF3G6DCPWHSKG7XCP,2XL5HSFSE93RMOJDRGR4,0.7923534798534797
x3,1MHBF3G6DCPWHSKG7XCP,38CWS74285MFGZZXR09Z,0.7273351648351648
x3,23X6SY44VT9KFHR7S7OC,2XL5HSFSE93RMOJDRGR4,0.7456959706959707
x3,23X6SY44VT9KFHR7S7OC,38CWS74285MFGZZXR09Z,0.7080128205128204
x3,2XL5HSFSE93RMOJDRGR4,38CWS74285MFGZZXR09Z,0.8159798534798534
x4,06SR5RBREL16DQ6M8LWS,0RZDK210BSMWAA6467LU,0.6186195293902215
x4,06SR5RBREL16DQ6M8LWS,1D7CUD1955YZPGK8XHJX,0.536880836843069
x4,06SR5RBREL16DQ6M8LWS,1GU15S0GJ6PFNARO469W,0.892264466214979
x4,06SR5RBREL16DQ6M8LWS,1MHBF3G6DCPWHSKG7XCP,0.6388253067203808
x4,06SR5RBREL16DQ6M8LWS,23X6SY44VT9KFHR7S7OC,0.6500984251968505
x4,06SR5RBREL16DQ6M8LWS,2XL5HSFSE93RMOJDRGR4,0.6570969144845266
x4,06SR5RBREL16DQ6M8LWS,38CWS74285MFGZZXR09Z,0.7267441860465116
x4,0RZDK210BSMWAA6467LU,1D7CUD1955YZPGK8XHJX,0.6150601995971434
x4,0RZDK210BSMWAA6467LU,1GU15S0GJ6PFNARO469W,0.6284105475187695
x4,0RZDK210BSMWAA6467LU,1MHBF3G6DCPWHSKG7XCP,0.6939777513275956
x4,0RZDK210BSMWAA6467LU,23X6SY44VT9KFHR7S7OC,0.4802920710492584
x4,0RZDK210BSMWAA6467LU,2XL5HSFSE93RMOJDRGR4,0.6105509522065555
x4,0RZDK210BSMWAA6467LU,38CWS74285MFGZZXR09Z,0.6734171854971616
x4,1D7CUD1955YZPGK8XHJX,1GU15S0GJ6PFNARO469W,0.5201027742171762
x4,1D7CUD1955YZPGK8XHJX,1MHBF3G6DCPWHSKG7XCP,0.5654241439296832
x4,1D7CUD1955YZPGK8XHJX,23X6SY44VT9KFHR7S7OC,0.551421442959165
x4,1D7CUD1955YZPGK8XHJX,2XL5HSFSE93RMOJDRGR4,0.5552611701153635
x4,1D7CUD1955YZPGK8XHJX,38CWS74285MFGZZXR09Z,0.5988658212781541
x4,1GU15S0GJ6PFNARO469W,1MHBF3G6DCPWHSKG7XCP,0.7270360281999634
x4,1GU15S0GJ6PFNARO469W,23X6SY44VT9KFHR7S7OC,0.6961522614905695
x4,1GU15S0GJ6PFNARO469W,2XL5HSFSE93RMOJDRGR4,0.6833340963193554
x4,1GU15S0GJ6PFNARO469W,38CWS74285MFGZZXR09Z,0.7510471983153268
x4,1MHBF3G6DCPWHSKG7XCP,23X6SY44VT9KFHR7S7OC,0.6094293627540742
x4,1MHBF3G6DCPWHSKG7XCP,2XL5HSFSE93RMOJDRGR4,0.5871406335835927
x4,1MHBF3G6DCPWHSKG7XCP,38CWS74285MFGZZXR09Z,0.6696346822926205
x4,23X6SY44VT9KFHR7S7OC,2XL5HSFSE93RMOJDRGR4,0.5449894707928951
x4,23X6SY44VT9KFHR7S7OC,38CWS74285MFGZZXR09Z,0.6620353415125435
x4,2XL5HSFSE93RMOJDRGR4,38CWS74285MFGZZXR09Z,0.7386925471525361
