layer,topk_ratio,channels,k,case_i,case_j,jaccard
x2,0.125,32,4,06SR5RBREL16DQ6M8LWS,0RZDK210BSMWAA6467LU,0.6
x2,0.125,32,4,06SR5RBREL16DQ6M8LWS,1D7CUD1955YZPGK8XHJX,0.3333333333333333
x2,0.125,32,4,06SR5RBREL16DQ6M8LWS,1GU15S0GJ6PFNARO469W,0.6
x2,0.125,32,4,06SR5RBREL16DQ6M8LWS,1MHBF3G6DCPWHSKG7XCP,0.6
x2,0.125,32,4,06SR5RBREL16DQ6M8LWS,23X6SY44VT9KFHR7S7OC,0.3333333333333333
x2,0.125,32,4,06SR5RBREL16DQ6M8LWS,2XL5HSFSE93RMOJDRGR4,0.3333333333333333
x2,0.125,32,4,06SR5RBREL16DQ6M8LWS,38CWS74285MFGZZXR09Z,0.6
x2,0.125,32,4,0RZDK210BSMWAA6467LU,1D7CUD1955YZPGK8XHJX,0.3333333333333333
x2,0.125,32,4,0RZDK210BSMWAA6467LU,1GU15S0GJ6PFNARO469W,0.3333333333333333
x2,0.125,32,4,0RZDK210BSMWAA6467LU,1MHBF3G6DCPWHSKG7XCP,0.6
x2,0.125,32,4,0RZDK210BSMWAA6467LU,23X6SY44VT9KFHR7S7OC,0.3333333333333333
x2,0.125,32,4,0RZDK210BSMWAA6467LU,2XL5HSFSE93RMOJDRGR4,0.3333333333333333
x2,0.125,32,4,0RZDK210BSMWAA6467LU,38CWS74285MFGZZXR09Z,0.3333333333333333
x2,0.125,32,4,1D7CUD1955YZPGK8XHJX,1GU15S0GJ6PFNARO469W,0.3333333333333333
x2,0.125,32,4,1D7CUD1955YZPGK8XHJX,1MHBF3G6DCPWHSKG7XCP,0.14285714285714285
x2,0.125,32,4,1D7CUD1955YZPGK8XHJX,23X6SY44VT9KFHR7S7OC,0.14285714285714285
x2,0.125,32,4,1D7CUD1955YZPGK8XHJX,2XL5HSFSE93RMOJDRGR4,0.14285714285714285
x2,0.125,32,4,1D7CUD1955YZPGK8XHJX,38CWS74285MFGZZXR09Z,0.3333333333333333
x2,0.125,32,4,1GU15S0GJ6PFNARO469W,1MHBF3G6DCPWHSKG7XCP,0.3333333333333333
x2,0.125,32,4,1GU15S0GJ6PFNARO469W,23X6SY44VT9KFHR7S7OC,0.14285714285714285
x2,0.125,32,4,1GU15S0GJ6PFNARO469W,2XL5HSFSE93RMOJDRGR4,0.3333333333333333
x2,0.125,32,4,1GU15S0GJ6PFNARO469W,38CWS74285MFGZZXR09Z,0.6
x2,0.125,32,4,1MHBF3G6DCPWHSKG7XCP,23X6SY44VT9KFHR7S7OC,0.6
x2,0.125,32,4,1MHBF3G6DCPWHSKG7XCP,2XL5HSFSE93RMOJDRGR4,0.3333333333333333
x2,0.125,32,4,1MHBF3G6DCPWHSKG7XCP,38CWS74285MFGZZXR09Z,0.3333333333333333
x2,0.125,32,4,23X6SY44VT9KFHR7S7OC,2XL5HSFSE93RMOJDRGR4,0.14285714285714285
x2,0.125,32,4,23X6SY44VT9KFHR7S7OC,38CWS74285MFGZZXR09Z,0.3333333333333333
x2,0.125,32,4,2XL5HSFSE93RMOJDRGR4,38CWS74285MFGZZXR09Z,0.3333333333333333
x2,0.25,32,8,06SR5RBREL16DQ6M8LWS,0RZDK210BSMWAA6467LU,0.6
x2,0.25,32,8,06SR5RBREL16DQ6M8LWS,1D7CUD1955YZPGK8XHJX,0.3333333333333333
x2,0.25,32,8,06SR5RBREL16DQ6M8LWS,1GU15S0GJ6PFNARO469W,0.7777777777777778
x2,0.25,32,8,06SR5RBREL16DQ6M8LWS,1MHBF3G6DCPWHSKG7XCP,0.3333333333333333
x2,0.25,32,8,06SR5RBREL16DQ6M8LWS,23X6SY44VT9KFHR7S7OC,0.45454545454545453
x2,0.25,32,8,06SR5RBREL16DQ6M8LWS,2XL5HSFSE93RMOJDRGR4,0.23076923076923078
x2,0.25,32,8,06SR5RBREL16DQ6M8LWS,38CWS74285MFGZZXR09Z,0.3333333333333333
x2,0.25,32,8,0RZDK210BSMWAA6467LU,1D7CUD1955YZPGK8XHJX,0.6
x2,0.25,32,8,0RZDK210BSMWAA6467LU,1GU15S0GJ6PFNARO469W,0.7777777777777778
x2,0.25,32,8,0RZDK210BSMWAA6467LU,1MHBF3G6DCPWHSKG7XCP,0.6
x2,0.25,32,8,0RZDK210BSMWAA6467LU,23X6SY44VT9KFHR7S7OC,0.6
x2,0.25,32,8,0RZDK210BSMWAA6467LU,2XL5HSFSE93RMOJDRGR4,0.45454545454545453
x2,0.25,32,8,0RZDK210BSMWAA6467LU,38CWS74285MFGZZXR09Z,0.45454545454545453
x2,0.25,32,8,1D7CUD1955YZPGK8XHJX,1GU15S0GJ6PFNARO469W,0.45454545454545453
x2,0.25,32,8,1D7CUD1955YZPGK8XHJX,1MHBF3G6DCPWHSKG7XCP,0.6
x2,0.25,32,8,1D7CUD1955YZPGK8XHJX,23X6SY44VT9KFHR7S7OC,0.3333333333333333
x2,0.25,32,8,1D7CUD1955YZPGK8XHJX,2XL5HSFSE93RMOJDRGR4,0.45454545454545453
x2,0.25,32,8,1D7CUD1955YZPGK8XHJX,38CWS74285MFGZZXR09Z,0.3333333333333333
x2,0.25,32,8,1GU15S0GJ6PFNARO469W,1MHBF3G6DCPWHSKG7XCP,0.45454545454545453
x2,0.25,32,8,1GU15S0GJ6PFNARO469W,23X6SY44VT9KFHR7S7OC,0.45454545454545453
x2,0.25,32,8,1GU15S0GJ6PFNARO469W,2XL5HSFSE93RMOJDRGR4,0.3333333333333333
x2,0.25,32,8,1GU15S0GJ6PFNARO469W,38CWS74285MFGZZXR09Z,0.3333333333333333
x2,0.25,32,8,1MHBF3G6DCPWHSKG7XCP,23X6SY44VT9KFHR7S7OC,0.3333333333333333
x2,0.25,32,8,1MHBF3G6DCPWHSKG7XCP,2XL5HSFSE93RMOJDRGR4,0.6
x2,0.25,32,8,1MHBF3G6DCPWHSKG7XCP,38CWS74285MFGZZXR09Z,0.23076923076923078
x2,0.25,32,8,23X6SY44VT9KFHR7S7OC,2XL5HSFSE93RMOJDRGR4,0.23076923076923078
x2,0.25,32,8,23X6SY44VT9KFHR7S7OC,38CWS74285MFGZZXR09Z,0.6
x2,0.25,32,8,2XL5HSFSE93RMOJDRGR4,38CWS74285MFGZZXR09Z,0.23076923076923078
x3,0.125,64,8,06SR5RBREL16DQ6M8LWS,0RZDK210BSMWAA6467LU,0.6
x3,0.125,64,8,06SR5RBREL16DQ6M8LWS,1D7CUD1955YZPGK8XHJX,0.45454545454545453
x3,0.125,64,8,06SR5RBREL16DQ6M8LWS,1GU15S0GJ6PFNARO469W,1.0
x3,0.125,64,8,06SR5RBREL16DQ6M8LWS,1MHBF3G6DCPWHSKG7XCP,0.7777777777777778
x3,0.125,64,8,06SR5RBREL16DQ6M8LWS,23X6SY44VT9KFHR7S7OC,0.6
x3,0.125,64,8,06SR5RBREL16DQ6M8LWS,2XL5HSFSE93RMOJDRGR4,0.7777777777777778
x3,0.125,64,8,06SR5RBREL16DQ6M8LWS,38CWS74285MFGZZXR09Z,0.45454545454545453
x3,0.125,64,8,0RZDK210BSMWAA6467LU,1D7CUD1955YZPGK8XHJX,0.45454545454545453
x3,0.125,64,8,0RZDK210BSMWAA6467LU,1GU15S0GJ6PFNARO469W,0.6
x3,0.125,64,8,0RZDK210BSMWAA6467LU,1MHBF3G6DCPWHSKG7XCP,0.6
x3,0.125,64,8,0RZDK210BSMWAA6467LU,23X6SY44VT9KFHR7S7OC,0.7777777777777778
x3,0.125,64,8,0RZDK210BSMWAA6467LU,2XL5HSFSE93RMOJDRGR4,0.45454545454545453
x3,0.125,64,8,0RZDK210BSMWAA6467LU,38CWS74285MFGZZXR09Z,0.6
x3,0.125,64,8,1D7CUD1955YZPGK8XHJX,1GU15S0GJ6PFNARO469W,0.45454545454545453
x3,0.125,64,8,1D7CUD1955YZPGK8XHJX,1MHBF3G6DCPWHSKG7XCP,0.45454545454545453
x3,0.125,64,8,1D7CUD1955YZPGK8XHJX,23X6SY44VT9KFHR7S7OC,0.3333333333333333
x3,0.125,64,8,1D7CUD1955YZPGK8XHJX,2XL5HSFSE93RMOJDRGR4,0.45454545454545453
x3,0.125,64,8,1D7CUD1955YZPGK8XHJX,38CWS74285MFGZZXR09Z,0.45454545454545453
x3,0.125,64,8,1GU15S0GJ6PFNARO469W,1MHBF3G6DCPWHSKG7XCP,0.7777777777777778
x3,0.125,64,8,1GU15S0GJ6PFNARO469W,23X6SY44VT9KFHR7S7OC,0.6
x3,0.125,64,8,1GU15S0GJ6PFNARO469W,2XL5HSFSE93RMOJDRGR4,0.7777777777777778
x3,0.125,64,8,1GU15S0GJ6PFNARO469W,38CWS74285MFGZZXR09Z,0.45454545454545453
x3,0.125,64,8,1MHBF3G6DCPWHSKG7XCP,23X6SY44VT9KFHR7S7OC,0.6
x3,0.125,64,8,1MHBF3G6DCPWHSKG7XCP,2XL5HSFSE93RMOJDRGR4,0.6
x3,0.125,64,8,1MHBF3G6DCPWHSKG7XCP,38CWS74285MFGZZXR09Z,0.6
x3,0.125,64,8,23X6SY44VT9KFHR7S7OC,2XL5HSFSE93RMOJDRGR4,0.45454545454545453
x3,0.125,64,8,23X6SY44VT9KFHR7S7OC,38CWS74285MFGZZXR09Z,0.6
x3,0.125,64,8,2XL5HSFSE93RMOJDRGR4,38CWS74285MFGZZXR09Z,0.45454545454545453
x3,0.25,64,16,06SR5RBREL16DQ6M8LWS,0RZDK210BSMWAA6467LU,0.5238095238095238
x3,0.25,64,16,06SR5RBREL16DQ6M8LWS,1D7CUD1955YZPGK8XHJX,0.5238095238095238
x3,0.25,64,16,06SR5RBREL16DQ6M8LWS,1GU15S0GJ6PFNARO469W,0.7777777777777778
x3,0.25,64,16,06SR5RBREL16DQ6M8LWS,1MHBF3G6DCPWHSKG7XCP,0.5238095238095238
x3,0.25,64,16,06SR5RBREL16DQ6M8LWS,23X6SY44VT9KFHR7S7OC,0.391304347826087
x3,0.25,64,16,06SR5RBREL16DQ6M8LWS,2XL5HSFSE93RMOJDRGR4,0.5238095238095238
x3,0.25,64,16,06SR5RBREL16DQ6M8LWS,38CWS74285MFGZZXR09Z,0.5238095238095238
x3,0.25,64,16,0RZDK210BSMWAA6467LU,1D7CUD1955YZPGK8XHJX,0.5238095238095238
x3,0.25,64,16,0RZDK210BSMWAA6467LU,1GU15S0GJ6PFNARO469W,0.45454545454545453
x3,0.25,64,16,0RZDK210BSMWAA6467LU,1MHBF3G6DCPWHSKG7XCP,0.6
x3,0.25,64,16,0RZDK210BSMWAA6467LU,23X6SY44VT9KFHR7S7OC,0.6842105263157895
x3,0.25,64,16,0RZDK210BSMWAA6467LU,2XL5HSFSE93RMOJDRGR4,0.5238095238095238
x3,0.25,64,16,0RZDK210BSMWAA6467LU,38CWS74285MFGZZXR09Z,0.5238095238095238
x3,0.25,64,16,1D7CUD1955YZPGK8XHJX,1GU15S0GJ6PFNARO469W,0.5238095238095238
x3,0.25,64,16,1D7CUD1955YZPGK8XHJX,1MHBF3G6DCPWHSKG7XCP,0.6842105263157895
x3,0.25,64,16,1D7CUD1955YZPGK8XHJX,23X6SY44VT9KFHR7S7OC,0.6
x3,0.25,64,16,1D7CUD1955YZPGK8XHJX,2XL5HSFSE93RMOJDRGR4,0.6
x3,0.25,64,16,1D7CUD1955YZPGK8XHJX,38CWS74285MFGZZXR09Z,0.6
x3,0.25,64,16,1GU15S0GJ6PFNARO469W,1MHBF3G6DCPWHSKG7XCP,0.45454545454545453
x3,0.25,64,16,1GU15S0GJ6PFNARO469W,23X6SY44VT9KFHR7S7OC,0.391304347826087
x3,0.25,64,16,1GU15S0GJ6PFNARO469W,2XL5HSFSE93RMOJDRGR4,0.6842105263157895
x3,0.25,64,16,1GU15S0GJ6PFNARO469W,38CWS74285MFGZZXR09Z,0.5238095238095238
x3,0.25,64,16,1MHBF3G6DCPWHSKG7XCP,23X6SY44VT9KFHR7S7OC,0.5238095238095238
x3,0.25,64,16,1MHBF3G6DCPWHSKG7XCP,2XL5HSFSE93RMOJDRGR4,0.6
x3,0.25,64,16,1MHBF3G6DCPWHSKG7XCP,38CWS74285MFGZZXR09Z,0.5238095238095238
x3,0.25,64,16,23X6SY44VT9KFHR7S7OC,2XL5HSFSE93RMOJDRGR4,0.45454545454545453
x3,0.25,64,16,23X6SY44VT9KFHR7S7OC,38CWS74285MFGZZXR09Z,0.6
x3,0.25,64,16,2XL5HSFSE93RMOJDRGR4,38CWS74285MFGZZXR09Z,0.5238095238095238
x4,0.125,128,16,06SR5RBREL16DQ6M8LWS,0RZDK210BSMWAA6467LU,0.45454545454545453
x4,0.125,128,16,06SR5RBREL16DQ6M8LWS,1D7CUD1955YZPGK8XHJX,0.391304347826087
x4,0.125,128,16,06SR5RBREL16DQ6M8LWS,1GU15S0GJ6PFNARO469W,0.7777777777777778
x4,0.125,128,16,06SR5RBREL16DQ6M8LWS,1MHBF3G6DCPWHSKG7XCP,0.45454545454545453
x4,0.125,128,16,06SR5RBREL16DQ6M8LWS,23X6SY44VT9KFHR7S7OC,0.5238095238095238
x4,0.125,128,16,06SR5RBREL16DQ6M8LWS,2XL5HSFSE93RMOJDRGR4,0.6
x4,0.125,128,16,06SR5RBREL16DQ6M8LWS,38CWS74285MFGZZXR09Z,0.6
x4,0.125,128,16,0RZDK210BSMWAA6467LU,1D7CUD1955YZPGK8XHJX,0.391304347826087
x4,0.125,128,16,0RZDK210BSMWAA6467LU,1GU15S0GJ6PFNARO469W,0.5238095238095238
x4,0.125,128,16,0RZDK210BSMWAA6467LU,1MHBF3G6DCPWHSKG7XCP,0.6
x4,0.125,128,16,0RZDK210BSMWAA6467LU,23X6SY44VT9KFHR7S7OC,0.5238095238095238
x4,0.125,128,16,0RZDK210BSMWAA6467LU,2XL5HSFSE93RMOJDRGR4,0.45454545454545453
x4,0.125,128,16,0RZDK210BSMWAA6467LU,38CWS74285MFGZZXR09Z,0.45454545454545453
x4,0.125,128,16,1D7CUD1955YZPGK8XHJX,1GU15S0GJ6PFNARO469W,0.391304347826087
x4,0.125,128,16,1D7CUD1955YZPGK8XHJX,1MHBF3G6DCPWHSKG7XCP,0.3333333333333333
x4,0.125,128,16,1D7CUD1955YZPGK8XHJX,23X6SY44VT9KFHR7S7OC,0.391304347826087
x4,0.125,128,16,1D7CUD1955YZPGK8XHJX,2XL5HSFSE93RMOJDRGR4,0.5238095238095238
x4,0.125,128,16,1D7CUD1955YZPGK8XHJX,38CWS74285MFGZZXR09Z,0.45454545454545453
x4,0.125,128,16,1GU15S0GJ6PFNARO469W,1MHBF3G6DCPWHSKG7XCP,0.5238095238095238
x4,0.125,128,16,1GU15S0GJ6PFNARO469W,23X6SY44VT9KFHR7S7OC,0.5238095238095238
x4,0.125,128,16,1GU15S0GJ6PFNARO469W,2XL5HSFSE93RMOJDRGR4,0.6
x4,0.125,128,16,1GU15S0GJ6PFNARO469W,38CWS74285MFGZZXR09Z,0.6842105263157895
x4,0.125,128,16,1MHBF3G6DCPWHSKG7XCP,23X6SY44VT9KFHR7S7OC,0.5238095238095238
x4,0.125,128,16,1MHBF3G6DCPWHSKG7XCP,2XL5HSFSE93RMOJDRGR4,0.45454545454545453
x4,0.125,128,16,1MHBF3G6DCPWHSKG7XCP,38CWS74285MFGZZXR09Z,0.391304347826087
x4,0.125,128,16,23X6SY44VT9KFHR7S7OC,2XL5HSFSE93RMOJDRGR4,0.6
x4,0.125,128,16,23X6SY44VT9KFHR7S7OC,38CWS74285MFGZZXR09Z,0.5238095238095238
x4,0.125,128,16,2XL5HSFSE93RMOJDRGR4,38CWS74285MFGZZXR09Z,0.6
x4,0.25,128,32,06SR5RBREL16DQ6M8LWS,0RZDK210BSMWAA6467LU,0.4883720930232558
x4,0.25,128,32,06SR5RBREL16DQ6M8LWS,1D7CUD1955YZPGK8XHJX,0.30612244897959184
x4,0.25,128,32,06SR5RBREL16DQ6M8LWS,1GU15S0GJ6PFNARO469W,0.8285714285714286
x4,0.25,128,32,06SR5RBREL16DQ6M8LWS,1MHBF3G6DCPWHSKG7XCP,0.5609756097560976
x4,0.25,128,32,06SR5RBREL16DQ6M8LWS,23X6SY44VT9KFHR7S7OC,0.6
x4,0.25,128,32,06SR5RBREL16DQ6M8LWS,2XL5HSFSE93RMOJDRGR4,0.6
x4,0.25,128,32,06SR5RBREL16DQ6M8LWS,38CWS74285MFGZZXR09Z,0.4883720930232558
x4,0.25,128,32,0RZDK210BSMWAA6467LU,1D7CUD1955YZPGK8XHJX,0.5609756097560976
x4,0.25,128,32,0RZDK210BSMWAA6467LU,1GU15S0GJ6PFNARO469W,0.4222222222222222
x4,0.25,128,32,0RZDK210BSMWAA6467LU,1MHBF3G6DCPWHSKG7XCP,0.5609756097560976
x4,0.25,128,32,0RZDK210BSMWAA6467LU,23X6SY44VT9KFHR7S7OC,0.5238095238095238
x4,0.25,128,32,0RZDK210BSMWAA6467LU,2XL5HSFSE93RMOJDRGR4,0.4883720930232558
x4,0.25,128,32,0RZDK210BSMWAA6467LU,38CWS74285MFGZZXR09Z,0.5609756097560976
x4,0.25,128,32,1D7CUD1955YZPGK8XHJX,1GU15S0GJ6PFNARO469W,0.28
x4,0.25,128,32,1D7CUD1955YZPGK8XHJX,1MHBF3G6DCPWHSKG7XCP,0.4883720930232558
x4,0.25,128,32,1D7CUD1955YZPGK8XHJX,23X6SY44VT9KFHR7S7OC,0.4222222222222222
x4,0.25,128,32,1D7CUD1955YZPGK8XHJX,2XL5HSFSE93RMOJDRGR4,0.391304347826087
x4,0.25,128,32,1D7CUD1955YZPGK8XHJX,38CWS74285MFGZZXR09Z,0.5238095238095238
x4,0.25,128,32,1GU15S0GJ6PFNARO469W,1MHBF3G6DCPWHSKG7XCP,0.5609756097560976
x4,0.25,128,32,1GU15S0GJ6PFNARO469W,23X6SY44VT9KFHR7S7OC,0.5609756097560976
x4,0.25,128,32,1GU15S0GJ6PFNARO469W,2XL5HSFSE93RMOJDRGR4,0.5238095238095238
x4,0.25,128,32,1GU15S0GJ6PFNARO469W,38CWS74285MFGZZXR09Z,0.45454545454545453
x4,0.25,128,32,1MHBF3G6DCPWHSKG7XCP,23X6SY44VT9KFHR7S7OC,0.6410256410256411
x4,0.25,128,32,1MHBF3G6DCPWHSKG7XCP,2XL5HSFSE93RMOJDRGR4,0.5238095238095238
x4,0.25,128,32,1MHBF3G6DCPWHSKG7XCP,38CWS74285MFGZZXR09Z,0.6
x4,0.25,128,32,23X6SY44VT9KFHR7S7OC,2XL5HSFSE93RMOJDRGR4,0.5238095238095238
x4,0.25,128,32,23X6SY44VT9KFHR7S7OC,38CWS74285MFGZZXR09Z,0.5609756097560976
x4,0.25,128,32,2XL5HSFSE93RMOJDRGR4,38CWS74285MFGZZXR09Z,0.5609756097560976
