case_id,patch_id,augmentation,layer,status,reason,foreground_voxels,feature_shape,band_in_voxels,band_out_voxels
06SR5RBREL16DQ6M8LWS,1,identity,x2,valid,,,"(1, 32, 56, 56, 40)",6111,7339
06SR5RBREL16DQ6M8LWS,1,identity,x3,valid,,,"(1, 64, 28, 28, 20)",1345,1876
06SR5RBREL16DQ6M8LWS,1,identity,x4,valid,,,"(1, 128, 14, 14, 10)",249,490
06SR5RBREL16DQ6M8LWS,1,flip_axis0,x2,valid,,,"(1, 32, 56, 56, 40)",6085,7319
06SR5RBREL16DQ6M8LWS,1,flip_axis0,x3,valid,,,"(1, 64, 28, 28, 20)",1322,1865
06SR5RBREL16DQ6M8LWS,1,flip_axis0,x4,valid,,,"(1, 128, 14, 14, 10)",240,491
06SR5RBREL16DQ6M8LWS,1,flip_axis1,x2,valid,,,"(1, 32, 56, 56, 40)",6110,7316
06SR5RBREL16DQ6M8LWS,1,flip_axis1,x3,valid,,,"(1, 64, 28, 28, 20)",1335,1890
06SR5RBREL16DQ6M8LWS,1,flip_axis1,x4,valid,,,"(1, 128, 14, 14, 10)",252,491
06SR5RBREL16DQ6M8LWS,1,rot90_axes01,x2,valid,,,"(1, 32, 56, 56, 40)",6110,7316
06SR5RBREL16DQ6M8LWS,1,rot90_axes01,x3,valid,,,"(1, 64, 28, 28, 20)",1335,1890
06SR5RBREL16DQ6M8LWS,1,rot90_axes01,x4,valid,,,"(1, 128, 14, 14, 10)",252,491
06SR5RBREL16DQ6M8LWS,2,identity,x2,valid,,,"(1, 32, 56, 56, 40)",5843,7128
06SR5RBREL16DQ6M8LWS,2,identity,x3,valid,,,"(1, 64, 28, 28, 20)",1285,1917
06SR5RBREL16DQ6M8LWS,2,identity,x4,valid,,,"(1, 128, 14, 14, 10)",243,492
06SR5RBREL16DQ6M8LWS,2,flip_axis0,x2,valid,,,"(1, 32, 56, 56, 40)",5824,7107
06SR5RBREL16DQ6M8LWS,2,flip_axis0,x3,valid,,,"(1, 64, 28, 28, 20)",1256,1860
06SR5RBREL16DQ6M8LWS,2,flip_axis0,x4,valid,,,"(1, 128, 14, 14, 10)",233,486
06SR5RBREL16DQ6M8LWS,2,flip_axis1,x2,valid,,,"(1, 32, 56, 56, 40)",5873,7154
06SR5RBREL16DQ6M8LWS,2,flip_axis1,x3,valid,,,"(1, 64, 28, 28, 20)",1284,1909
06SR5RBREL16DQ6M8LWS,2,flip_axis1,x4,valid,,,"(1, 128, 14, 14, 10)",244,488
06SR5RBREL16DQ6M8LWS,2,rot90_axes01,x2,valid,,,"(1, 32, 56, 56, 40)",5873,7154
06SR5RBREL16DQ6M8LWS,2,rot90_axes01,x3,valid,,,"(1, 64, 28, 28, 20)",1284,1909
06SR5RBREL16DQ6M8LWS,2,rot90_axes01,x4,valid,,,"(1, 128, 14, 14, 10)",244,488
06SR5RBREL16DQ6M8LWS,3,identity,x2,valid,,,"(1, 32, 56, 56, 40)",5519,6588
06SR5RBREL16DQ6M8LWS,3,identity,x3,valid,,,"(1, 64, 28, 28, 20)",1184,1672
06SR5RBREL16DQ6M8LWS,3,identity,x4,valid,,,"(1, 128, 14, 14, 10)",217,437
06SR5RBREL16DQ6M8LWS,3,flip_axis0,x2,valid,,,"(1, 32, 56, 56, 40)",5604,6683
06SR5RBREL16DQ6M8LWS,3,flip_axis0,x3,valid,,,"(1, 64, 28, 28, 20)",1239,1754
06SR5RBREL16DQ6M8LWS,3,flip_axis0,x4,valid,,,"(1, 128, 14, 14, 10)",237,463
06SR5RBREL16DQ6M8LWS,3,flip_axis1,x2,valid,,,"(1, 32, 56, 56, 40)",5540,6629
06SR5RBREL16DQ6M8LWS,3,flip_axis1,x3,valid,,,"(1, 64, 28, 28, 20)",1186,1680
06SR5RBREL16DQ6M8LWS,3,flip_axis1,x4,valid,,,"(1, 128, 14, 14, 10)",214,434
06SR5RBREL16DQ6M8LWS,3,rot90_axes01,x2,valid,,,"(1, 32, 56, 56, 40)",5540,6629
06SR5RBREL16DQ6M8LWS,3,rot90_axes01,x3,valid,,,"(1, 64, 28, 28, 20)",1186,1680
06SR5RBREL16DQ6M8LWS,3,rot90_axes01,x4,valid,,,"(1, 128, 14, 14, 10)",214,434
0RZDK210BSMWAA6467LU,1,identity,x2,valid,,,"(1, 32, 56, 56, 40)",7919,8843
0RZDK210BSMWAA6467LU,1,identity,x3,valid,,,"(1, 64, 28, 28, 20)",1786,2210
0RZDK210BSMWAA6467LU,1,identity,x4,valid,,,"(1, 128, 14, 14, 10)",369,561
0RZDK210BSMWAA6467LU,1,flip_axis0,x2,valid,,,"(1, 32, 56, 56, 40)",7934,8878
0RZDK210BSMWAA6467LU,1,flip_axis0,x3,valid,,,"(1, 64, 28, 28, 20)",1791,2246
0RZDK210BSMWAA6467LU,1,flip_axis0,x4,valid,,,"(1, 128, 14, 14, 10)",367,582
0RZDK210BSMWAA6467LU,1,flip_axis1,x2,valid,,,"(1, 32, 56, 56, 40)",7913,8840
0RZDK210BSMWAA6467LU,1,flip_axis1,x3,valid,,,"(1, 64, 28, 28, 20)",1789,2204
0RZDK210BSMWAA6467LU,1,flip_axis1,x4,valid,,,"(1, 128, 14, 14, 10)",358,558
0RZDK210BSMWAA6467LU,1,rot90_axes01,x2,valid,,,"(1, 32, 56, 56, 40)",7913,8840
0RZDK210BSMWAA6467LU,1,rot90_axes01,x3,valid,,,"(1, 64, 28, 28, 20)",1789,2204
0RZDK210BSMWAA6467LU,1,rot90_axes01,x4,valid,,,"(1, 128, 14, 14, 10)",358,558
0RZDK210BSMWAA6467LU,2,identity,x2,valid,,,"(1, 32, 56, 56, 40)",6248,7126
0RZDK210BSMWAA6467LU,2,identity,x3,valid,,,"(1, 64, 28, 28, 20)",1379,1836
0RZDK210BSMWAA6467LU,2,identity,x4,valid,,,"(1, 128, 14, 14, 10)",283,482
0RZDK210BSMWAA6467LU,2,flip_axis0,x2,valid,,,"(1, 32, 56, 56, 40)",6319,7182
0RZDK210BSMWAA6467LU,2,flip_axis0,x3,valid,,,"(1, 64, 28, 28, 20)",1435,1877
0RZDK210BSMWAA6467LU,2,flip_axis0,x4,valid,,,"(1, 128, 14, 14, 10)",305,498
0RZDK210BSMWAA6467LU,2,flip_axis1,x2,valid,,,"(1, 32, 56, 56, 40)",6237,7095
0RZDK210BSMWAA6467LU,2,flip_axis1,x3,valid,,,"(1, 64, 28, 28, 20)",1400,1844
0RZDK210BSMWAA6467LU,2,flip_axis1,x4,valid,,,"(1, 128, 14, 14, 10)",281,489
0RZDK210BSMWAA6467LU,2,rot90_axes01,x2,valid,,,"(1, 32, 56, 56, 40)",6237,7095
0RZDK210BSMWAA6467LU,2,rot90_axes01,x3,valid,,,"(1, 64, 28, 28, 20)",1400,1844
0RZDK210BSMWAA6467LU,2,rot90_axes01,x4,valid,,,"(1, 128, 14, 14, 10)",281,489
0RZDK210BSMWAA6467LU,3,identity,x2,valid,,,"(1, 32, 56, 56, 40)",7833,8837
0RZDK210BSMWAA6467LU,3,identity,x3,valid,,,"(1, 64, 28, 28, 20)",1761,2260
0RZDK210BSMWAA6467LU,3,identity,x4,valid,,,"(1, 128, 14, 14, 10)",344,565
0RZDK210BSMWAA6467LU,3,flip_axis0,x2,valid,,,"(1, 32, 56, 56, 40)",7811,8843
0RZDK210BSMWAA6467LU,3,flip_axis0,x3,valid,,,"(1, 64, 28, 28, 20)",1747,2269
0RZDK210BSMWAA6467LU,3,flip_axis0,x4,valid,,,"(1, 128, 14, 14, 10)",332,572
0RZDK210BSMWAA6467LU,3,flip_axis1,x2,valid,,,"(1, 32, 56, 56, 40)",7784,8766
0RZDK210BSMWAA6467LU,3,flip_axis1,x3,valid,,,"(1, 64, 28, 28, 20)",1732,2173
0RZDK210BSMWAA6467LU,3,flip_axis1,x4,valid,,,"(1, 128, 14, 14, 10)",335,505
0RZDK210BSMWAA6467LU,3,rot90_axes01,x2,valid,,,"(1, 32, 56, 56, 40)",7784,8766
0RZDK210BSMWAA6467LU,3,rot90_axes01,x3,valid,,,"(1, 64, 28, 28, 20)",1732,2173
0RZDK210BSMWAA6467LU,3,rot90_axes01,x4,valid,,,"(1, 128, 14, 14, 10)",335,505
1D7CUD1955YZPGK8XHJX,1,identity,x2,valid,,,"(1, 32, 56, 56, 40)",4786,5540
1D7CUD1955YZPGK8XHJX,1,identity,x3,valid,,,"(1, 64, 28, 28, 20)",1053,1427
1D7CUD1955YZPGK8XHJX,1,identity,x4,valid,,,"(1, 128, 14, 14, 10)",200,335
1D7CUD1955YZPGK8XHJX,1,flip_axis0,x2,valid,,,"(1, 32, 56, 56, 40)",4847,5607
1D7CUD1955YZPGK8XHJX,1,flip_axis0,x3,valid,,,"(1, 64, 28, 28, 20)",1104,1477
1D7CUD1955YZPGK8XHJX,1,flip_axis0,x4,valid,,,"(1, 128, 14, 14, 10)",219,360
1D7CUD1955YZPGK8XHJX,1,flip_axis1,x2,valid,,,"(1, 32, 56, 56, 40)",4805,5560
1D7CUD1955YZPGK8XHJX,1,flip_axis1,x3,valid,,,"(1, 64, 28, 28, 20)",1057,1452
1D7CUD1955YZPGK8XHJX,1,flip_axis1,x4,valid,,,"(1, 128, 14, 14, 10)",198,365
1D7CUD1955YZPGK8XHJX,1,rot90_axes01,x2,valid,,,"(1, 32, 56, 56, 40)",4805,5560
1D7CUD1955YZPGK8XHJX,1,rot90_axes01,x3,valid,,,"(1, 64, 28, 28, 20)",1057,1452
1D7CUD1955YZPGK8XHJX,1,rot90_axes01,x4,valid,,,"(1, 128, 14, 14, 10)",198,365
1D7CUD1955YZPGK8XHJX,2,identity,x2,valid,,,"(1, 32, 56, 56, 40)",4220,5036
1D7CUD1955YZPGK8XHJX,2,identity,x3,valid,,,"(1, 64, 28, 28, 20)",916,1330
1D7CUD1955YZPGK8XHJX,2,identity,x4,valid,,,"(1, 128, 14, 14, 10)",166,359
1D7CUD1955YZPGK8XHJX,2,flip_axis0,x2,valid,,,"(1, 32, 56, 56, 40)",4285,5102
1D7CUD1955YZPGK8XHJX,2,flip_axis0,x3,valid,,,"(1, 64, 28, 28, 20)",964,1371
1D7CUD1955YZPGK8XHJX,2,flip_axis0,x4,valid,,,"(1, 128, 14, 14, 10)",185,373
1D7CUD1955YZPGK8XHJX,2,flip_axis1,x2,valid,,,"(1, 32, 56, 56, 40)",4232,5057
1D7CUD1955YZPGK8XHJX,2,flip_axis1,x3,valid,,,"(1, 64, 28, 28, 20)",925,1348
1D7CUD1955YZPGK8XHJX,2,flip_axis1,x4,valid,,,"(1, 128, 14, 14, 10)",169,370
1D7CUD1955YZPGK8XHJX,2,rot90_axes01,x2,valid,,,"(1, 32, 56, 56, 40)",4232,5057
1D7CUD1955YZPGK8XHJX,2,rot90_axes01,x3,valid,,,"(1, 64, 28, 28, 20)",925,1348
1D7CUD1955YZPGK8XHJX,2,rot90_axes01,x4,valid,,,"(1, 128, 14, 14, 10)",169,370
1D7CUD1955YZPGK8XHJX,3,identity,x2,valid,,,"(1, 32, 56, 56, 40)",6871,8022
1D7CUD1955YZPGK8XHJX,3,identity,x3,valid,,,"(1, 64, 28, 28, 20)",1486,2043
1D7CUD1955YZPGK8XHJX,3,identity,x4,valid,,,"(1, 128, 14, 14, 10)",290,471
1D7CUD1955YZPGK8XHJX,3,flip_axis0,x2,valid,,,"(1, 32, 56, 56, 40)",6813,7945
1D7CUD1955YZPGK8XHJX,3,flip_axis0,x3,valid,,,"(1, 64, 28, 28, 20)",1447,1995
1D7CUD1955YZPGK8XHJX,3,flip_axis0,x4,valid,,,"(1, 128, 14, 14, 10)",269,439
1D7CUD1955YZPGK8XHJX,3,flip_axis1,x2,valid,,,"(1, 32, 56, 56, 40)",6851,8000
1D7CUD1955YZPGK8XHJX,3,flip_axis1,x3,valid,,,"(1, 64, 28, 28, 20)",1481,2026
1D7CUD1955YZPGK8XHJX,3,flip_axis1,x4,valid,,,"(1, 128, 14, 14, 10)",286,469
1D7CUD1955YZPGK8XHJX,3,rot90_axes01,x2,valid,,,"(1, 32, 56, 56, 40)",6851,8000
1D7CUD1955YZPGK8XHJX,3,rot90_axes01,x3,valid,,,"(1, 64, 28, 28, 20)",1481,2026
1D7CUD1955YZPGK8XHJX,3,rot90_axes01,x4,valid,,,"(1, 128, 14, 14, 10)",286,469
1GU15S0GJ6PFNARO469W,1,identity,x2,valid,,,"(1, 32, 56, 56, 40)",5131,6251
1GU15S0GJ6PFNARO469W,1,identity,x3,valid,,,"(1, 64, 28, 28, 20)",1143,1682
1GU15S0GJ6PFNARO469W,1,identity,x4,valid,,,"(1, 128, 14, 14, 10)",225,464
1GU15S0GJ6PFNARO469W,1,flip_axis0,x2,valid,,,"(1, 32, 56, 56, 40)",5098,6201
1GU15S0GJ6PFNARO469W,1,flip_axis0,x3,valid,,,"(1, 64, 28, 28, 20)",1130,1656
1GU15S0GJ6PFNARO469W,1,flip_axis0,x4,valid,,,"(1, 128, 14, 14, 10)",217,453
1GU15S0GJ6PFNARO469W,1,flip_axis1,x2,valid,,,"(1, 32, 56, 56, 40)",5135,6250
1GU15S0GJ6PFNARO469W,1,flip_axis1,x3,valid,,,"(1, 64, 28, 28, 20)",1142,1677
1GU15S0GJ6PFNARO469W,1,flip_axis1,x4,valid,,,"(1, 128, 14, 14, 10)",215,456
1GU15S0GJ6PFNARO469W,1,rot90_axes01,x2,valid,,,"(1, 32, 56, 56, 40)",5135,6250
1GU15S0GJ6PFNARO469W,1,rot90_axes01,x3,valid,,,"(1, 64, 28, 28, 20)",1142,1677
1GU15S0GJ6PFNARO469W,1,rot90_axes01,x4,valid,,,"(1, 128, 14, 14, 10)",215,456
1GU15S0GJ6PFNARO469W,2,identity,x2,valid,,,"(1, 32, 56, 56, 40)",5138,6247
1GU15S0GJ6PFNARO469W,2,identity,x3,valid,,,"(1, 64, 28, 28, 20)",1123,1662
1GU15S0GJ6PFNARO469W,2,identity,x4,valid,,,"(1, 128, 14, 14, 10)",213,440
1GU15S0GJ6PFNARO469W,2,flip_axis0,x2,valid,,,"(1, 32, 56, 56, 40)",5115,6225
1GU15S0GJ6PFNARO469W,2,flip_axis0,x3,valid,,,"(1, 64, 28, 28, 20)",1104,1645
1GU15S0GJ6PFNARO469W,2,flip_axis0,x4,valid,,,"(1, 128, 14, 14, 10)",201,415
1GU15S0GJ6PFNARO469W,2,flip_axis1,x2,valid,,,"(1, 32, 56, 56, 40)",5145,6245
1GU15S0GJ6PFNARO469W,2,flip_axis1,x3,valid,,,"(1, 64, 28, 28, 20)",1117,1659
1GU15S0GJ6PFNARO469W,2,flip_axis1,x4,valid,,,"(1, 128, 14, 14, 10)",214,443
1GU15S0GJ6PFNARO469W,2,rot90_axes01,x2,valid,,,"(1, 32, 56, 56, 40)",5145,6245
1GU15S0GJ6PFNARO469W,2,rot90_axes01,x3,valid,,,"(1, 64, 28, 28, 20)",1117,1659
1GU15S0GJ6PFNARO469W,2,rot90_axes01,x4,valid,,,"(1, 128, 14, 14, 10)",214,443
1GU15S0GJ6PFNARO469W,3,identity,x2,valid,,,"(1, 32, 56, 56, 40)",5028,6112
1GU15S0GJ6PFNARO469W,3,identity,x3,valid,,,"(1, 64, 28, 28, 20)",1088,1647
1GU15S0GJ6PFNARO469W,3,identity,x4,valid,,,"(1, 128, 14, 14, 10)",216,441
1GU15S0GJ6PFNARO469W,3,flip_axis0,x2,valid,,,"(1, 32, 56, 56, 40)",5000,6091
1GU15S0GJ6PFNARO469W,3,flip_axis0,x3,valid,,,"(1, 64, 28, 28, 20)",1061,1612
1GU15S0GJ6PFNARO469W,3,flip_axis0,x4,valid,,,"(1, 128, 14, 14, 10)",205,415
1GU15S0GJ6PFNARO469W,3,flip_axis1,x2,valid,,,"(1, 32, 56, 56, 40)",5030,6125
1GU15S0GJ6PFNARO469W,3,flip_axis1,x3,valid,,,"(1, 64, 28, 28, 20)",1087,1637
1GU15S0GJ6PFNARO469W,3,flip_axis1,x4,valid,,,"(1, 128, 14, 14, 10)",216,436
1GU15S0GJ6PFNARO469W,3,rot90_axes01,x2,valid,,,"(1, 32, 56, 56, 40)",5030,6125
1GU15S0GJ6PFNARO469W,3,rot90_axes01,x3,valid,,,"(1, 64, 28, 28, 20)",1087,1637
1GU15S0GJ6PFNARO469W,3,rot90_axes01,x4,valid,,,"(1, 128, 14, 14, 10)",216,436
1MHBF3G6DCPWHSKG7XCP,1,identity,x2,valid,,,"(1, 32, 56, 56, 40)",5950,7110
1MHBF3G6DCPWHSKG7XCP,1,identity,x3,valid,,,"(1, 64, 28, 28, 20)",1292,1846
1MHBF3G6DCPWHSKG7XCP,1,identity,x4,valid,,,"(1, 128, 14, 14, 10)",235,474
1MHBF3G6DCPWHSKG7XCP,1,flip_axis0,x2,valid,,,"(1, 32, 56, 56, 40)",5929,7099
1MHBF3G6DCPWHSKG7XCP,1,flip_axis0,x3,valid,,,"(1, 64, 28, 28, 20)",1282,1849
1MHBF3G6DCPWHSKG7XCP,1,flip_axis0,x4,valid,,,"(1, 128, 14, 14, 10)",231,483
1MHBF3G6DCPWHSKG7XCP,1,flip_axis1,x2,valid,,,"(1, 32, 56, 56, 40)",5923,7079
1MHBF3G6DCPWHSKG7XCP,1,flip_axis1,x3,valid,,,"(1, 64, 28, 28, 20)",1304,1858
1MHBF3G6DCPWHSKG7XCP,1,flip_axis1,x4,valid,,,"(1, 128, 14, 14, 10)",232,453
1MHBF3G6DCPWHSKG7XCP,1,rot90_axes01,x2,valid,,,"(1, 32, 56, 56, 40)",5923,7079
1MHBF3G6DCPWHSKG7XCP,1,rot90_axes01,x3,valid,,,"(1, 64, 28, 28, 20)",1304,1858
1MHBF3G6DCPWHSKG7XCP,1,rot90_axes01,x4,valid,,,"(1, 128, 14, 14, 10)",232,453
1MHBF3G6DCPWHSKG7XCP,2,identity,x2,valid,,,"(1, 32, 56, 56, 40)",5562,6770
1MHBF3G6DCPWHSKG7XCP,2,identity,x3,valid,,,"(1, 64, 28, 28, 20)",1192,1740
1MHBF3G6DCPWHSKG7XCP,2,identity,x4,valid,,,"(1, 128, 14, 14, 10)",228,463
1MHBF3G6DCPWHSKG7XCP,2,flip_axis0,x2,valid,,,"(1, 32, 56, 56, 40)",5520,6708
1MHBF3G6DCPWHSKG7XCP,2,flip_axis0,x3,valid,,,"(1, 64, 28, 28, 20)",1179,1712
1MHBF3G6DCPWHSKG7XCP,2,flip_axis0,x4,valid,,,"(1, 128, 14, 14, 10)",224,450
1MHBF3G6DCPWHSKG7XCP,2,flip_axis1,x2,valid,,,"(1, 32, 56, 56, 40)",5596,6802
1MHBF3G6DCPWHSKG7XCP,2,flip_axis1,x3,valid,,,"(1, 64, 28, 28, 20)",1210,1758
1MHBF3G6DCPWHSKG7XCP,2,flip_axis1,x4,valid,,,"(1, 128, 14, 14, 10)",232,464
1MHBF3G6DCPWHSKG7XCP,2,rot90_axes01,x2,valid,,,"(1, 32, 56, 56, 40)",5596,6802
1MHBF3G6DCPWHSKG7XCP,2,rot90_axes01,x3,valid,,,"(1, 64, 28, 28, 20)",1210,1758
1MHBF3G6DCPWHSKG7XCP,2,rot90_axes01,x4,valid,,,"(1, 128, 14, 14, 10)",232,464
1MHBF3G6DCPWHSKG7XCP,3,identity,x2,valid,,,"(1, 32, 56, 56, 40)",5923,7079
1MHBF3G6DCPWHSKG7XCP,3,identity,x3,valid,,,"(1, 64, 28, 28, 20)",1281,1850
1MHBF3G6DCPWHSKG7XCP,3,identity,x4,valid,,,"(1, 128, 14, 14, 10)",253,471
1MHBF3G6DCPWHSKG7XCP,3,flip_axis0,x2,valid,,,"(1, 32, 56, 56, 40)",5901,7071
1MHBF3G6DCPWHSKG7XCP,3,flip_axis0,x3,valid,,,"(1, 64, 28, 28, 20)",1284,1861
1MHBF3G6DCPWHSKG7XCP,3,flip_axis0,x4,valid,,,"(1, 128, 14, 14, 10)",249,480
1MHBF3G6DCPWHSKG7XCP,3,flip_axis1,x2,valid,,,"(1, 32, 56, 56, 40)",5950,7110
1MHBF3G6DCPWHSKG7XCP,3,flip_axis1,x3,valid,,,"(1, 64, 28, 28, 20)",1289,1859
1MHBF3G6DCPWHSKG7XCP,3,flip_axis1,x4,valid,,,"(1, 128, 14, 14, 10)",251,477
1MHBF3G6DCPWHSKG7XCP,3,rot90_axes01,x2,valid,,,"(1, 32, 56, 56, 40)",5950,7110
1MHBF3G6DCPWHSKG7XCP,3,rot90_axes01,x3,valid,,,"(1, 64, 28, 28, 20)",1289,1859
1MHBF3G6DCPWHSKG7XCP,3,rot90_axes01,x4,valid,,,"(1, 128, 14, 14, 10)",251,477
23X6SY44VT9KFHR7S7OC,1,identity,x2,valid,,,"(1, 32, 56, 56, 40)",6360,7345
23X6SY44VT9KFHR7S7OC,1,identity,x3,valid,,,"(1, 64, 28, 28, 20)",1421,1917
23X6SY44VT9KFHR7S7OC,1,identity,x4,valid,,,"(1, 128, 14, 14, 10)",295,501
23X6SY44VT9KFHR7S7OC,1,flip_axis0,x2,valid,,,"(1, 32, 56, 56, 40)",6327,7325
23X6SY44VT9KFHR7S7OC,1,flip_axis0,x3,valid,,,"(1, 64, 28, 28, 20)",1394,1875
23X6SY44VT9KFHR7S7OC,1,flip_axis0,x4,valid,,,"(1, 128, 14, 14, 10)",279,476
23X6SY44VT9KFHR7S7OC,1,flip_axis1,x2,valid,,,"(1, 32, 56, 56, 40)",6406,7404
23X6SY44VT9KFHR7S7OC,1,flip_axis1,x3,valid,,,"(1, 64, 28, 28, 20)",1433,1915
23X6SY44VT9KFHR7S7OC,1,flip_axis1,x4,valid,,,"(1, 128, 14, 14, 10)",292,503
23X6SY44VT9KFHR7S7OC,1,rot90_axes01,x2,valid,,,"(1, 32, 56, 56, 40)",6406,7404
23X6SY44VT9KFHR7S7OC,1,rot90_axes01,x3,valid,,,"(1, 64, 28, 28, 20)",1433,1915
23X6SY44VT9KFHR7S7OC,1,rot90_axes01,x4,valid,,,"(1, 128, 14, 14, 10)",292,503
23X6SY44VT9KFHR7S7OC,2,identity,x2,valid,,,"(1, 32, 56, 56, 40)",6793,7782
23X6SY44VT9KFHR7S7OC,2,identity,x3,valid,,,"(1, 64, 28, 28, 20)",1516,1966
23X6SY44VT9KFHR7S7OC,2,identity,x4,valid,,,"(1, 128, 14, 14, 10)",304,462
23X6SY44VT9KFHR7S7OC,2,flip_axis0,x2,valid,,,"(1, 32, 56, 56, 40)",6747,7744
23X6SY44VT9KFHR7S7OC,2,flip_axis0,x3,valid,,,"(1, 64, 28, 28, 20)",1493,1957
23X6SY44VT9KFHR7S7OC,2,flip_axis0,x4,valid,,,"(1, 128, 14, 14, 10)",285,461
23X6SY44VT9KFHR7S7OC,2,flip_axis1,x2,valid,,,"(1, 32, 56, 56, 40)",6806,7810
23X6SY44VT9KFHR7S7OC,2,flip_axis1,x3,valid,,,"(1, 64, 28, 28, 20)",1526,1973
23X6SY44VT9KFHR7S7OC,2,flip_axis1,x4,valid,,,"(1, 128, 14, 14, 10)",308,452
23X6SY44VT9KFHR7S7OC,2,rot90_axes01,x2,valid,,,"(1, 32, 56, 56, 40)",6806,7810
23X6SY44VT9KFHR7S7OC,2,rot90_axes01,x3,valid,,,"(1, 64, 28, 28, 20)",1526,1973
23X6SY44VT9KFHR7S7OC,2,rot90_axes01,x4,valid,,,"(1, 128, 14, 14, 10)",308,452
23X6SY44VT9KFHR7S7OC,3,identity,x2,valid,,,"(1, 32, 56, 56, 40)",4563,5394
23X6SY44VT9KFHR7S7OC,3,identity,x3,valid,,,"(1, 64, 28, 28, 20)",992,1389
23X6SY44VT9KFHR7S7OC,3,identity,x4,valid,,,"(1, 128, 14, 14, 10)",192,382
23X6SY44VT9KFHR7S7OC,3,flip_axis0,x2,valid,,,"(1, 32, 56, 56, 40)",4638,5470
23X6SY44VT9KFHR7S7OC,3,flip_axis0,x3,valid,,,"(1, 64, 28, 28, 20)",1050,1464
23X6SY44VT9KFHR7S7OC,3,flip_axis0,x4,valid,,,"(1, 128, 14, 14, 10)",218,419
23X6SY44VT9KFHR7S7OC,3,flip_axis1,x2,valid,,,"(1, 32, 56, 56, 40)",4581,5403
23X6SY44VT9KFHR7S7OC,3,flip_axis1,x3,valid,,,"(1, 64, 28, 28, 20)",1000,1403
23X6SY44VT9KFHR7S7OC,3,flip_axis1,x4,valid,,,"(1, 128, 14, 14, 10)",189,378
23X6SY44VT9KFHR7S7OC,3,rot90_axes01,x2,valid,,,"(1, 32, 56, 56, 40)",4581,5403
23X6SY44VT9KFHR7S7OC,3,rot90_axes01,x3,valid,,,"(1, 64, 28, 28, 20)",1000,1403
23X6SY44VT9KFHR7S7OC,3,rot90_axes01,x4,valid,,,"(1, 128, 14, 14, 10)",189,378
2XL5HSFSE93RMOJDRGR4,1,identity,x2,valid,,,"(1, 32, 56, 56, 40)",4424,5240
2XL5HSFSE93RMOJDRGR4,1,identity,x3,valid,,,"(1, 64, 28, 28, 20)",975,1374
2XL5HSFSE93RMOJDRGR4,1,identity,x4,valid,,,"(1, 128, 14, 14, 10)",180,357
2XL5HSFSE93RMOJDRGR4,1,flip_axis0,x2,valid,,,"(1, 32, 56, 56, 40)",4488,5311
2XL5HSFSE93RMOJDRGR4,1,flip_axis0,x3,valid,,,"(1, 64, 28, 28, 20)",1023,1428
2XL5HSFSE93RMOJDRGR4,1,flip_axis0,x4,valid,,,"(1, 128, 14, 14, 10)",204,389
2XL5HSFSE93RMOJDRGR4,1,flip_axis1,x2,valid,,,"(1, 32, 56, 56, 40)",4394,5251
2XL5HSFSE93RMOJDRGR4,1,flip_axis1,x3,valid,,,"(1, 64, 28, 28, 20)",968,1377
2XL5HSFSE93RMOJDRGR4,1,flip_axis1,x4,valid,,,"(1, 128, 14, 14, 10)",182,357
2XL5HSFSE93RMOJDRGR4,1,rot90_axes01,x2,valid,,,"(1, 32, 56, 56, 40)",4394,5251
2XL5HSFSE93RMOJDRGR4,1,rot90_axes01,x3,valid,,,"(1, 64, 28, 28, 20)",968,1377
2XL5HSFSE93RMOJDRGR4,1,rot90_axes01,x4,valid,,,"(1, 128, 14, 14, 10)",182,357
2XL5HSFSE93RMOJDRGR4,2,identity,x2,valid,,,"(1, 32, 56, 56, 40)",6844,7933
2XL5HSFSE93RMOJDRGR4,2,identity,x3,valid,,,"(1, 64, 28, 28, 20)",1497,1927
2XL5HSFSE93RMOJDRGR4,2,identity,x4,valid,,,"(1, 128, 14, 14, 10)",292,408
2XL5HSFSE93RMOJDRGR4,2,flip_axis0,x2,valid,,,"(1, 32, 56, 56, 40)",6821,7892
2XL5HSFSE93RMOJDRGR4,2,flip_axis0,x3,valid,,,"(1, 64, 28, 28, 20)",1488,1900
2XL5HSFSE93RMOJDRGR4,2,flip_axis0,x4,valid,,,"(1, 128, 14, 14, 10)",282,399
2XL5HSFSE93RMOJDRGR4,2,flip_axis1,x2,valid,,,"(1, 32, 56, 56, 40)",6885,7988
2XL5HSFSE93RMOJDRGR4,2,flip_axis1,x3,valid,,,"(1, 64, 28, 28, 20)",1502,2002
2XL5HSFSE93RMOJDRGR4,2,flip_axis1,x4,valid,,,"(1, 128, 14, 14, 10)",292,471
2XL5HSFSE93RMOJDRGR4,2,rot90_axes01,x2,valid,,,"(1, 32, 56, 56, 40)",6885,7988
2XL5HSFSE93RMOJDRGR4,2,rot90_axes01,x3,valid,,,"(1, 64, 28, 28, 20)",1502,2002
2XL5HSFSE93RMOJDRGR4,2,rot90_axes01,x4,valid,,,"(1, 128, 14, 14, 10)",292,471
2XL5HSFSE93RMOJDRGR4,3,identity,x2,valid,,,"(1, 32, 56, 56, 40)",6507,7677
2XL5HSFSE93RMOJDRGR4,3,identity,x3,valid,,,"(1, 64, 28, 28, 20)",1389,1830
2XL5HSFSE93RMOJDRGR4,3,identity,x4,valid,,,"(1, 128, 14, 14, 10)",276,421
2XL5HSFSE93RMOJDRGR4,3,flip_axis0,x2,valid,,,"(1, 32, 56, 56, 40)",6469,7629
2XL5HSFSE93RMOJDRGR4,3,flip_axis0,x3,valid,,,"(1, 64, 28, 28, 20)",1371,1801
2XL5HSFSE93RMOJDRGR4,3,flip_axis0,x4,valid,,,"(1, 128, 14, 14, 10)",268,392
2XL5HSFSE93RMOJDRGR4,3,flip_axis1,x2,valid,,,"(1, 32, 56, 56, 40)",6487,7699
2XL5HSFSE93RMOJDRGR4,3,flip_axis1,x3,valid,,,"(1, 64, 28, 28, 20)",1406,1896
2XL5HSFSE93RMOJDRGR4,3,flip_axis1,x4,valid,,,"(1, 128, 14, 14, 10)",287,471
2XL5HSFSE93RMOJDRGR4,3,rot90_axes01,x2,valid,,,"(1, 32, 56, 56, 40)",6487,7699
2XL5HSFSE93RMOJDRGR4,3,rot90_axes01,x3,valid,,,"(1, 64, 28, 28, 20)",1406,1896
2XL5HSFSE93RMOJDRGR4,3,rot90_axes01,x4,valid,,,"(1, 128, 14, 14, 10)",287,471
38CWS74285MFGZZXR09Z,1,identity,x2,valid,,,"(1, 32, 56, 56, 40)",5738,6678
38CWS74285MFGZZXR09Z,1,identity,x3,valid,,,"(1, 64, 28, 28, 20)",1228,1694
38CWS74285MFGZZXR09Z,1,identity,x4,valid,,,"(1, 128, 14, 14, 10)",236,455
38CWS74285MFGZZXR09Z,1,flip_axis0,x2,valid,,,"(1, 32, 56, 56, 40)",5811,6749
38CWS74285MFGZZXR09Z,1,flip_axis0,x3,valid,,,"(1, 64, 28, 28, 20)",1271,1740
38CWS74285MFGZZXR09Z,1,flip_axis0,x4,valid,,,"(1, 128, 14, 14, 10)",249,475
38CWS74285MFGZZXR09Z,1,flip_axis1,x2,valid,,,"(1, 32, 56, 56, 40)",5787,6712
38CWS74285MFGZZXR09Z,1,flip_axis1,x3,valid,,,"(1, 64, 28, 28, 20)",1243,1706
38CWS74285MFGZZXR09Z,1,flip_axis1,x4,valid,,,"(1, 128, 14, 14, 10)",226,451
38CWS74285MFGZZXR09Z,1,rot90_axes01,x2,valid,,,"(1, 32, 56, 56, 40)",5787,6712
38CWS74285MFGZZXR09Z,1,rot90_axes01,x3,valid,,,"(1, 64, 28, 28, 20)",1243,1706
38CWS74285MFGZZXR09Z,1,rot90_axes01,x4,valid,,,"(1, 128, 14, 14, 10)",226,451
38CWS74285MFGZZXR09Z,2,identity,x2,valid,,,"(1, 32, 56, 56, 40)",5781,6730
38CWS74285MFGZZXR09Z,2,identity,x3,valid,,,"(1, 64, 28, 28, 20)",1248,1717
38CWS74285MFGZZXR09Z,2,identity,x4,valid,,,"(1, 128, 14, 14, 10)",234,445
38CWS74285MFGZZXR09Z,2,flip_axis0,x2,valid,,,"(1, 32, 56, 56, 40)",5840,6808
38CWS74285MFGZZXR09Z,2,flip_axis0,x3,valid,,,"(1, 64, 28, 28, 20)",1287,1769
38CWS74285MFGZZXR09Z,2,flip_axis0,x4,valid,,,"(1, 128, 14, 14, 10)",252,466
38CWS74285MFGZZXR09Z,2,flip_axis1,x2,valid,,,"(1, 32, 56, 56, 40)",5815,6761
38CWS74285MFGZZXR09Z,2,flip_axis1,x3,valid,,,"(1, 64, 28, 28, 20)",1256,1735
38CWS74285MFGZZXR09Z,2,flip_axis1,x4,valid,,,"(1, 128, 14, 14, 10)",236,451
38CWS74285MFGZZXR09Z,2,rot90_axes01,x2,valid,,,"(1, 32, 56, 56, 40)",5815,6761
38CWS74285MFGZZXR09Z,2,rot90_axes01,x3,valid,,,"(1, 64, 28, 28, 20)",1256,1735
38CWS74285MFGZZXR09Z,2,rot90_axes01,x4,valid,,,"(1, 128, 14, 14, 10)",236,451
38CWS74285MFGZZXR09Z,3,identity,x2,valid,,,"(1, 32, 56, 56, 40)",3650,4551
38CWS74285MFGZZXR09Z,3,identity,x3,valid,,,"(1, 64, 28, 28, 20)",780,1231
38CWS74285MFGZZXR09Z,3,identity,x4,valid,,,"(1, 128, 14, 14, 10)",147,344
38CWS74285MFGZZXR09Z,3,flip_axis0,x2,valid,,,"(1, 32, 56, 56, 40)",3705,4618
38CWS74285MFGZZXR09Z,3,flip_axis0,x3,valid,,,"(1, 64, 28, 28, 20)",823,1281
38CWS74285MFGZZXR09Z,3,flip_axis0,x4,valid,,,"(1, 128, 14, 14, 10)",163,371
38CWS74285MFGZZXR09Z,3,flip_axis1,x2,valid,,,"(1, 32, 56, 56, 40)",3663,4561
38CWS74285MFGZZXR09Z,3,flip_axis1,x3,valid,,,"(1, 64, 28, 28, 20)",780,1223
38CWS74285MFGZZXR09Z,3,flip_axis1,x4,valid,,,"(1, 128, 14, 14, 10)",143,342
38CWS74285MFGZZXR09Z,3,rot90_axes01,x2,valid,,,"(1, 32, 56, 56, 40)",3663,4561
38CWS74285MFGZZXR09Z,3,rot90_axes01,x3,valid,,,"(1, 64, 28, 28, 20)",780,1223
38CWS74285MFGZZXR09Z,3,rot90_axes01,x4,valid,,,"(1, 128, 14, 14, 10)",143,342
