layer,mode,n_cases,channels,component,explained_variance_ratio,cumulative_explained_variance
x2,centered_pca,8,32,1,0.47388723253367376,0.47388723253367376
x2,centered_pca,8,32,2,0.2592121680342452,0.733099400567919
x2,centered_pca,8,32,3,0.14025264321872882,0.8733520437866478
x2,centered_pca,8,32,4,0.07872938869910756,0.9520814324857554
x2,centered_pca,8,32,5,0.025570283035280878,0.9776517155210362
x2,centered_pca,8,32,6,0.019493818297050554,0.9971455338180868
x2,centered_pca,8,32,7,0.002854466181913157,1.0
x2,uncentered_svd,8,32,1,0.916898294404196,0.916898294404196
x2,uncentered_svd,8,32,2,0.03940218526893394,0.9563004796731299
x2,uncentered_svd,8,32,3,0.021545800911150874,0.9778462805842808
x2,uncentered_svd,8,32,4,0.011655763429902466,0.9895020440141833
x2,uncentered_svd,8,32,5,0.006519081618641829,0.9960211256328251
x2,uncentered_svd,8,32,6,0.0021278155234671636,0.9981489411562923
x2,uncentered_svd,8,32,7,0.0016162632335136081,0.9997652043898059
x2,uncentered_svd,8,32,8,0.00023479561019410837,1.0
x3,centered_pca,8,64,1,0.3707674907570827,0.3707674907570827
x3,centered_pca,8,64,2,0.20933350461110867,0.5801009953681914
x3,centered_pca,8,64,3,0.140137244055298,0.7202382394234894
x3,centered_pca,8,64,4,0.13027868644542653,0.8505169258689159
x3,centered_pca,8,64,5,0.07977363278472122,0.9302905586536372
x3,centered_pca,8,64,6,0.05213798338351757,0.9824285420371548
x3,centered_pca,8,64,7,0.01757145796284526,1.0
x3,uncentered_svd,8,64,1,0.9320807136466905,0.9320807136466905
x3,uncentered_svd,8,64,2,0.02520148005603104,0.9572821937027216
x3,uncentered_svd,8,64,3,0.01422857567868145,0.971510769381403
x3,uncentered_svd,8,64,4,0.009500613264229154,0.9810113826456321
x3,uncentered_svd,8,64,5,0.008845456575079593,0.9898568392207118
x3,uncentered_svd,8,64,6,0.005409068323768787,0.9952659075444805
x3,uncentered_svd,8,64,7,0.003539906733698243,0.9988058142781787
x3,uncentered_svd,8,64,8,0.0011941857218212037,0.9999999999999999
x4,centered_pca,8,128,1,0.37590023206256556,0.37590023206256556
x4,centered_pca,8,128,2,0.17762363989004346,0.553523871952609
x4,centered_pca,8,128,3,0.17034174097462354,0.7238656129272325
x4,centered_pca,8,128,4,0.09904071119757028,0.8229063241248028
x4,centered_pca,8,128,5,0.085021448937052,0.9079277730618548
x4,centered_pca,8,128,6,0.06615553208326105,0.9740833051451159
x4,centered_pca,8,128,7,0.02591669485488414,1.0
x4,uncentered_svd,8,128,1,0.8782057773361713,0.8782057773361713
x4,uncentered_svd,8,128,2,0.04573433913013214,0.9239401164663035
x4,uncentered_svd,8,128,3,0.02168233887869884,0.9456224553450023
x4,uncentered_svd,8,128,4,0.02076888222043568,0.966391337565438
x4,uncentered_svd,8,128,5,0.012071054037811117,0.9784623916032492
x4,uncentered_svd,8,128,6,0.010371903765844181,0.9888342953690934
x4,uncentered_svd,8,128,7,0.007997476434217941,0.9968317718033113
x4,uncentered_svd,8,128,8,0.0031682281966887815,1.0
