layer,scope,metric,source,topk_ratio,k,n_cases,n_observations,n_defined,n_undefined,mean,std,median,ci95_low,ci95_high,ci_method
x2,cross_case,signed_cosine,real,,,8,28,28,0,0.904891840664454,0.040399149611368965,0.905635285758656,0.8834523931608136,0.9310546018243949,case_bootstrap_offdiagonal_mean
x2,cross_case,signed_cosine,channel_shuffle,,,8,5600,5600,0,0.3571175072568632,0.12447347735532813,0.35525255989011795,0.31012822615737307,0.4021777828543814,case_bootstrap_offdiagonal_mean
x2,cross_case,signed_cosine,real_minus_shuffle,,,8,28,28,0,0.5477743334075911,0.0559586448446365,0.5413128931420805,0.5113650319621446,0.5951680434710775,case_bootstrap_offdiagonal_mean
x2,cross_case,spearman_abs_d,real,,,8,28,28,0,0.6268721198156681,0.13113642339295142,0.5901759530791788,0.5567672578978939,0.7197512112711971,case_bootstrap_offdiagonal_mean
x2,cross_case,topk_jaccard,real,0.125,4,8,28,28,0,0.36598639455782317,0.15228373964226635,0.3333333333333333,0.24988662131519274,0.49206349206349204,case_bootstrap_offdiagonal_mean
x2,cross_case,topk_jaccard,random_subsets,0.125,4,8,5000,5000,0,0.07388761904761904,0.09927671890733901,0.0,0.07120171428571428,0.07678114285714284,iid_random_draw_bootstrap_mean
x2,cross_case,topk_jaccard,real_minus_random,0.125,4,8,28,28,0,0.2920987755102041,0.15228373964226632,0.2594457142857143,0.1759990022675737,0.41817587301587295,case_bootstrap_fixed_MC_null_mean
x2,cross_case,topk_jaccard,real,0.25,8,8,28,28,0,0.4473970473970473,0.1550885542848836,0.45454545454545453,0.3509289821289821,0.5662022397891963,case_bootstrap_offdiagonal_mean
x2,cross_case,topk_jaccard,random_subsets,0.25,8,8,5000,5000,0,0.15003320679320678,0.09153158026865392,0.14285714285714285,0.14749289643689645,0.152469010989011,iid_random_draw_bootstrap_mean
x2,cross_case,topk_jaccard,real_minus_random,0.25,8,8,28,28,0,0.2973638406038406,0.1550885542848836,0.3045122477522477,0.20089577533577535,0.4161690329959895,case_bootstrap_fixed_MC_null_mean
x3,cross_case,signed_cosine,real,,,8,28,28,0,0.922318149521076,0.023567993585774057,0.9232325681205373,0.9069041090371802,0.9365000829564021,case_bootstrap_offdiagonal_mean
x3,cross_case,signed_cosine,channel_shuffle,,,8,5600,5600,0,0.06235821267633865,0.1199684960262692,0.06297483037920373,0.045991810617864344,0.07916799661306458,case_bootstrap_offdiagonal_mean
x3,cross_case,signed_cosine,real_minus_shuffle,,,8,28,28,0,0.8599599368447375,0.03126385981093556,0.8629113370194259,0.8362652802478859,0.8831429866519825,case_bootstrap_offdiagonal_mean
x3,cross_case,spearman_abs_d,real,,,8,28,28,0,0.7248675431711146,0.07921076158579352,0.7324404761904761,0.6731063511141637,0.770288344468032,case_bootstrap_offdiagonal_mean
x3,cross_case,topk_jaccard,real,0.125,8,8,28,28,0,0.5793650793650793,0.14759266781625502,0.6,0.4828238910847606,0.7025252525252524,case_bootstrap_offdiagonal_mean
x3,cross_case,topk_jaccard,random_subsets,0.125,8,8,5000,5000,0,0.07015741591741592,0.06558814448816705,0.06666666666666667,0.06832166933066933,0.07205711588411587,iid_random_draw_bootstrap_mean
x3,cross_case,topk_jaccard,real_minus_random,0.125,8,8,28,28,0,0.5092076634476633,0.14759266781625502,0.529842584082584,0.4126664751673446,0.6323678366078366,case_bootstrap_fixed_MC_null_mean
x3,cross_case,topk_jaccard,real,0.25,16,8,28,28,0,0.5495063651977677,0.08609252780004915,0.5238095238095238,0.5056728942918468,0.5950394748399325,case_bootstrap_offdiagonal_mean
x3,cross_case,topk_jaccard,random_subsets,0.25,16,8,5000,5000,0,0.14535053849193189,0.06341329023430922,0.14285714285714285,0.1436316289687614,0.14711530502917824,iid_random_draw_bootstrap_mean
x3,cross_case,topk_jaccard,real_minus_random,0.25,16,8,28,28,0,0.40415582670583566,0.08609252780004914,0.3784589853175919,0.36032235579991484,0.4496889363480006,case_bootstrap_fixed_MC_null_mean
x4,cross_case,signed_cosine,real,,,8,28,28,0,0.8602880138435948,0.0475895049089766,0.872051309009012,0.828076549027551,0.8975644140043963,case_bootstrap_offdiagonal_mean
x4,cross_case,signed_cosine,channel_shuffle,,,8,5600,5600,0,0.04193806433254724,0.08677402237236184,0.042100377291856755,0.024403842907822958,0.06298838559705781,case_bootstrap_offdiagonal_mean
x4,cross_case,signed_cosine,real_minus_shuffle,,,8,28,28,0,0.8183499495110477,0.04647917737790167,0.8301338338355264,0.7839594680345467,0.853365101742034,case_bootstrap_offdiagonal_mean
x4,cross_case,spearman_abs_d,real,,,8,28,28,0,0.63867161953593,0.08434885684658545,0.6336179271195752,0.5780338954407747,0.7150843767167185,case_bootstrap_offdiagonal_mean
x4,cross_case,topk_jaccard,real,0.125,16,8,28,28,0,0.5096282962252233,0.09861209009396145,0.5238095238095238,0.44076100905453025,0.5960214435958143,case_bootstrap_offdiagonal_mean
x4,cross_case,topk_jaccard,random_subsets,0.125,16,8,5000,5000,0,0.0681311215401004,0.045491027914023485,0.06666666666666667,0.06694177788090869,0.06933821488371966,iid_random_draw_bootstrap_mean
x4,cross_case,topk_jaccard,real_minus_random,0.125,16,8,28,28,0,0.4414971746851229,0.09861209009396148,0.45567840226942347,0.3726298875144299,0.527890322055714,case_bootstrap_fixed_MC_null_mean
x4,cross_case,topk_jaccard,real,0.25,32,8,28,28,0,0.5216555226636453,0.10173567276778182,0.5238095238095238,0.45575858816925185,0.5926281060172155,case_bootstrap_offdiagonal_mean
x4,cross_case,topk_jaccard,random_subsets,0.25,32,8,5000,5000,0,0.14430086060351052,0.04415901974562715,0.14285714285714285,0.1430701941213976,0.14550905291471058,iid_random_draw_bootstrap_mean
x4,cross_case,topk_jaccard,real_minus_random,0.25,32,8,28,28,0,0.37735466206013485,0.10173567276778182,0.3795086632060133,0.3114577275657413,0.44832724541370494,case_bootstrap_fixed_MC_null_mean
x2,intra_sample_augmentation,topk_jaccard,real,0.125,4,8,144,144,0,0.4937830687830689,0.2584873713441816,0.3333333333333333,0.40793650793650793,0.6030489417989418,case_cluster_bootstrap_mean
x2,intra_sample_augmentation,spearman_abs_d,real,,,8,144,144,0,0.8297949250570218,0.11872649636995959,0.8695014662756598,0.7843217965949821,0.8739800347222222,case_cluster_bootstrap_mean
x2,intra_sample_augmentation,signed_cosine,real,,,8,144,144,0,0.9660764752664015,0.030681624011783613,0.9820998536290257,0.9537506581312248,0.978104920140117,case_cluster_bootstrap_mean
x2,intra_sample_augmentation,topk_jaccard,real,0.25,8,8,144,144,0,0.5726868810202144,0.16828571411772628,0.6,0.5064666352166353,0.6400146612646611,case_cluster_bootstrap_mean
x3,intra_sample_augmentation,topk_jaccard,real,0.125,8,8,144,144,0,0.6386039886039886,0.14870492991191564,0.6,0.579162134162134,0.6916666666666667,case_cluster_bootstrap_mean
x3,intra_sample_augmentation,spearman_abs_d,real,,,8,144,144,0,0.8517752213064712,0.05051428825618381,0.8548534798534798,0.8358725389194139,0.8661907464641838,case_cluster_bootstrap_mean
x3,intra_sample_augmentation,signed_cosine,real,,,8,144,144,0,0.9622276160954613,0.01468843432607648,0.9638384552441263,0.95647032868769,0.9672634034318341,case_cluster_bootstrap_mean
x3,intra_sample_augmentation,topk_jaccard,real,0.25,16,8,144,144,0,0.6586103677692944,0.10423093216828308,0.6842105263157895,0.6277590195656501,0.6911276641172153,case_cluster_bootstrap_mean
x4,intra_sample_augmentation,topk_jaccard,real,0.125,16,8,144,144,0,0.4941757781727271,0.11130316809850366,0.45454545454545453,0.45418211869775565,0.5271850126524038,case_cluster_bootstrap_mean
x4,intra_sample_augmentation,spearman_abs_d,real,,,8,144,144,0,0.6884270677557021,0.0868395350054562,0.6855286348654093,0.6732555516770434,0.7008330843694047,case_cluster_bootstrap_mean
x4,intra_sample_augmentation,signed_cosine,real,,,8,144,144,0,0.8930858333282006,0.03840918379947884,0.8942970444616579,0.8840678145299782,0.9014942966556069,case_cluster_bootstrap_mean
x4,intra_sample_augmentation,topk_jaccard,real,0.25,32,8,144,144,0,0.5433614077754998,0.09754701013394501,0.5238095238095238,0.5167036878696328,0.5682817459173687,case_cluster_bootstrap_mean
